product_id,product_name,category,subcategory,series,style,pattern,has_images,image_files,has_pdf_page,pdf_file,base_price
12,10K Cross,crosses,10k_crosses,NULL,NULL,NULL,0,no images found,1,page_23A.pdf,NULL
26,10K Cross,crosses,10k_crosses,NULL,NULL,NULL,0,no images found,1,page_23A.pdf,NULL
30,10K Cross,crosses,10k_crosses,NULL,NULL,NULL,1,accessories_php/thumbs/images/Crosses_and_Lockets/30.png,1,page_23A.pdf,NULL
33,10K Cross,crosses,10k_crosses,NULL,NULL,NULL,0,no images found,1,page_23A.pdf,NULL
34,10K Cross,crosses,10k_crosses,NULL,NULL,NULL,0,no images found,1,page_23A.pdf,NULL
35,10K Cross,crosses,10k_crosses,NULL,NULL,NULL,0,no images found,1,page_23A.pdf,NULL
38,10K Cross,crosses,10k_crosses,NULL,NULL,NULL,0,no images found,1,page_23b.pdf,NULL
45,10K Cross,crosses,10k_crosses,NULL,NULL,NULL,0,no images found,1,page_23b.pdf,NULL
50,10K Cross,crosses,10k_crosses,NULL,NULL,NULL,0,no images found,1,page_23b.pdf,NULL
51,10K Cross,crosses,10k_crosses,NULL,NULL,NULL,0,no images found,1,page_23b.pdf,NULL
93,10K Cross,crosses,10k_crosses,NULL,NULL,NULL,0,no images found,1,page_23A.pdf,NULL
97,10K Cross,crosses,10k_crosses,NULL,NULL,NULL,0,no images found,1,page_23A.pdf,NULL
100,10K Cross,crosses,10k_crosses,NULL,NULL,NULL,0,no images found,1,page_23A.pdf,NULL
102,10K Cross,crosses,10k_crosses,NULL,NULL,NULL,0,no images found,1,page_23b.pdf,NULL
104,10K Cross,crosses,10k_crosses,NULL,NULL,NULL,0,no images found,1,page_23A.pdf,NULL
106,10K Cross,crosses,10k_crosses,NULL,NULL,NULL,0,no images found,1,page_23A.pdf,NULL
108N,10K Cross,crosses,10k_crosses,NULL,NULL,NULL,0,no images found,1,page_23b.pdf,NULL
43CD,10K Cross Cubic Diamond,crosses,10k_crosses,NULL,NULL,NULL,0,no images found,1,page_23b.pdf,NULL
33C,10K Cross Cubic Zirconia,crosses,10k_crosses,NULL,NULL,NULL,0,no images found,1,page_23A.pdf,NULL
34C,10K Cross Cubic Zirconia,crosses,10k_crosses,NULL,NULL,NULL,0,no images found,1,page_23A.pdf,NULL
35C,10K Cross Cubic Zirconia,crosses,10k_crosses,NULL,NULL,NULL,0,no images found,1,page_23A.pdf,NULL
36C,10K Cross Cubic Zirconia,crosses,10k_crosses,NULL,NULL,NULL,0,no images found,1,page_23b.pdf,NULL
38C,10K Cross Cubic Zirconia,crosses,10k_crosses,NULL,NULL,NULL,0,no images found,1,page_23b.pdf,NULL
52C,10K Cross Cubic Zirconia,crosses,10k_crosses,NULL,NULL,NULL,0,no images found,1,page_23b.pdf,NULL
93C,10K Cross Cubic Zirconia,crosses,10k_crosses,NULL,NULL,NULL,0,no images found,1,page_23A.pdf,NULL
107C,10K Cross Cubic Zirconia,crosses,10k_crosses,NULL,NULL,NULL,0,no images found,1,page_23b.pdf,NULL
108C,10K Cross Cubic Zirconia,crosses,10k_crosses,NULL,NULL,NULL,0,no images found,1,page_23b.pdf,NULL
12D,10K Cross Diamond,crosses,10k_crosses,NULL,NULL,NULL,0,no images found,1,page_23A.pdf,NULL
26D,10K Cross Diamond,crosses,10k_crosses,NULL,NULL,NULL,0,no images found,1,page_23A.pdf,NULL
51D,10K Cross Diamond,crosses,10k_crosses,NULL,NULL,NULL,0,no images found,1,page_23b.pdf,NULL
97D,10K Cross Diamond,crosses,10k_crosses,NULL,NULL,NULL,0,no images found,1,page_23A.pdf,NULL
100D,10K Cross Diamond,crosses,10k_crosses,NULL,NULL,NULL,0,no images found,1,page_23A.pdf,NULL
104D,10K Cross Diamond,crosses,10k_crosses,NULL,NULL,NULL,0,no images found,1,page_23b.pdf,NULL
106D,10K Cross Diamond,crosses,10k_crosses,NULL,NULL,NULL,0,no images found,1,page_23b.pdf,NULL
12E,10K Cross Engraved,crosses,10k_crosses,NULL,NULL,NULL,0,no images found,1,page_23A.pdf,NULL
26E,10K Cross Engraved,crosses,10k_crosses,NULL,NULL,NULL,0,no images found,1,page_23A.pdf,NULL
33E,10K Cross Engraved,crosses,10k_crosses,NULL,NULL,NULL,0,no images found,1,page_23A.pdf,NULL
97E,10K Cross Engraved,crosses,10k_crosses,NULL,NULL,NULL,1,accessories_php/thumbs/images/Crosses_and_Lockets/97E.png,1,page_23A.pdf,NULL
100E,10K Cross Engraved,crosses,10k_crosses,NULL,NULL,NULL,0,no images found,1,page_23A.pdf,NULL
102E,10K Cross Engraved,crosses,10k_crosses,NULL,NULL,NULL,0,no images found,1,page_23A.pdf,NULL
104E,10K Cross Engraved,crosses,10k_crosses,NULL,NULL,NULL,0,no images found,1,page_23b.pdf,NULL
106E,10K Cross Engraved,crosses,10k_crosses,NULL,NULL,NULL,0,no images found,1,page_23b.pdf,NULL
38P,10K Cross Polished,crosses,10k_crosses,NULL,NULL,NULL,0,no images found,1,page_23b.pdf,NULL
51P,10K Cross Polished,crosses,10k_crosses,NULL,NULL,NULL,0,no images found,1,page_23b.pdf,NULL
51PD,10K Cross Polished Diamond,crosses,10k_crosses,NULL,NULL,NULL,0,no images found,1,page_23b.pdf,NULL
101S,10K Cross Small,crosses,10k_crosses,NULL,NULL,NULL,0,no images found,1,page_23A.pdf,NULL
CH14,Celtic Band,crosses,NULL,NULL,NULL,NULL,1,accessories_php/thumbs/images/Pendant_earrings/CH14.png,0,celtic.pdf,NULL
105,Cross,crosses,10k_crosses,NULL,NULL,NULL,0,no images found,1,page_18a.pdf,NULL
111,Cross,crosses,10k_crosses,NULL,NULL,NULL,0,no images found,1,page_18a.pdf,NULL
113,Cross,crosses,10k_crosses,NULL,NULL,NULL,0,no images found,1,page_18a.pdf,NULL
29U,Jewelry Item,crosses,NULL,NULL,NULL,NULL,1,accessories_php/thumbs/images/Crosses_and_Lockets/29U.png,0,page_17a.pdf,NULL
3NB,Jewelry Item,crosses,NULL,NULL,NULL,NULL,1,accessories_php/thumbs/images/Crosses_and_Lockets/3NB.png,0,page_17a.pdf,NULL
3NH,Jewelry Item,crosses,NULL,NULL,NULL,NULL,1,accessories_php/thumbs/images/Crosses_and_Lockets/3NH.png,0,page_17a.pdf,NULL
5NB,Jewelry Item,crosses,NULL,NULL,NULL,NULL,1,accessories_php/thumbs/images/Crosses_and_Lockets/5NB.png,0,page_17a.pdf,NULL
5ND,Jewelry Item,crosses,NULL,NULL,NULL,NULL,1,accessories_php/thumbs/images/Crosses_and_Lockets/5ND.png,0,page_17a.pdf,NULL
5NH,Jewelry Item,crosses,NULL,NULL,NULL,NULL,1,accessories_php/thumbs/images/Crosses_and_Lockets/5NH.png,0,page_17a.pdf,NULL
7ND,Jewelry Item,crosses,NULL,NULL,NULL,NULL,1,accessories_php/thumbs/images/Crosses_and_Lockets/7ND.png,0,page_17a.pdf,NULL
7NH,Jewelry Item,crosses,NULL,NULL,NULL,NULL,1,accessories_php/thumbs/images/Crosses_and_Lockets/7NH.png,0,page_17a.pdf,NULL
8NB,Jewelry Item,crosses,NULL,NULL,NULL,NULL,1,accessories_php/thumbs/images/Crosses_and_Lockets/8NB.png,0,page_17a.pdf,NULL
8ND,Jewelry Item,crosses,NULL,NULL,NULL,NULL,1,accessories_php/thumbs/images/Crosses_and_Lockets/8ND.png,0,page_17a.pdf,NULL
8NH,Jewelry Item,crosses,NULL,NULL,NULL,NULL,1,accessories_php/thumbs/images/Crosses_and_Lockets/8NH.png,0,page_17a.pdf,NULL
L26,Jewelry Item,crosses,NULL,NULL,NULL,NULL,1,accessories_php/thumbs/images/Crosses_and_Lockets/L26.png,0,page_23A.pdf,NULL
L27,Jewelry Item,crosses,NULL,NULL,NULL,NULL,1,accessories_php/thumbs/images/Crosses_and_Lockets/L27.png,0,page_23A.pdf,NULL
PH7,Jewelry Item,crosses,NULL,NULL,NULL,NULL,1,accessories_php/thumbs/images/Pendant_earrings/PH7.png,0,page_23A.pdf,NULL
41NB,Jewelry Item,crosses,NULL,NULL,NULL,NULL,1,accessories_php/thumbs/images/Crosses_and_Lockets/41NB.png,0,page_17a.pdf,NULL
41ND,Jewelry Item,crosses,NULL,NULL,NULL,NULL,1,accessories_php/thumbs/images/Crosses_and_Lockets/41ND.png,0,page_17a.pdf,NULL
41NH,Jewelry Item,crosses,NULL,NULL,NULL,NULL,1,accessories_php/thumbs/images/Crosses_and_Lockets/41NH.png,0,page_17a.pdf,NULL
70NB,Jewelry Item,crosses,NULL,NULL,NULL,NULL,1,accessories_php/thumbs/images/Crosses_and_Lockets/70NB.png,0,page_17a.pdf,NULL
70ND,Jewelry Item,crosses,NULL,NULL,NULL,NULL,1,accessories_php/thumbs/images/Crosses_and_Lockets/70ND.png,0,page_17a.pdf,NULL
UN1E,Jewelry Item,crosses,NULL,NULL,NULL,NULL,1,accessories_php/thumbs/images/Pendant_earrings/UN1E.png,0,page_23A.pdf,NULL
UN2E,Jewelry Item,crosses,NULL,NULL,NULL,NULL,1,accessories_php/thumbs/images/Pendant_earrings/UN2E.png,0,page_23A.pdf,NULL
UN2P,Jewelry Item,crosses,NULL,NULL,NULL,NULL,1,accessories_php/thumbs/images/Pendant_earrings/UN2P.png,0,page_23A.pdf,NULL
UN3P,Jewelry Item,crosses,NULL,NULL,NULL,NULL,1,accessories_php/thumbs/images/Pendant_earrings/UN3P.png,0,page_23A.pdf,NULL
UN4P,Jewelry Item,crosses,NULL,NULL,NULL,NULL,1,accessories_php/thumbs/images/Pendant_earrings/UN4P.png,0,page_23A.pdf,NULL
UN4LP,Jewelry Item,crosses,NULL,NULL,NULL,NULL,1,accessories_php/thumbs/images/Pendant_earrings/UN4LP.png,0,page_23A.pdf,NULL
UN1P_chain,Jewelry Item,crosses,NULL,NULL,NULL,NULL,1,accessories_php/thumbs/images/Pendant_earrings/UN1P_chain.png,0,page_23A.pdf,NULL
B7GA,10K Bracelet Locket A,lockets,10k_lockets,NULL,NULL,NULL,0,no images found,1,page_21c.pdf,NULL
B70GA,10K Bracelet Locket A,lockets,10k_lockets,NULL,NULL,NULL,0,no images found,1,page_21c.pdf,NULL
B7GB,10K Bracelet Locket B,lockets,10k_lockets,NULL,NULL,NULL,0,no images found,1,page_21c.pdf,NULL
B70GB,10K Bracelet Locket B,lockets,10k_lockets,NULL,NULL,NULL,0,no images found,1,page_21c.pdf,NULL
B7GC,10K Bracelet Locket C,lockets,10k_lockets,NULL,NULL,NULL,0,no images found,1,page_21c.pdf,NULL
B70GC,10K Bracelet Locket C,lockets,10k_lockets,NULL,NULL,NULL,0,no images found,1,page_21c.pdf,NULL
2LTG,10K Ladies Locket,lockets,10k_lockets,NULL,NULL,NULL,0,no images found,1,page_21d.pdf,NULL
L70G,10K Ladies Locket,lockets,10k_lockets,NULL,NULL,NULL,0,no images found,1,page_21d.pdf,NULL
L7TG,10K Ladies Locket,lockets,10k_lockets,NULL,NULL,NULL,1,accessories_php/thumbs/images/Crosses_and_Lockets/L7TG.png,1,page_21a.pdf,NULL
L26TG,10K Ladies Locket,lockets,10k_lockets,NULL,NULL,NULL,1,accessories_php/thumbs/images/Crosses_and_Lockets/L26TG.png,1,page_21a.pdf,NULL
L7TFG,10K Ladies Locket,lockets,10k_lockets,NULL,NULL,NULL,0,no images found,1,page_21b.pdf,NULL
L3GA,10K Ladies Locket A,lockets,10k_lockets,NULL,NULL,NULL,0,no images found,1,page_21d.pdf,NULL
L7TGA,10K Ladies Locket A,lockets,10k_lockets,NULL,NULL,NULL,1,accessories_php/thumbs/images/Crosses_and_Lockets/L7TGA.png,1,page_21a.pdf,NULL
L3GB,10K Ladies Locket B,lockets,10k_lockets,NULL,NULL,NULL,0,no images found,1,page_21d.pdf,NULL
L3GC,10K Ladies Locket C,lockets,10k_lockets,NULL,NULL,NULL,0,no images found,1,page_21d.pdf,NULL
L7TGD,10K Ladies Locket Diamond,lockets,10k_lockets,NULL,NULL,NULL,1,accessories_php/thumbs/images/Crosses_and_Lockets/L7TGD.png,1,page_21a.pdf,NULL
2TG,10K Locket,lockets,10k_lockets,NULL,NULL,NULL,0,no images found,1,page_21d.pdf,NULL
3TG,10K Locket,lockets,10k_lockets,NULL,NULL,NULL,0,no images found,1,page_21b.pdf,NULL
8TG,10K Locket,lockets,10k_lockets,NULL,NULL,NULL,0,no images found,1,page_21a.pdf,NULL
9BG,10K Locket,lockets,10k_lockets,NULL,NULL,NULL,0,no images found,1,page_21a.pdf,NULL
11TG,10K Locket,lockets,10k_lockets,NULL,NULL,NULL,0,no images found,1,page_21a.pdf,NULL
12TG,10K Locket,lockets,10k_lockets,NULL,NULL,NULL,0,no images found,1,page_21d.pdf,NULL
21TG,10K Locket,lockets,10k_lockets,NULL,NULL,NULL,1,accessories_php/thumbs/images/Crosses_and_Lockets/21TG.png,1,page_21a.pdf,NULL
30TG,10K Locket,lockets,10k_lockets,NULL,NULL,NULL,0,no images found,1,page_21a.pdf,NULL
3TFG,10K Locket,lockets,10k_lockets,NULL,NULL,NULL,0,no images found,1,page_21b.pdf,NULL
10TGA,10K Locket,lockets,10k_lockets,NULL,NULL,NULL,1,accessories_php/thumbs/images/Crosses_and_Lockets/10TGA.png,1,page_21a.pdf,NULL
3TGA,10K Locket A,lockets,10k_lockets,NULL,NULL,NULL,0,no images found,1,page_21b.pdf,NULL
5TGA,10K Locket A,lockets,10k_lockets,NULL,NULL,NULL,0,no images found,1,page_21d.pdf,NULL
6TGA,10K Locket A,lockets,10k_lockets,NULL,NULL,NULL,0,no images found,1,page_21d.pdf,NULL
9TGA,10K Locket A,lockets,10k_lockets,NULL,NULL,NULL,0,no images found,1,page_21b.pdf,NULL
13TGA,10K Locket A,lockets,10k_lockets,NULL,NULL,NULL,0,no images found,1,page_21a.pdf,NULL
21TGA,10K Locket A,lockets,10k_lockets,NULL,NULL,NULL,1,accessories_php/thumbs/images/Crosses_and_Lockets/21TGA.png,1,page_21a.pdf,NULL
29TGA,10K Locket A,lockets,10k_lockets,NULL,NULL,NULL,1,accessories_php/thumbs/images/Crosses_and_Lockets/29TGA.png,1,page_21a.pdf,NULL
30TGA,10K Locket A,lockets,10k_lockets,NULL,NULL,NULL,1,accessories_php/thumbs/images/Crosses_and_Lockets/30TGA.png,1,page_21d.pdf,NULL
70TGA,10K Locket A,lockets,10k_lockets,NULL,NULL,NULL,0,no images found,1,page_21b.pdf,NULL
9TGB,10K Locket B,lockets,10k_lockets,NULL,NULL,NULL,0,no images found,1,page_21b.pdf,NULL
10TGD,10K Locket Diamond,lockets,10k_lockets,NULL,NULL,NULL,0,no images found,1,page_21a.pdf,NULL
13TGD,10K Locket Diamond,lockets,10k_lockets,NULL,NULL,NULL,0,no images found,1,page_21a.pdf,NULL
29TGD,10K Locket Diamond,lockets,10k_lockets,NULL,NULL,NULL,0,no images found,1,page_21a.pdf,NULL
70TGD,10K Locket Diamond,lockets,10k_lockets,NULL,NULL,NULL,1,accessories_php/thumbs/images/Crosses_and_Lockets/70TGD.png,1,page_21a.pdf,NULL
8TGE,10K Locket Engraved,lockets,10k_lockets,NULL,NULL,NULL,0,no images found,1,page_21a.pdf,NULL
10TGE,10K Locket Engraved,lockets,10k_lockets,NULL,NULL,NULL,0,no images found,1,page_21a.pdf,NULL
29TGE,10K Locket Engraved,lockets,10k_lockets,NULL,NULL,NULL,0,no images found,1,page_21a.pdf,NULL
70TGE,10K Locket Engraved,lockets,10k_lockets,NULL,NULL,NULL,1,accessories_php/thumbs/images/Crosses_and_Lockets/70TGE.png,1,page_21b.pdf,NULL
70TGM,10K Locket M,lockets,10k_lockets,NULL,NULL,NULL,0,no images found,1,page_21b.pdf,NULL
70TGN,10K Locket N,lockets,10k_lockets,NULL,NULL,NULL,0,no images found,1,page_21b.pdf,NULL
M2TG,10K Mens Locket,lockets,10k_lockets,NULL,NULL,NULL,0,no images found,1,page_21a.pdf,NULL
M3TG,10K Mens Locket,lockets,10k_lockets,NULL,NULL,NULL,1,accessories_php/thumbs/images/Crosses_and_Lockets/M3TG.png,1,page_21a.pdf,NULL
M2TGD,10K Mens Locket Diamond,lockets,10k_lockets,NULL,NULL,NULL,0,no images found,1,page_21a.pdf,NULL
CEL,Locket (Ladies),lockets,10k_lockets,NULL,NULL,NULL,0,no images found,1,page_21a.pdf,NULL
3COL,Locket (Ladies),lockets,10k_lockets,NULL,NULL,NULL,0,no images found,1,page_21a.pdf,NULL
4COL,Locket (Ladies),lockets,10k_lockets,NULL,NULL,NULL,0,no images found,1,page_21a.pdf,NULL
7COL,Locket (Ladies),lockets,10k_lockets,NULL,NULL,NULL,0,no images found,1,page_21a.pdf,NULL
1ACOL,Locket (Ladies),lockets,10k_lockets,NULL,NULL,NULL,0,no images found,1,page_21a.pdf,NULL
6ECOL,Locket (Ladies),lockets,10k_lockets,NULL,NULL,NULL,0,no images found,1,page_21a.pdf,NULL
70COL,Locket (Ladies),lockets,10k_lockets,NULL,NULL,NULL,0,no images found,1,page_21a.pdf,NULL
7ECOL,Locket (Ladies),lockets,10k_lockets,NULL,NULL,NULL,0,no images found,1,page_21a.pdf,NULL
8RCOL,Locket (Ladies),lockets,10k_lockets,NULL,NULL,NULL,0,no images found,1,page_21a.pdf,NULL
S10COL,Locket (Ladies),lockets,10k_lockets,NULL,NULL,NULL,0,no images found,1,page_21a.pdf,NULL
S13COL,Locket (Ladies),lockets,10k_lockets,NULL,NULL,NULL,0,no images found,1,page_21a.pdf,NULL
SM3COL,Locket (Ladies),lockets,10k_lockets,NULL,NULL,NULL,0,no images found,1,page_21a.pdf,NULL
S10BCOL,Locket (Ladies),lockets,10k_lockets,NULL,NULL,NULL,0,no images found,1,page_21a.pdf,NULL
S13CCOL,Locket (Ladies),lockets,10k_lockets,NULL,NULL,NULL,0,no images found,1,page_21a.pdf,NULL
S14BCOL,Locket (Ladies),lockets,10k_lockets,NULL,NULL,NULL,0,no images found,1,page_21a.pdf,NULL
20,Sterling Locket,lockets,NULL,NULL,NULL,NULL,1,accessories_php/thumbs/images/Crosses_and_Lockets/20.png,0,page_17a.pdf,NULL
21,Sterling Locket,lockets,NULL,NULL,NULL,NULL,1,accessories_php/thumbs/images/Crosses_and_Lockets/21.png,0,page_17a.pdf,NULL
32,Sterling Locket,lockets,NULL,NULL,NULL,NULL,1,accessories_php/thumbs/images/Crosses_and_Lockets/32.png,0,page_17a.pdf,NULL
98,Sterling Locket,lockets,NULL,NULL,NULL,NULL,1,accessories_php/thumbs/images/Crosses_and_Lockets/98.png,0,page_17a.pdf,NULL
MK42,Engagement Ring,engagement,NULL,NULL,NULL,NULL,1,Engagement_php/thumbs/images/MK_series/MK42.png,0,page_7c.pdf,NULL
MK56,Engagement Ring,engagement,NULL,NULL,NULL,NULL,1,Engagement_php/thumbs/images/MK_series/MK56.png,0,page_7c.pdf,NULL
MK58,Engagement Ring,engagement,NULL,NULL,NULL,NULL,1,Engagement_php/thumbs/images/MK_series/MK58.png,0,page_7c.pdf,NULL
MK73,Engagement Ring,engagement,engagement_sets,NULL,NULL,NULL,0,no images found,1,page_7c.pdf,NULL
MK75,Engagement Ring,engagement,NULL,NULL,NULL,NULL,1,Engagement_php/thumbs/images/MK_series/MK75.png,0,page_7c.pdf,NULL
MK76,Engagement Ring,engagement,engagement_sets,NULL,NULL,NULL,0,no images found,1,page_7c.pdf,NULL
MK77,Engagement Ring,engagement,engagement_sets,NULL,NULL,NULL,0,no images found,1,page_7c.pdf,NULL
MK78,Engagement Ring,engagement,engagement_sets,NULL,NULL,NULL,0,no images found,1,page_7c.pdf,NULL
MK79,Engagement Ring,engagement,NULL,NULL,NULL,NULL,1,Engagement_php/thumbs/images/MK_series/MK79.png,0,page_7c.pdf,NULL
MK80,Engagement Ring,engagement,engagement_sets,NULL,NULL,NULL,0,no images found,1,page_7c.pdf,NULL
MK82,Engagement Ring,engagement,engagement_sets,NULL,NULL,NULL,0,no images found,1,page_7c.pdf,NULL
MM93,Engagement Ring,engagement,engagement_sets,NULL,NULL,NULL,0,no images found,1,page_7c.pdf,NULL
MN12,Engagement Ring,engagement,engagement_sets,NULL,NULL,NULL,0,no images found,1,page_7c.pdf,NULL
MT69,Engagement Ring,engagement,engagement_sets,NULL,NULL,NULL,0,no images found,1,page_7c.pdf,NULL
MU70,Engagement Ring,engagement,engagement_sets,NULL,NULL,NULL,0,no images found,1,page_7c.pdf,NULL
WJ37,Engagement Ring,engagement,engagement_sets,NULL,NULL,NULL,0,no images found,1,page_7c.pdf,NULL
WK26,Engagement Ring,engagement,engagement_sets,NULL,NULL,NULL,0,no images found,1,page_7c.pdf,NULL
WK72,Engagement Ring,engagement,engagement_sets,NULL,NULL,NULL,0,no images found,1,page_7c.pdf,NULL
WK73,Engagement Ring,engagement,engagement_sets,NULL,NULL,NULL,0,no images found,1,page_7c.pdf,NULL
WK74,Engagement Ring,engagement,engagement_sets,NULL,NULL,NULL,0,no images found,1,page_7c.pdf,NULL
WK75,Engagement Ring,engagement,engagement_sets,NULL,NULL,NULL,0,no images found,1,page_7c.pdf,NULL
WK76,Engagement Ring,engagement,engagement_sets,NULL,NULL,NULL,0,no images found,1,page_7c.pdf,NULL
WK77,Engagement Ring,engagement,engagement_sets,NULL,NULL,NULL,0,no images found,1,page_7c.pdf,NULL
WK78,Engagement Ring,engagement,engagement_sets,NULL,NULL,NULL,0,no images found,1,page_7c.pdf,NULL
WK81,Engagement Ring,engagement,engagement_sets,NULL,NULL,NULL,0,no images found,1,page_7c.pdf,NULL
WM93,Engagement Ring,engagement,engagement_sets,NULL,NULL,NULL,0,no images found,1,page_7c.pdf,NULL
WT69,Engagement Ring,engagement,engagement_sets,NULL,NULL,NULL,0,no images found,1,page_7c.pdf,NULL
WU70,Engagement Ring,engagement,engagement_sets,NULL,NULL,NULL,0,no images found,1,page_7c.pdf,NULL
MK56D,Engagement Ring,engagement,NULL,NULL,NULL,NULL,1,Engagement_php/thumbs/images/MK_series/MK56D.png,0,page_7c.pdf,NULL
MK58D,Engagement Ring,engagement,engagement_sets,NULL,NULL,NULL,0,no images found,1,page_7c.pdf,NULL
MK60D,Engagement Ring,engagement,engagement_sets,NULL,NULL,NULL,0,no images found,1,page_7c.pdf,NULL
MK63D,Engagement Ring,engagement,engagement_sets,NULL,NULL,NULL,0,no images found,1,page_7c.pdf,NULL
MK64D,Engagement Ring,engagement,engagement_sets,NULL,NULL,NULL,0,no images found,1,page_7c.pdf,NULL
MK65D,Engagement Ring,engagement,engagement_sets,NULL,NULL,NULL,0,no images found,1,page_7c.pdf,NULL
MK66D,Engagement Ring,engagement,engagement_sets,NULL,NULL,NULL,0,no images found,1,page_7c.pdf,NULL
MK67D,Engagement Ring,engagement,engagement_sets,NULL,NULL,NULL,0,no images found,1,page_7c.pdf,NULL
MK72A,Engagement Ring,engagement,engagement_sets,NULL,NULL,NULL,0,no images found,1,page_7c.pdf,NULL
MK74A,Engagement Ring,engagement,engagement_sets,NULL,NULL,NULL,0,no images found,1,page_7c.pdf,NULL
MN31D,Engagement Ring,engagement,engagement_sets,NULL,NULL,NULL,0,no images found,1,page_7c.pdf,NULL
WK56D,Engagement Ring,engagement,engagement_sets,NULL,NULL,NULL,0,no images found,1,page_7c.pdf,NULL
WK58D,Engagement Ring,engagement,engagement_sets,NULL,NULL,NULL,0,no images found,1,page_7c.pdf,NULL
WK60D,Engagement Ring,engagement,engagement_sets,NULL,NULL,NULL,0,no images found,1,page_7c.pdf,NULL
WK62A,Engagement Ring,engagement,engagement_sets,NULL,NULL,NULL,0,no images found,1,page_7c.pdf,NULL
WK66D,Engagement Ring,engagement,engagement_sets,NULL,NULL,NULL,0,no images found,1,page_7c.pdf,NULL
WK67D,Engagement Ring,engagement,engagement_sets,NULL,NULL,NULL,0,no images found,1,page_7c.pdf,NULL
MK2207,Engagement Ring,engagement,NULL,NULL,NULL,NULL,1,Engagement_php/thumbs/images/MK_series/MK2207.png,0,page_7c.pdf,NULL
MK5606,Engagement Ring,engagement,NULL,NULL,NULL,NULL,1,Engagement_php/thumbs/images/MK_series/MK5606.png,0,page_7c.pdf,NULL
MK57DA,Engagement Ring,engagement,engagement_sets,NULL,NULL,NULL,0,no images found,1,page_7c.pdf,NULL
MK59DA,Engagement Ring,engagement,engagement_sets,NULL,NULL,NULL,0,no images found,1,page_7c.pdf,NULL
MK62DA,Engagement Ring,engagement,engagement_sets,NULL,NULL,NULL,0,no images found,1,page_7c.pdf,NULL
MK68DA,Engagement Ring,engagement,engagement_sets,NULL,NULL,NULL,0,no images found,1,page_7c.pdf,NULL
MK6IDA,Engagement Ring,engagement,NULL,NULL,NULL,NULL,1,Engagement_php/thumbs/images/MK_series/MK6IDA.png,0,page_7c.pdf,NULL
MK58-alt1,Engagement Ring,engagement,NULL,NULL,NULL,NULL,1,Engagement_php/thumbs/images/MK_series/MK58-alt1.png,0,page_7c.pdf,NULL
MK58-alt2,Engagement Ring,engagement,NULL,NULL,NULL,NULL,1,Engagement_php/thumbs/images/MK_series/MK58-alt2.png,0,page_7c.pdf,NULL
MK75-alt1,Engagement Ring,engagement,NULL,NULL,NULL,NULL,1,Engagement_php/thumbs/images/MK_series/MK75-alt1.png,0,page_7c.pdf,NULL
MK75-alt2,Engagement Ring,engagement,NULL,NULL,NULL,NULL,1,Engagement_php/thumbs/images/MK_series/MK75-alt2.png,0,page_7c.pdf,NULL
MK79-alt1,Engagement Ring,engagement,NULL,NULL,NULL,NULL,1,Engagement_php/thumbs/images/MK_series/MK79-alt1.png,0,page_7c.pdf,NULL
MK79-alt2,Engagement Ring,engagement,NULL,NULL,NULL,NULL,1,Engagement_php/thumbs/images/MK_series/MK79-alt2.png,0,page_7c.pdf,NULL
MK56D-alt1,Engagement Ring,engagement,NULL,NULL,NULL,NULL,1,Engagement_php/thumbs/images/MK_series/MK56D-alt1.png,0,page_7c.pdf,NULL
MK56D-alt2,Engagement Ring,engagement,NULL,NULL,NULL,NULL,1,Engagement_php/thumbs/images/MK_series/MK56D-alt2.png,0,page_7c.pdf,NULL
MK59DB-alt1,Engagement Ring,engagement,NULL,NULL,NULL,NULL,1,Engagement_php/thumbs/images/MK_series/MK59DB-alt1.png,0,page_7c.pdf,NULL
MK59DB-alt2,Engagement Ring,engagement,NULL,NULL,NULL,NULL,1,Engagement_php/thumbs/images/MK_series/MK59DB-alt2.png,0,page_7c.pdf,NULL
MK59DB-alt3,Engagement Ring,engagement,NULL,NULL,NULL,NULL,1,Engagement_php/thumbs/images/MK_series/MK59DB-alt3.png,0,page_7c.pdf,NULL
MK6IDA-alt1,Engagement Ring,engagement,NULL,NULL,NULL,NULL,1,Engagement_php/thumbs/images/MK_series/MK6IDA-alt1.png,0,page_7c.pdf,NULL
MK6IDA-alt3,Engagement Ring,engagement,NULL,NULL,NULL,NULL,1,Engagement_php/thumbs/images/MK_series/MK6IDA-alt3.png,0,page_7c.pdf,NULL
MM13,Jewelry Item,engagement,NULL,NULL,NULL,NULL,1,Engagement_php/thumbs/images/MM_series/MM13.png,0,page_7c.pdf,NULL
MM22,Jewelry Item,engagement,NULL,NULL,NULL,NULL,1,Engagement_php/thumbs/images/MM_series/MM22.png,0,page_7c.pdf,NULL
WM13,Jewelry Item,engagement,NULL,NULL,NULL,NULL,1,Engagement_php/thumbs/images/WM_series/WM13.png,0,page_7c.pdf,NULL
M304,Men's Engagement Set,engagement,engagement_sets,NULL,NULL,NULL,0,no images found,1,page_7a.pdf,NULL
M305,Men's Engagement Set,engagement,engagement_sets,NULL,NULL,NULL,0,no images found,1,page_7a.pdf,NULL
M307,Men's Engagement Set,engagement,engagement_sets,NULL,NULL,NULL,0,no images found,1,page_7a.pdf,NULL
ME64,Men's Engagement Set,engagement,engagement_sets,NULL,NULL,NULL,0,no images found,1,page_7a.pdf,NULL
MJ37,Men's Engagement Set,engagement,engagement_sets,NULL,NULL,NULL,0,no images found,1,page_7a.pdf,NULL
MK26,Men's Engagement Set,engagement,engagement_sets,NULL,NULL,NULL,0,no images found,1,page_7a.pdf,NULL
MK70D,Men's Engagement Set Diamond,engagement,engagement_sets,NULL,NULL,NULL,0,no images found,1,page_7c.pdf,NULL
MK71D,Men's Engagement Set Diamond,engagement,engagement_sets,NULL,NULL,NULL,0,no images found,1,page_7c.pdf,NULL
MK61DA,Men's Engagement Set Diamond A,engagement,engagement_sets,NULL,NULL,NULL,0,no images found,1,page_7b.pdf,NULL
MK69DA,Men's Engagement Set Diamond A,engagement,engagement_sets,NULL,NULL,NULL,0,no images found,1,page_7c.pdf,NULL
MK59DB,Men's Engagement Set Diamond B,engagement,engagement_sets,NULL,NULL,NULL,1,Engagement_php/thumbs/images/MK_series/MK59DB.png,1,page_7c.pdf,NULL
MK68DB,Men's Engagement Set Diamond B,engagement,engagement_sets,NULL,NULL,NULL,0,no images found,1,page_7c.pdf,NULL
MK69DB,Men's Engagement Set Diamond B,engagement,engagement_sets,NULL,NULL,NULL,0,no images found,1,page_7c.pdf,NULL
W304,Women's Engagement Set,engagement,engagement_sets,NULL,NULL,NULL,0,no images found,1,page_7a.pdf,NULL
W305,Women's Engagement Set,engagement,engagement_sets,NULL,NULL,NULL,0,no images found,1,page_7a.pdf,NULL
W307,Women's Engagement Set,engagement,engagement_sets,NULL,NULL,NULL,0,no images found,1,page_7a.pdf,NULL
WD12,Women's Engagement Set,engagement,engagement_sets,NULL,NULL,NULL,0,no images found,1,page_7a.pdf,NULL
WE64,Women's Engagement Set,engagement,engagement_sets,NULL,NULL,NULL,0,no images found,1,page_7a.pdf,NULL
WK63,Women's Engagement Set,engagement,engagement_sets,NULL,NULL,NULL,0,no images found,1,page_7c.pdf,NULL
WK65,Women's Engagement Set,engagement,engagement_sets,NULL,NULL,NULL,0,no images found,1,page_7c.pdf,NULL
WK59D,Women's Engagement Set Diamond,engagement,engagement_sets,NULL,NULL,NULL,0,no images found,1,page_7c.pdf,NULL
WK64D,Women's Engagement Set Diamond,engagement,engagement_sets,NULL,NULL,NULL,0,no images found,1,page_7c.pdf,NULL
WK68D,Women's Engagement Set Diamond,engagement,engagement_sets,NULL,NULL,NULL,0,no images found,1,page_7c.pdf,NULL
WN31D,Women's Engagement Set Diamond,engagement,engagement_sets,NULL,NULL,NULL,0,no images found,1,page_7c.pdf,NULL
WK61DA,Women's Engagement Set Diamond A,engagement,engagement_sets,NULL,NULL,NULL,0,no images found,1,page_7b.pdf,NULL
WK69DA,Women's Engagement Set Diamond A,engagement,engagement_sets,NULL,NULL,NULL,0,no images found,1,page_7c.pdf,NULL
WK61DAM,Women's Engagement Set Diamond A Modified,engagement,engagement_sets,NULL,NULL,NULL,0,no images found,1,page_7b.pdf,NULL
WK69DB,Women's Engagement Set Diamond B,engagement,engagement_sets,NULL,NULL,NULL,0,no images found,1,page_7c.pdf,NULL
201L,Wedding Band,wedding,wedding_bands,NULL,NULL,NULL,0,no images found,1,page_04a.pdf,NULL
201M,Wedding Band,wedding,wedding_bands,NULL,NULL,NULL,0,no images found,1,page_04a.pdf,NULL
464M,Wedding Band,wedding,wedding_bands,NULL,NULL,NULL,0,no images found,1,page_04b.pdf,NULL
465L,Wedding Band,wedding,wedding_bands,NULL,NULL,NULL,0,no images found,1,page_04b.pdf,NULL
1T46L,Wedding Band,wedding,wedding_bands,NULL,NULL,NULL,0,no images found,1,page_1b.pdf,NULL
1T46M,Wedding Band,wedding,wedding_bands,NULL,NULL,NULL,0,no images found,1,page_02a.pdf,NULL
C526,Celtic Band,signets,NULL,NULL,NULL,NULL,1,signet_php/thumbs/images/jewel top/C526.jpg,0,page_8c.pdf,NULL
C555,Celtic Band,signets,NULL,NULL,NULL,NULL,1,signet_php/thumbs/images/jewel top/C555.jpg,0,page_8c.pdf,NULL
C574,Celtic Band,signets,NULL,NULL,NULL,NULL,1,signet_php/thumbs/images/jewel top/C574.jpg,0,page_8c.pdf,NULL
C580,Celtic Band,signets,NULL,NULL,NULL,NULL,1,signet_php/thumbs/images/jewel top/C580.jpg,0,page_8c.pdf,NULL
C582,Celtic Band,signets,NULL,NULL,NULL,NULL,1,signet_php/thumbs/images/jewel top/C582.jpg,0,page_8c.pdf,NULL
CS17,Celtic Band,signets,NULL,NULL,NULL,NULL,1,signet_php/thumbs/images/crest_top/CS17.jpg,0,page_8c.pdf,NULL
CB84M,Celtic Band,signets,NULL,NULL,NULL,NULL,1,signet_php/thumbs/images/crest_top/CB84M.jpg,0,page_8c.pdf,NULL
c568,Jewelry Item,signets,NULL,NULL,NULL,NULL,1,signet_php/thumbs/images/jewel top/c568.jpg,0,page_8c.pdf,NULL
C17,Signet Ring,signets,signets,NULL,NULL,NULL,0,no images found,1,page_8a.pdf,NULL
C19,Signet Ring,signets,signets,NULL,NULL,NULL,1,signet_php/thumbs/images/crest_top/C19.jpg,1,page_8b.pdf,NULL
C20,Signet Ring,signets,signets,NULL,NULL,NULL,0,no images found,1,page_8c.pdf,NULL
C21,Signet Ring,signets,signets,NULL,NULL,NULL,1,signet_php/thumbs/images/crest_top/C21.jpg,1,page_8a.pdf,NULL
C22,Signet Ring,signets,signets,NULL,NULL,NULL,0,no images found,1,page_8a.pdf,NULL
C23,Signet Ring,signets,signets,NULL,NULL,NULL,0,no images found,1,page_8a.pdf,NULL
C24,Signet Ring,signets,signets,NULL,NULL,NULL,0,no images found,1,page_8a.pdf,NULL
C25,Signet Ring,signets,signets,NULL,NULL,NULL,0,no images found,1,page_8a.pdf,NULL
C26,Signet Ring,signets,signets,NULL,NULL,NULL,0,no images found,1,page_8a.pdf,NULL
C27,Signet Ring,signets,signets,NULL,NULL,NULL,1,signet_php/thumbs/images/crest_top/C27.jpg,1,page_8a.pdf,NULL
C28,Signet Ring,signets,signets,NULL,NULL,NULL,0,no images found,1,page_8a.pdf,NULL
C29,Signet Ring,signets,signets,NULL,NULL,NULL,1,signet_php/thumbs/images/crest_top/C29.jpg,1,page_8b.pdf,NULL
C32,Signet Ring,signets,signets,NULL,NULL,NULL,0,no images found,1,page_8a.pdf,NULL
C33,Signet Ring,signets,signets,NULL,NULL,NULL,0,no images found,1,page_8b.pdf,NULL
C34,Signet Ring,signets,signets,NULL,NULL,NULL,0,no images found,1,page_8b.pdf,NULL
C35,Signet Ring,signets,signets,NULL,NULL,NULL,0,no images found,1,page_8b.pdf,NULL
C36,Signet Ring,signets,signets,NULL,NULL,NULL,0,no images found,1,page_8c.pdf,NULL
C37,Signet Ring,signets,signets,NULL,NULL,NULL,1,signet_php/thumbs/images/crest_top/C37.jpg,1,page_8b.pdf,NULL
C43,Signet Ring,signets,signets,NULL,NULL,NULL,0,no images found,1,page_8b.pdf,NULL
C50,Signet Ring,signets,signets,NULL,NULL,NULL,0,no images found,1,page_8c.pdf,NULL
S18,Signet Ring,signets,signets,NULL,NULL,NULL,0,no images found,1,page_8c.pdf,NULL
SL4,Signet Ring,signets,signets,NULL,NULL,NULL,0,no images found,1,page_8c.pdf,NULL
12NS,Signet Ring,signets,signets,NULL,NULL,NULL,0,no images found,1,page_8c.pdf,NULL
14WS,Signet Ring,signets,signets,NULL,NULL,NULL,0,no images found,1,page_8c.pdf,NULL
C125,Signet Ring,signets,signets,NULL,NULL,NULL,0,no images found,1,page_8a.pdf,NULL
C126,Signet Ring,signets,signets,NULL,NULL,NULL,1,signet_php/thumbs/images/crest_top/C126.jpg,1,page_8a.pdf,NULL
C127,Signet Ring,signets,signets,NULL,NULL,NULL,0,no images found,1,page_8a.pdf,NULL
C128,Signet Ring,signets,signets,NULL,NULL,NULL,0,no images found,1,page_8a.pdf,NULL
C129,Signet Ring,signets,signets,NULL,NULL,NULL,1,signet_php/thumbs/images/crest_top/C129.jpg,1,page_8a.pdf,NULL
C147,Signet Ring,signets,signets,NULL,NULL,NULL,0,no images found,1,page_8a.pdf,NULL
C155,Signet Ring,signets,signets,NULL,NULL,NULL,0,no images found,1,page_8c.pdf,NULL
C156,Signet Ring,signets,signets,NULL,NULL,NULL,1,signet_php/thumbs/images/crest_top/C156.jpg,1,page_8c.pdf,NULL
C157,Signet Ring,signets,signets,NULL,NULL,NULL,0,no images found,1,page_8c.pdf,NULL
C212,Signet Ring,signets,signets,NULL,NULL,NULL,0,no images found,1,page_8c.pdf,NULL
C213,Signet Ring,signets,signets,NULL,NULL,NULL,0,no images found,1,page_8c.pdf,NULL
CB62,Signet Ring,signets,signets,NULL,NULL,NULL,1,signet_php/thumbs/images/crest_top/CB62.jpg,1,page_8d.pdf,NULL
CB63,Signet Ring,signets,signets,NULL,NULL,NULL,0,no images found,1,page_8b.pdf,NULL
CC70,Signet Ring,signets,signets,NULL,NULL,NULL,0,no images found,1,page_8c.pdf,NULL
CD61,Signet Ring,signets,signets,NULL,NULL,NULL,0,no images found,1,page_8c.pdf,NULL
CM12,Signet Ring,signets,signets,NULL,NULL,NULL,0,no images found,1,page_8b.pdf,NULL
CM13,Signet Ring,signets,signets,NULL,NULL,NULL,0,no images found,1,page_8b.pdf,NULL
CM17,Signet Ring,signets,signets,NULL,NULL,NULL,0,no images found,1,page_8b.pdf,NULL
CS10,Signet Ring,signets,signets,NULL,NULL,NULL,0,no images found,1,page_8c.pdf,NULL
CS11,Signet Ring,signets,signets,NULL,NULL,NULL,1,signet_php/thumbs/images/crest_top/CS11.jpg,1,page_8b.pdf,NULL
2537NS,Signet Ring,signets,signets,NULL,NULL,NULL,0,no images found,1,page_8c.pdf,NULL
C19A,Signet Ring A,signets,signets,NULL,NULL,NULL,0,no images found,1,page_8b.pdf,NULL
C21A,Signet Ring A,signets,signets,NULL,NULL,NULL,0,no images found,1,page_8c.pdf,NULL
CS10A,Signet Ring A,signets,signets,NULL,NULL,NULL,0,no images found,1,page_8c.pdf,NULL
C50C,Signet Ring Cubic,signets,signets,NULL,NULL,NULL,0,no images found,1,page_8c.pdf,NULL
C54C,Signet Ring Cubic,signets,signets,NULL,NULL,NULL,0,no images found,1,page_8c.pdf,NULL
SL4CD,Signet Ring Cubic Diamond,signets,signets,NULL,NULL,NULL,0,no images found,1,page_8c.pdf,NULL
C29D,Signet Ring Diamond,signets,signets,NULL,NULL,NULL,1,signet_php/thumbs/images/crest_top/C29D.jpg,1,page_8b.pdf,NULL
SL8D,Signet Ring Diamond,signets,signets,NULL,NULL,NULL,0,no images found,1,page_8c.pdf,NULL
C19E,Signet Ring Engraved,signets,signets,NULL,NULL,NULL,1,signet_php/thumbs/images/crest_top/C19E.jpg,1,page_8b.pdf,NULL
C29E,Signet Ring Engraved,signets,signets,NULL,NULL,NULL,1,signet_php/thumbs/images/crest_top/C29E.jpg,1,page_8b.pdf,NULL
C213E,Signet Ring Engraved,signets,signets,NULL,NULL,NULL,0,no images found,1,page_8c.pdf,NULL
CS10E,Signet Ring Engraved,signets,signets,NULL,NULL,NULL,1,signet_php/thumbs/images/crest_top/CS10E.jpg,1,page_8c.pdf,NULL
C39,Gents Ring,gents_rings,gents_rings,NULL,NULL,NULL,1,signet_php/thumbs/images/crest_top/C39.jpg,1,page_8d.pdf,NULL
C40,Gents Ring,gents_rings,gents_rings,NULL,NULL,NULL,0,no images found,1,page_8d.pdf,NULL
C42,Gents Ring,gents_rings,gents_rings,NULL,NULL,NULL,0,no images found,1,page_8d.pdf,NULL
C46,Gents Ring,gents_rings,gents_rings,NULL,NULL,NULL,0,no images found,1,page_8d.pdf,NULL
CE4,Gents Ring,gents_rings,gents_rings,NULL,NULL,NULL,0,no images found,1,page_15g.pdf,NULL
CE5,Gents Ring,gents_rings,gents_rings,NULL,NULL,NULL,0,no images found,1,page_15g.pdf,NULL
CM5,Gents Ring,gents_rings,gents_rings,NULL,NULL,NULL,0,no images found,1,page_8d.pdf,NULL
CM6,Gents Ring,gents_rings,gents_rings,NULL,NULL,NULL,0,no images found,1,page_8d.pdf,NULL
CS1,Gents Ring,gents_rings,gents_rings,NULL,NULL,NULL,0,no images found,1,page_8d.pdf,NULL
CS3,Gents Ring,gents_rings,gents_rings,NULL,NULL,NULL,0,no images found,1,page_8d.pdf,NULL
CS4,Gents Ring,gents_rings,gents_rings,NULL,NULL,NULL,0,no images found,1,page_8d.pdf,NULL
CS6,Gents Ring,gents_rings,gents_rings,NULL,NULL,NULL,0,no images found,1,page_8d.pdf,NULL
1059,Gents Ring,gents_rings,gents_rings,NULL,NULL,NULL,0,no images found,1,page_12r.pdf,NULL
1060,Gents Ring,gents_rings,gents_rings,NULL,NULL,NULL,0,no images found,1,page_12r.pdf,NULL
1061,Gents Ring,gents_rings,gents_rings,NULL,NULL,NULL,0,no images found,1,page_15g.pdf,NULL
1066,Gents Ring,gents_rings,gents_rings,NULL,NULL,NULL,0,no images found,1,page_15g.pdf,NULL
1116,Gents Ring,gents_rings,gents_rings,NULL,NULL,NULL,0,no images found,1,page_12r.pdf,NULL
1117,Gents Ring,gents_rings,gents_rings,NULL,NULL,NULL,0,no images found,1,page_12r.pdf,NULL
1125,Gents Ring,gents_rings,gents_rings,NULL,NULL,NULL,0,no images found,1,page_12r.pdf,NULL
1131,Gents Ring,gents_rings,gents_rings,NULL,NULL,NULL,0,no images found,1,page_12r.pdf,NULL
1151,Gents Ring,gents_rings,gents_rings,NULL,NULL,NULL,0,no images found,1,page_12r.pdf,NULL
1152,Gents Ring,gents_rings,gents_rings,NULL,NULL,NULL,0,no images found,1,page_15g.pdf,NULL
1231,Gents Ring,gents_rings,gents_rings,NULL,NULL,NULL,0,no images found,1,page_15g.pdf,NULL
1232,Gents Ring,gents_rings,gents_rings,NULL,NULL,NULL,0,no images found,1,page_15g.pdf,NULL
1233,Gents Ring,gents_rings,gents_rings,NULL,NULL,NULL,0,no images found,1,page_15g.pdf,NULL
1234,Gents Ring,gents_rings,gents_rings,NULL,NULL,NULL,0,no images found,1,page_15g.pdf,NULL
1434,Gents Ring,gents_rings,gents_rings,NULL,NULL,NULL,0,no images found,1,page_12r.pdf,NULL
C411,Gents Ring,gents_rings,gents_rings,NULL,NULL,NULL,0,no images found,1,page_12r.pdf,NULL
C415,Gents Ring,gents_rings,gents_rings,NULL,NULL,NULL,0,no images found,1,page_12r.pdf,NULL
C528,Gents Ring,gents_rings,gents_rings,NULL,NULL,NULL,0,no images found,1,page_15g.pdf,NULL
C529,Gents Ring,gents_rings,gents_rings,NULL,NULL,NULL,0,no images found,1,page_15g.pdf,NULL
C530,Gents Ring,gents_rings,gents_rings,NULL,NULL,NULL,0,no images found,1,page_15g.pdf,NULL
C547,Gents Ring,gents_rings,gents_rings,NULL,NULL,NULL,0,no images found,1,page_15g.pdf,NULL
C548,Gents Ring,gents_rings,gents_rings,NULL,NULL,NULL,0,no images found,1,page_15g.pdf,NULL
C549,Gents Ring,gents_rings,gents_rings,NULL,NULL,NULL,0,no images found,1,page_15g.pdf,NULL
C551,Gents Ring,gents_rings,gents_rings,NULL,NULL,NULL,0,no images found,1,page_15g.pdf,NULL
C552,Gents Ring,gents_rings,gents_rings,NULL,NULL,NULL,0,no images found,1,page_15g.pdf,NULL
C553,Gents Ring,gents_rings,gents_rings,NULL,NULL,NULL,0,no images found,1,page_15g.pdf,NULL
C556,Gents Ring,gents_rings,gents_rings,NULL,NULL,NULL,1,signet_php/thumbs/images/jewel top/C556.jpg,1,page_15g.pdf,NULL
C558,Gents Ring,gents_rings,gents_rings,NULL,NULL,NULL,0,no images found,1,page_15g.pdf,NULL
C564,Gents Ring,gents_rings,gents_rings,NULL,NULL,NULL,0,no images found,1,page_15g.pdf,NULL
C567,Gents Ring,gents_rings,gents_rings,NULL,NULL,NULL,0,no images found,1,page_15g.pdf,NULL
CM14,Gents Ring,gents_rings,gents_rings,NULL,NULL,NULL,0,no images found,1,page_8d.pdf,NULL
CM15,Gents Ring,gents_rings,gents_rings,NULL,NULL,NULL,0,no images found,1,page_8d.pdf,NULL
CM16,Gents Ring,gents_rings,gents_rings,NULL,NULL,NULL,0,no images found,1,page_8d.pdf,NULL
CM18,Gents Ring,gents_rings,gents_rings,NULL,NULL,NULL,0,no images found,1,page_8d.pdf,NULL
CS12,Gents Ring,gents_rings,gents_rings,NULL,NULL,NULL,0,no images found,1,page_8d.pdf,NULL
CS13,Gents Ring,gents_rings,gents_rings,NULL,NULL,NULL,0,no images found,1,page_8d.pdf,NULL
CS15,Gents Ring,gents_rings,gents_rings,NULL,NULL,NULL,0,no images found,1,page_8d.pdf,NULL
CS16,Gents Ring,gents_rings,gents_rings,NULL,NULL,NULL,0,no images found,1,page_8d.pdf,NULL
D417,Gents Ring,gents_rings,gents_rings,NULL,NULL,NULL,0,no images found,1,page_15g.pdf,NULL
D424,Gents Ring,gents_rings,gents_rings,NULL,NULL,NULL,0,no images found,1,page_15g.pdf,NULL
M327,Gents Ring,gents_rings,gents_rings,NULL,NULL,NULL,0,no images found,1,page_15g.pdf,NULL
CM3D,Gents Ring 3D,gents_rings,gents_rings,NULL,NULL,NULL,0,no images found,1,page_8d.pdf,NULL
6028A,Gents Ring A,gents_rings,gents_rings,NULL,NULL,NULL,0,no images found,1,page_15g.pdf,NULL
D425A,Gents Ring A,gents_rings,gents_rings,NULL,NULL,NULL,0,no images found,1,page_15g.pdf,NULL
C57D,Gents Ring Diamond,gents_rings,gents_rings,NULL,NULL,NULL,0,no images found,1,page_15g.pdf,NULL
C64E,Gents Ring Engraved,gents_rings,gents_rings,NULL,NULL,NULL,0,no images found,1,page_15g.pdf,NULL
CS3E,Gents Ring Engraved,gents_rings,gents_rings,NULL,NULL,NULL,0,no images found,1,page_8d.pdf,NULL
C64H,Gents Ring H,gents_rings,gents_rings,NULL,NULL,NULL,0,no images found,1,page_15g.pdf,NULL
4911,Jewelry Item,emblematic,NULL,NULL,NULL,NULL,0,no images found,1,page_09b.pdf,NULL
4912,Jewelry Item,emblematic,NULL,NULL,NULL,NULL,0,no images found,1,page_09b.pdf,NULL
4913,Jewelry Item,emblematic,NULL,NULL,NULL,NULL,0,no images found,1,page_09b.pdf,NULL
C58MAS,Jewelry Item,emblematic,NULL,NULL,NULL,NULL,0,no images found,1,page_09b.pdf,NULL
C64MAS,Jewelry Item,emblematic,NULL,NULL,NULL,NULL,0,no images found,1,page_09b.pdf,NULL
C553MAS,Jewelry Item,emblematic,NULL,NULL,NULL,NULL,0,no images found,1,page_09b.pdf,NULL
S240L,Jewelry Item (Ladies),emblematic,NULL,NULL,NULL,NULL,0,no images found,1,page_09c.pdf,NULL
S14M,Jewelry Item (Mens),emblematic,NULL,NULL,NULL,NULL,0,no images found,1,page_09c.pdf,NULL
S20M,Jewelry Item (Mens),emblematic,NULL,NULL,NULL,NULL,0,no images found,1,page_09c.pdf,NULL
S24M,Jewelry Item (Mens),emblematic,NULL,NULL,NULL,NULL,0,no images found,1,page_09c.pdf,NULL
S25M,Jewelry Item (Mens),emblematic,NULL,NULL,NULL,NULL,0,no images found,1,page_09c.pdf,NULL
S26M,Jewelry Item (Mens),emblematic,NULL,NULL,NULL,NULL,0,no images found,1,page_09c.pdf,NULL
S38M,Jewelry Item (Mens),emblematic,NULL,NULL,NULL,NULL,0,no images found,1,page_09c.pdf,NULL
S46M,Jewelry Item (Mens),emblematic,NULL,NULL,NULL,NULL,0,no images found,1,page_09c.pdf,NULL
S6RM,Jewelry Item (Mens),emblematic,NULL,NULL,NULL,NULL,0,no images found,1,page_09c.pdf,NULL
S16DM,Jewelry Item (Mens),emblematic,NULL,NULL,NULL,NULL,0,no images found,1,page_09c.pdf,NULL
S180M,Jewelry Item (Mens),emblematic,NULL,NULL,NULL,NULL,0,no images found,1,page_09c.pdf,NULL
S185M,Jewelry Item (Mens),emblematic,NULL,NULL,NULL,NULL,0,no images found,1,page_09c.pdf,NULL
S30HM,Jewelry Item (Mens),emblematic,NULL,NULL,NULL,NULL,0,no images found,1,page_09c.pdf,NULL
S31HM,Jewelry Item (Mens),emblematic,NULL,NULL,NULL,NULL,0,no images found,1,page_09c.pdf,NULL
S32HM,Jewelry Item (Mens),emblematic,NULL,NULL,NULL,NULL,0,no images found,1,page_09c.pdf,NULL
S33HM,Jewelry Item (Mens),emblematic,NULL,NULL,NULL,NULL,0,no images found,1,page_09c.pdf,NULL
S36HM,Jewelry Item (Mens),emblematic,NULL,NULL,NULL,NULL,0,no images found,1,page_09c.pdf,NULL
EMR31M,Jewelry Item (Mens),emblematic,NULL,NULL,NULL,NULL,0,no images found,1,page_09aa.pdf,NULL
LPN31M,Jewelry Item (Mens),emblematic,NULL,NULL,NULL,NULL,0,no images found,1,page_09aa.pdf,NULL
PCW31M,Jewelry Item (Mens),emblematic,NULL,NULL,NULL,NULL,0,no images found,1,page_09a.pdf,NULL
VET14M,Jewelry Item (Mens),emblematic,NULL,NULL,NULL,NULL,0,no images found,1,page_09aa.pdf,NULL
15M,Jewelry Item (Mens),medical,NULL,NULL,NULL,NULL,0,no images found,1,page_11a.pdf,NULL
1BM,Jewelry Item (Mens),medical,NULL,NULL,NULL,NULL,0,no images found,1,page_11a.pdf,NULL
P24M,Jewelry Item (Mens),medical,NULL,NULL,NULL,NULL,0,no images found,1,page_11a.pdf,NULL
P120M,Jewelry Item (Mens),medical,NULL,NULL,NULL,NULL,0,no images found,1,page_11a.pdf,NULL
P21BM,Jewelry Item (Mens),medical,NULL,NULL,NULL,NULL,0,no images found,1,page_11a.pdf,NULL
DT98SM,Jewelry Item (Mens),medical,NULL,NULL,NULL,NULL,0,no images found,1,page_26a.pdf,NULL
500TM,Galaxy Band,plain_bands,wedding_bands,Premium Series,premium,NULL,1,bands_php/thumbs/images/plain/500TM.png,0,page_01a.pdf,NULL
550TL,Galaxy Band,plain_bands,wedding_bands,Premium Series,premium,NULL,1,bands_php/thumbs/images/plain/550TL.png,0,page_01a.pdf,NULL
550TM,Galaxy Band,plain_bands,wedding_bands,Premium Series,premium,NULL,1,bands_php/thumbs/images/plain/550TM.png,0,page_01a.pdf,NULL
600TM,Galaxy Band,plain_bands,wedding_bands,Premium Series,premium,NULL,1,bands_php/thumbs/images/plain/600TM.png,0,page_01a.pdf,NULL
6T64L,Galaxy Band,plain_bands,NULL,NULL,NULL,NULL,1,bands_php/thumbs/images/fancy/6T64L.png,0,page_03j.pdf,NULL
6T64M,Galaxy Band,plain_bands,NULL,NULL,NULL,NULL,1,bands_php/thumbs/images/fancy/6T64M.png,0,page_03j.pdf,NULL
700TL,Galaxy Band,plain_bands,wedding_bands,Premium Series,premium,NULL,0,no images found,1,page_01a.pdf,NULL
700TM,Galaxy Band,plain_bands,wedding_bands,Premium Series,premium,NULL,1,bands_php/thumbs/images/plain/700TM.png,1,page_01a.pdf,NULL
3T00RL,Galaxy Band,plain_bands,wedding_bands,Rectangular Comfort Curve,rectangular_comfort_curve,NULL,1,bands_php/thumbs/images/plain/3T00RL.png,0,page_01b.pdf,NULL
4T18BL,Galaxy Band,plain_bands,NULL,NULL,NULL,NULL,1,bands_php/thumbs/images/fancy/4T18BL.png,0,page_01a.pdf,NULL
4T18BM,Galaxy Band,plain_bands,NULL,NULL,NULL,NULL,1,bands_php/thumbs/images/fancy/4T18BM.png,0,page_01b.pdf,NULL
5T00RM,Galaxy Band,plain_bands,wedding_bands,Rectangular Comfort Curve,rectangular_comfort_curve,NULL,1,bands_php/thumbs/images/plain/5T00RM.png,0,page_01a.pdf,NULL
7T00RL,Galaxy Band,plain_bands,wedding_bands,Rectangular Comfort Curve,rectangular_comfort_curve,NULL,0,no images found,1,page_01a.pdf,NULL
7T18CM,Galaxy Band,plain_bands,NULL,NULL,NULL,NULL,1,bands_php/thumbs/images/fancy/7T18CM.png,1,page_01a.pdf,NULL
8T00RM,Galaxy Band,plain_bands,wedding_bands,Rectangular Comfort Curve,rectangular_comfort_curve,NULL,1,bands_php/thumbs/images/plain/8T00RM.png,0,page_01a.pdf,NULL
6T18FCM,Galaxy Band,plain_bands,NULL,NULL,NULL,NULL,1,bands_php/thumbs/images/fancy/6T18FCM.png,0,page_01b.pdf,NULL
1T030L_art2,Galaxy Band,plain_bands,NULL,NULL,NULL,NULL,1,bands_php/thumbs/images/fancy/1T030L_art2.png,0,page_01b.pdf,NULL
300Rm,Jewelry Item,plain_bands,NULL,NULL,NULL,NULL,1,bands_php/thumbs/images/plain/300Rm.png,0,page_01b.pdf,NULL
5664m,Jewelry Item,plain_bands,NULL,NULL,NULL,NULL,1,bands_php/thumbs/images/cultural/5664m.png,0,page_01b.pdf,NULL
5758m,Jewelry Item,plain_bands,NULL,NULL,NULL,NULL,1,bands_php/thumbs/images/fancy/5758m.png,0,page_01b.pdf,NULL
6t00rm,Jewelry Item,plain_bands,NULL,NULL,NULL,NULL,1,bands_php/thumbs/images/plain/6t00rm.png,0,page_01a.pdf,NULL
7t00rm,Jewelry Item,plain_bands,NULL,NULL,NULL,NULL,1,bands_php/thumbs/images/plain/7t00rm.png,1,page_01a.pdf,NULL
s600rm,Jewelry Item,plain_bands,NULL,NULL,NULL,NULL,1,bands_php/thumbs/images/plain/s600rm.png,0,page_01b.pdf,NULL
3001M,Lightweight Tiffany Band,plain_bands,wedding_bands,Tiffany Lightweight,tiffany,NULL,1,bands_php/thumbs/images/plain/3001M.png,0,page_01b.pdf,NULL
4001L,Lightweight Tiffany Band,plain_bands,wedding_bands,Tiffany Lightweight,tiffany,NULL,1,bands_php/thumbs/images/plain/4001L.png,0,page_01b.pdf,NULL
5001M,Lightweight Tiffany Band,plain_bands,wedding_bands,Tiffany Lightweight,tiffany,NULL,1,bands_php/thumbs/images/plain/5001M.png,0,page_01b.pdf,NULL
6001M,Lightweight Tiffany Band,plain_bands,wedding_bands,Tiffany Lightweight,tiffany,NULL,1,bands_php/thumbs/images/plain/6001M.png,0,page_01b.pdf,NULL
400TL,Premium Wedding Band,plain_bands,wedding_bands,Premium Series,premium,NULL,1,bands_php/thumbs/images/plain/400TL.png,1,page_01a.pdf,NULL
400TM,Premium Wedding Band,plain_bands,wedding_bands,Premium Series,premium,NULL,0,no images found,1,page_01a.pdf,NULL
4T00RL,Rectangular Wedding Band,plain_bands,wedding_bands,Rectangular Comfort Curve,rectangular_comfort_curve,NULL,1,bands_php/thumbs/images/plain/4T00RL.png,1,page_1a.pdf,NULL
4T00RM,Rectangular Wedding Band,plain_bands,wedding_bands,Rectangular Comfort Curve,rectangular_comfort_curve,NULL,1,bands_php/thumbs/images/plain/4T00RM.png,1,page_1a.pdf,NULL
700L,Tiffany Band,plain_bands,wedding_bands,Standard Tiffany,tiffany,NULL,0,no images found,1,page_01b.pdf,NULL
700M,Tiffany Band,plain_bands,wedding_bands,Standard Tiffany,tiffany,NULL,0,no images found,1,page_01b.pdf,NULL
3T18L,Tiffany Comfort Curve Band,plain_bands,wedding_bands,Tiffany Comfort Curve,tiffany_comfort_curve,NULL,1,bands_php/thumbs/images/plain/3T18L.png,0,page_01a.pdf,NULL
3T18M,Tiffany Comfort Curve Band,plain_bands,wedding_bands,Tiffany Comfort Curve,tiffany_comfort_curve,NULL,1,bands_php/thumbs/images/plain/3T18M.png,0,page_01a.pdf,NULL
4T18L,Tiffany Comfort Curve Band,plain_bands,wedding_bands,Tiffany Comfort Curve,tiffany_comfort_curve,NULL,1,bands_php/thumbs/images/plain/4T18L.png,0,page_01a.pdf,NULL
4T18M,Tiffany Comfort Curve Band,plain_bands,wedding_bands,Tiffany Comfort Curve,tiffany_comfort_curve,NULL,1,bands_php/thumbs/images/plain/4T18M.png,0,page_01a.pdf,NULL
5T18L,Tiffany Comfort Curve Band,plain_bands,wedding_bands,Tiffany Comfort Curve,tiffany_comfort_curve,NULL,1,bands_php/thumbs/images/plain/5T18L.png,0,page_01a.pdf,NULL
5T18M,Tiffany Comfort Curve Band,plain_bands,wedding_bands,Tiffany Comfort Curve,tiffany_comfort_curve,NULL,1,bands_php/thumbs/images/plain/5T18M.png,0,page_01a.pdf,NULL
7T18L,Tiffany Comfort Curve Band,plain_bands,wedding_bands,Tiffany Comfort Curve,tiffany_comfort_curve,NULL,0,no images found,1,page_01a.pdf,NULL
7T18M,Tiffany Comfort Curve Band,plain_bands,wedding_bands,Tiffany Comfort Curve,tiffany_comfort_curve,NULL,0,no images found,1,page_01a.pdf,NULL
265,Wedding Band,plain_bands,wedding_bands,NULL,NULL,NULL,0,no images found,1,page_01b.pdf,NULL
800,Wedding Band,plain_bands,wedding_bands,NULL,NULL,NULL,0,no images found,1,page_01b.pdf,NULL
2004,Wedding Band,plain_bands,wedding_bands,NULL,NULL,NULL,0,no images found,1,page_01b.pdf,NULL
5790,Wedding Band,plain_bands,wedding_bands,NULL,NULL,NULL,0,no images found,1,page_01b.pdf,NULL
200RM,Wedding Band,plain_bands,NULL,NULL,NULL,NULL,1,bands_php/thumbs/images/plain/200RM.png,0,page_01b.pdf,NULL
300RL,Wedding Band,plain_bands,NULL,NULL,NULL,NULL,1,bands_php/thumbs/images/plain/300RL.png,0,page_01b.pdf,NULL
5160M,Wedding Band,plain_bands,NULL,NULL,NULL,NULL,1,bands_php/thumbs/images/fancy/5160M.png,0,page_06c.pdf,NULL
5462M,Wedding Band,plain_bands,NULL,NULL,NULL,NULL,1,bands_php/thumbs/images/cultural/5462M.png,0,page_3eee2.pdf,NULL
5590L,Wedding Band,plain_bands,NULL,NULL,NULL,NULL,1,bands_php/thumbs/images/cultural/5590L.png,0,page_01b.pdf,NULL
5590M,Wedding Band,plain_bands,NULL,NULL,NULL,NULL,1,bands_php/thumbs/images/cultural/5590M.png,0,page_01b.pdf,NULL
5624L,Wedding Band,plain_bands,NULL,NULL,NULL,NULL,1,bands_php/thumbs/images/cultural/5624L.jpg,0,page_01b.pdf,NULL
5624M,Wedding Band,plain_bands,NULL,NULL,NULL,NULL,1,bands_php/thumbs/images/cultural/5624M.jpg,0,page_01b.pdf,NULL
5690M,Wedding Band,plain_bands,NULL,NULL,NULL,NULL,1,bands_php/thumbs/images/cultural/5690M.png,0,page_01b.pdf,NULL
5758L,Wedding Band,plain_bands,NULL,NULL,NULL,NULL,1,bands_php/thumbs/images/fancy/5758L.png,0,page_01b.pdf,NULL
S200RL,Wedding Band,plain_bands,wedding_bands,Rectangular Lightweight,rectangular,NULL,1,bands_php/thumbs/images/plain/S200RL.png,0,page_01b.pdf,NULL
S400RM,Wedding Band,plain_bands,wedding_bands,Rectangular Lightweight,rectangular,NULL,1,bands_php/thumbs/images/plain/S400RM.png,0,page_01b.pdf,NULL
S500RM,Wedding Band,plain_bands,wedding_bands,Rectangular Lightweight,rectangular,NULL,1,bands_php/thumbs/images/plain/S500RM.png,0,page_01b.pdf,NULL
255L,Wedding Band (Ladies),plain_bands,wedding_bands,NULL,NULL,NULL,0,no images found,1,page_04a.pdf,NULL
319L,Wedding Band (Ladies),plain_bands,wedding_bands,NULL,NULL,NULL,0,no images found,1,page_02b.pdf,NULL
540L,Wedding Band (Ladies),plain_bands,wedding_bands,NULL,NULL,NULL,0,no images found,1,page_04c.pdf,NULL
1T69L,Wedding Band (Ladies),plain_bands,wedding_bands,NULL,NULL,NULL,0,no images found,1,page_02a.pdf,NULL
1T71L,Wedding Band (Ladies),plain_bands,wedding_bands,NULL,NULL,NULL,0,no images found,1,page_02a.pdf,NULL
1T85L,Wedding Band (Ladies),plain_bands,wedding_bands,NULL,NULL,NULL,0,no images found,1,page_02a.pdf,NULL
1T94L,Wedding Band (Ladies),plain_bands,wedding_bands,NULL,NULL,NULL,0,no images found,1,page_02a.pdf,NULL
2T77L,Wedding Band (Ladies),plain_bands,wedding_bands,NULL,NULL,NULL,0,no images found,1,page_02b.pdf,NULL
2T83L,Wedding Band (Ladies),plain_bands,wedding_bands,NULL,NULL,NULL,0,no images found,1,page_02b.pdf,NULL
2T85L,Wedding Band (Ladies),plain_bands,wedding_bands,NULL,NULL,NULL,0,no images found,1,page_02b.pdf,NULL
3T11L,Wedding Band (Ladies),plain_bands,wedding_bands,NULL,NULL,NULL,0,no images found,1,page_02b.pdf,NULL
3T27L,Wedding Band (Ladies),plain_bands,wedding_bands,NULL,NULL,NULL,0,no images found,1,page_03b.pdf,NULL
3T29L,Wedding Band (Ladies),plain_bands,wedding_bands,NULL,NULL,NULL,0,no images found,1,page_03b.pdf,NULL
3T31L,Wedding Band (Ladies),plain_bands,wedding_bands,NULL,NULL,NULL,0,no images found,1,page_03b.pdf,NULL
3T45L,Wedding Band (Ladies),plain_bands,wedding_bands,NULL,NULL,NULL,0,no images found,1,page_05b.pdf,NULL
3T47L,Wedding Band (Ladies),plain_bands,wedding_bands,NULL,NULL,NULL,0,no images found,1,page_02b.pdf,NULL
3T49L,Wedding Band (Ladies),plain_bands,wedding_bands,NULL,NULL,NULL,0,no images found,1,page_02b.pdf,NULL
3T53L,Wedding Band (Ladies),plain_bands,wedding_bands,NULL,NULL,NULL,0,no images found,1,page_02c.pdf,NULL
3T61L,Wedding Band (Ladies),plain_bands,wedding_bands,NULL,NULL,NULL,0,no images found,1,page_05b.pdf,NULL
3T73L,Wedding Band (Ladies),plain_bands,wedding_bands,NULL,NULL,NULL,0,no images found,1,page_02c.pdf,NULL
3T75L,Wedding Band (Ladies),plain_bands,wedding_bands,NULL,NULL,NULL,0,no images found,1,page_02c.pdf,NULL
3T77L,Wedding Band (Ladies),plain_bands,wedding_bands,NULL,NULL,NULL,0,no images found,1,page_02c.pdf,NULL
3T79L,Wedding Band (Ladies),plain_bands,wedding_bands,NULL,NULL,NULL,0,no images found,1,page_02c.pdf,NULL
3T83L,Wedding Band (Ladies),plain_bands,wedding_bands,NULL,NULL,NULL,0,no images found,1,page_02c.pdf,NULL
3T85L,Wedding Band (Ladies),plain_bands,wedding_bands,NULL,NULL,NULL,0,no images found,1,page_02c.pdf,NULL
3T89L,Wedding Band (Ladies),plain_bands,wedding_bands,NULL,NULL,NULL,0,no images found,1,page_02c.pdf,NULL
3T93L,Wedding Band (Ladies),plain_bands,wedding_bands,NULL,NULL,NULL,0,no images found,1,page_05b.pdf,NULL
3T95L,Wedding Band (Ladies),plain_bands,wedding_bands,NULL,NULL,NULL,0,no images found,1,page_05b.pdf,NULL
3T97L,Wedding Band (Ladies),plain_bands,wedding_bands,NULL,NULL,NULL,0,no images found,1,page_05b.pdf,NULL
3T99L,Wedding Band (Ladies),plain_bands,wedding_bands,NULL,NULL,NULL,0,no images found,1,page_03b.pdf,NULL
400BL,Wedding Band (Ladies),plain_bands,wedding_bands,NULL,NULL,NULL,0,no images found,1,page_01b.pdf,NULL
4921L,Wedding Band (Ladies),plain_bands,wedding_bands,NULL,NULL,NULL,0,no images found,1,page_06a.pdf,NULL
4925L,Wedding Band (Ladies),plain_bands,wedding_bands,NULL,NULL,NULL,0,no images found,1,page_06a.pdf,NULL
4927L,Wedding Band (Ladies),plain_bands,wedding_bands,NULL,NULL,NULL,0,no images found,1,page_06a.pdf,NULL
4931L,Wedding Band (Ladies),plain_bands,wedding_bands,NULL,NULL,NULL,0,no images found,1,page_06a.pdf,NULL
4933L,Wedding Band (Ladies),plain_bands,wedding_bands,NULL,NULL,NULL,0,no images found,1,page_06a.pdf,NULL
4937L,Wedding Band (Ladies),plain_bands,wedding_bands,NULL,NULL,NULL,0,no images found,1,page_01b.pdf,NULL
4T15L,Wedding Band (Ladies),plain_bands,wedding_bands,NULL,NULL,NULL,0,no images found,1,page_03b.pdf,NULL
4T17L,Wedding Band (Ladies),plain_bands,wedding_bands,NULL,NULL,NULL,0,no images found,1,page_03c.pdf,NULL
4T37L,Wedding Band (Ladies),plain_bands,wedding_bands,NULL,NULL,NULL,0,no images found,1,page_03c.pdf,NULL
4T47L,Wedding Band (Ladies),plain_bands,wedding_bands,NULL,NULL,NULL,0,no images found,1,page_03c.pdf,NULL
4T49L,Wedding Band (Ladies),plain_bands,wedding_bands,NULL,NULL,NULL,0,no images found,1,page_03c.pdf,NULL
4T55L,Wedding Band (Ladies),plain_bands,wedding_bands,NULL,NULL,NULL,0,no images found,1,page_05b.pdf,NULL
4T57L,Wedding Band (Ladies),plain_bands,wedding_bands,NULL,NULL,NULL,0,no images found,1,page_05b.pdf,NULL
4T59L,Wedding Band (Ladies),plain_bands,wedding_bands,NULL,NULL,NULL,0,no images found,1,page_05b.pdf,NULL
4T61L,Wedding Band (Ladies),plain_bands,wedding_bands,NULL,NULL,NULL,0,no images found,1,page_05b.pdf,NULL
4T63L,Wedding Band (Ladies),plain_bands,wedding_bands,NULL,NULL,NULL,0,no images found,1,page_04b.pdf,NULL
4T67L,Wedding Band (Ladies),plain_bands,wedding_bands,NULL,NULL,NULL,0,no images found,1,page_04b.pdf,NULL
4T69L,Wedding Band (Ladies),plain_bands,wedding_bands,NULL,NULL,NULL,0,no images found,1,page_05b.pdf,NULL
4T79L,Wedding Band (Ladies),plain_bands,wedding_bands,NULL,NULL,NULL,0,no images found,1,page_03d.pdf,NULL
4T81L,Wedding Band (Ladies),plain_bands,wedding_bands,NULL,NULL,NULL,0,no images found,1,page_03d.pdf,NULL
4T85L,Wedding Band (Ladies),plain_bands,wedding_bands,NULL,NULL,NULL,0,no images found,1,page_03d.pdf,NULL
4T87L,Wedding Band (Ladies),plain_bands,wedding_bands,NULL,NULL,NULL,0,no images found,1,page_03d.pdf,NULL
4T89L,Wedding Band (Ladies),plain_bands,wedding_bands,NULL,NULL,NULL,0,no images found,1,page_03d.pdf,NULL
4T91L,Wedding Band (Ladies),plain_bands,wedding_bands,NULL,NULL,NULL,0,no images found,1,page_03d.pdf,NULL
4T93L,Wedding Band (Ladies),plain_bands,wedding_bands,NULL,NULL,NULL,0,no images found,1,page_03d.pdf,NULL
4T95L,Wedding Band (Ladies),plain_bands,wedding_bands,NULL,NULL,NULL,0,no images found,1,page_03d.pdf,NULL
5007L,Wedding Band (Ladies),plain_bands,wedding_bands,NULL,NULL,NULL,0,no images found,1,page_06a.pdf,NULL
500CL,Wedding Band (Ladies),plain_bands,wedding_bands,NULL,NULL,NULL,0,no images found,1,page_01b.pdf,NULL
5013L,Wedding Band (Ladies),plain_bands,wedding_bands,NULL,NULL,NULL,0,no images found,1,page_06a.pdf,NULL
5017L,Wedding Band (Ladies),plain_bands,wedding_bands,NULL,NULL,NULL,0,no images found,1,page_05b.pdf,NULL
5027L,Wedding Band (Ladies),plain_bands,wedding_bands,NULL,NULL,NULL,0,no images found,1,page_06b.pdf,NULL
5035L,Wedding Band (Ladies),plain_bands,wedding_bands,NULL,NULL,NULL,0,no images found,1,page_06b.pdf,NULL
5037L,Wedding Band (Ladies),plain_bands,wedding_bands,NULL,NULL,NULL,0,no images found,1,page_06b.pdf,NULL
5039L,Wedding Band (Ladies),plain_bands,wedding_bands,NULL,NULL,NULL,0,no images found,1,page_06b.pdf,NULL
5097L,Wedding Band (Ladies),plain_bands,wedding_bands,NULL,NULL,NULL,0,no images found,1,page_06c.pdf,NULL
5141L,Wedding Band (Ladies),plain_bands,wedding_bands,NULL,NULL,NULL,0,no images found,1,page_06b.pdf,NULL
5156L,Wedding Band (Ladies),plain_bands,wedding_bands,NULL,NULL,NULL,0,no images found,1,page_06c.pdf,NULL
5160L,Wedding Band (Ladies),plain_bands,wedding_bands,NULL,NULL,NULL,0,no images found,1,page_06c.pdf,NULL
5163L,Wedding Band (Ladies),plain_bands,wedding_bands,NULL,NULL,NULL,0,no images found,1,page_06c.pdf,NULL
5173L,Wedding Band (Ladies),plain_bands,wedding_bands,NULL,NULL,NULL,0,no images found,1,page_06d.pdf,NULL
5175L,Wedding Band (Ladies),plain_bands,wedding_bands,NULL,NULL,NULL,0,no images found,1,page_06d.pdf,NULL
5177L,Wedding Band (Ladies),plain_bands,wedding_bands,NULL,NULL,NULL,0,no images found,1,page_06d.pdf,NULL
5179L,Wedding Band (Ladies),plain_bands,wedding_bands,NULL,NULL,NULL,0,no images found,1,page_06d.pdf,NULL
5181L,Wedding Band (Ladies),plain_bands,wedding_bands,NULL,NULL,NULL,0,no images found,1,page_06d.pdf,NULL
5183L,Wedding Band (Ladies),plain_bands,wedding_bands,NULL,NULL,NULL,0,no images found,1,page_06d.pdf,NULL
5185L,Wedding Band (Ladies),plain_bands,wedding_bands,NULL,NULL,NULL,0,no images found,1,page_06d.pdf,NULL
5187L,Wedding Band (Ladies),plain_bands,wedding_bands,NULL,NULL,NULL,0,no images found,1,page_06d.pdf,NULL
5189L,Wedding Band (Ladies),plain_bands,wedding_bands,NULL,NULL,NULL,0,no images found,1,page_06d.pdf,NULL
5190L,Wedding Band (Ladies),plain_bands,wedding_bands,NULL,NULL,NULL,0,no images found,1,page_06d.pdf,NULL
5197L,Wedding Band (Ladies),plain_bands,wedding_bands,NULL,NULL,NULL,0,no images found,1,page_06e.pdf,NULL
5199L,Wedding Band (Ladies),plain_bands,wedding_bands,NULL,NULL,NULL,0,no images found,1,page_06e.pdf,NULL
5201L,Wedding Band (Ladies),plain_bands,wedding_bands,NULL,NULL,NULL,0,no images found,1,page_06e.pdf,NULL
5203L,Wedding Band (Ladies),plain_bands,wedding_bands,NULL,NULL,NULL,0,no images found,1,page_06e.pdf,NULL
5205L,Wedding Band (Ladies),plain_bands,wedding_bands,NULL,NULL,NULL,0,no images found,1,page_06e.pdf,NULL
5207L,Wedding Band (Ladies),plain_bands,wedding_bands,NULL,NULL,NULL,0,no images found,1,page_06e.pdf,NULL
5209L,Wedding Band (Ladies),plain_bands,wedding_bands,NULL,NULL,NULL,0,no images found,1,page_06e.pdf,NULL
5211L,Wedding Band (Ladies),plain_bands,wedding_bands,NULL,NULL,NULL,0,no images found,1,page_06e.pdf,NULL
5213L,Wedding Band (Ladies),plain_bands,wedding_bands,NULL,NULL,NULL,0,no images found,1,page_06e.pdf,NULL
5215L,Wedding Band (Ladies),plain_bands,wedding_bands,NULL,NULL,NULL,0,no images found,1,page_06e.pdf,NULL
5223L,Wedding Band (Ladies),plain_bands,wedding_bands,NULL,NULL,NULL,0,no images found,1,page_06f.pdf,NULL
5225L,Wedding Band (Ladies),plain_bands,wedding_bands,NULL,NULL,NULL,0,no images found,1,page_06f.pdf,NULL
5227L,Wedding Band (Ladies),plain_bands,wedding_bands,NULL,NULL,NULL,0,no images found,1,page_06f.pdf,NULL
5229L,Wedding Band (Ladies),plain_bands,wedding_bands,NULL,NULL,NULL,0,no images found,1,page_06f.pdf,NULL
5233L,Wedding Band (Ladies),plain_bands,wedding_bands,NULL,NULL,NULL,0,no images found,1,page_06f.pdf,NULL
5235L,Wedding Band (Ladies),plain_bands,wedding_bands,NULL,NULL,NULL,0,no images found,1,page_06f.pdf,NULL
5237L,Wedding Band (Ladies),plain_bands,wedding_bands,NULL,NULL,NULL,0,no images found,1,page_06f.pdf,NULL
5239L,Wedding Band (Ladies),plain_bands,wedding_bands,NULL,NULL,NULL,0,no images found,1,page_06f.pdf,NULL
5240L,Wedding Band (Ladies),plain_bands,wedding_bands,NULL,NULL,NULL,0,no images found,1,page_06f.pdf,NULL
5256L,Wedding Band (Ladies),plain_bands,wedding_bands,NULL,NULL,NULL,0,no images found,1,page_07b.pdf,NULL
5263L,Wedding Band (Ladies),plain_bands,wedding_bands,NULL,NULL,NULL,0,no images found,1,page_06i.pdf,NULL
5273L,Wedding Band (Ladies),plain_bands,wedding_bands,NULL,NULL,NULL,0,no images found,1,page_06g.pdf,NULL
5275L,Wedding Band (Ladies),plain_bands,wedding_bands,NULL,NULL,NULL,0,no images found,1,page_06g.pdf,NULL
5277L,Wedding Band (Ladies),plain_bands,wedding_bands,NULL,NULL,NULL,0,no images found,1,page_06g.pdf,NULL
5279L,Wedding Band (Ladies),plain_bands,wedding_bands,NULL,NULL,NULL,0,no images found,1,page_06g.pdf,NULL
5281L,Wedding Band (Ladies),plain_bands,wedding_bands,NULL,NULL,NULL,0,no images found,1,page_06g.pdf,NULL
5283L,Wedding Band (Ladies),plain_bands,wedding_bands,NULL,NULL,NULL,0,no images found,1,page_06g.pdf,NULL
5285L,Wedding Band (Ladies),plain_bands,wedding_bands,NULL,NULL,NULL,0,no images found,1,page_06g.pdf,NULL
5287L,Wedding Band (Ladies),plain_bands,wedding_bands,NULL,NULL,NULL,0,no images found,1,page_06g.pdf,NULL
5289L,Wedding Band (Ladies),plain_bands,wedding_bands,NULL,NULL,NULL,0,no images found,1,page_06g.pdf,NULL
5293L,Wedding Band (Ladies),plain_bands,wedding_bands,NULL,NULL,NULL,0,no images found,1,page_06g.pdf,NULL
5319L,Wedding Band (Ladies),plain_bands,wedding_bands,NULL,NULL,NULL,0,no images found,1,page_06h.pdf,NULL
5321L,Wedding Band (Ladies),plain_bands,wedding_bands,NULL,NULL,NULL,0,no images found,1,page_06h.pdf,NULL
5323L,Wedding Band (Ladies),plain_bands,wedding_bands,NULL,NULL,NULL,0,no images found,1,page_06h.pdf,NULL
5327L,Wedding Band (Ladies),plain_bands,wedding_bands,NULL,NULL,NULL,0,no images found,1,page_06h.pdf,NULL
5329L,Wedding Band (Ladies),plain_bands,wedding_bands,NULL,NULL,NULL,0,no images found,1,page_06h.pdf,NULL
5335L,Wedding Band (Ladies),plain_bands,wedding_bands,NULL,NULL,NULL,0,no images found,1,page_06l.pdf,NULL
5339L,Wedding Band (Ladies),plain_bands,wedding_bands,NULL,NULL,NULL,0,no images found,1,page_06h.pdf,NULL
5341L,Wedding Band (Ladies),plain_bands,wedding_bands,NULL,NULL,NULL,0,no images found,1,page_06l.pdf,NULL
5345L,Wedding Band (Ladies),plain_bands,wedding_bands,NULL,NULL,NULL,0,no images found,1,page_06h.pdf,NULL
5347L,Wedding Band (Ladies),plain_bands,wedding_bands,NULL,NULL,NULL,0,no images found,1,page_06h.pdf,NULL
5349L,Wedding Band (Ladies),plain_bands,wedding_bands,NULL,NULL,NULL,0,no images found,1,page_06h.pdf,NULL
5351L,Wedding Band (Ladies),plain_bands,wedding_bands,NULL,NULL,NULL,0,no images found,1,page_06h.pdf,NULL
5353L,Wedding Band (Ladies),plain_bands,wedding_bands,NULL,NULL,NULL,0,no images found,1,page_06h.pdf,NULL
5355L,Wedding Band (Ladies),plain_bands,wedding_bands,NULL,NULL,NULL,0,no images found,1,page_06h.pdf,NULL
5357L,Wedding Band (Ladies),plain_bands,wedding_bands,NULL,NULL,NULL,0,no images found,1,page_06i.pdf,NULL
5359L,Wedding Band (Ladies),plain_bands,wedding_bands,NULL,NULL,NULL,0,no images found,1,page_06i.pdf,NULL
5361L,Wedding Band (Ladies),plain_bands,wedding_bands,NULL,NULL,NULL,0,no images found,1,page_06i.pdf,NULL
5365L,Wedding Band (Ladies),plain_bands,wedding_bands,NULL,NULL,NULL,0,no images found,1,page_06i.pdf,NULL
5367L,Wedding Band (Ladies),plain_bands,wedding_bands,NULL,NULL,NULL,0,no images found,1,page_06i.pdf,NULL
5369L,Wedding Band (Ladies),plain_bands,wedding_bands,NULL,NULL,NULL,0,no images found,1,page_06i.pdf,NULL
5371L,Wedding Band (Ladies),plain_bands,wedding_bands,NULL,NULL,NULL,0,no images found,1,page_06i.pdf,NULL
5375L,Wedding Band (Ladies),plain_bands,wedding_bands,NULL,NULL,NULL,0,no images found,1,page_06i.pdf,NULL
5377L,Wedding Band (Ladies),plain_bands,wedding_bands,NULL,NULL,NULL,0,no images found,1,page_06i.pdf,NULL
5385L,Wedding Band (Ladies),plain_bands,wedding_bands,NULL,NULL,NULL,0,no images found,1,page_06i.pdf,NULL
5387L,Wedding Band (Ladies),plain_bands,wedding_bands,NULL,NULL,NULL,0,no images found,1,page_06l.pdf,NULL
5389L,Wedding Band (Ladies),plain_bands,wedding_bands,NULL,NULL,NULL,0,no images found,1,page_06i.pdf,NULL
5391L,Wedding Band (Ladies),plain_bands,wedding_bands,NULL,NULL,NULL,0,no images found,1,page_06k.pdf,NULL
5392L,Wedding Band (Ladies),plain_bands,wedding_bands,NULL,NULL,NULL,0,no images found,1,page_06j.pdf,NULL
5394L,Wedding Band (Ladies),plain_bands,wedding_bands,NULL,NULL,NULL,0,no images found,1,page_06j.pdf,NULL
5410L,Wedding Band (Ladies),plain_bands,wedding_bands,NULL,NULL,NULL,0,no images found,1,page_01b.pdf,NULL
5412L,Wedding Band (Ladies),plain_bands,wedding_bands,NULL,NULL,NULL,0,no images found,1,page_01b.pdf,NULL
5414L,Wedding Band (Ladies),plain_bands,wedding_bands,NULL,NULL,NULL,0,no images found,1,page_01b.pdf,NULL
5503L,Wedding Band (Ladies),plain_bands,wedding_bands,NULL,NULL,NULL,0,no images found,1,page_06j.pdf,NULL
5505L,Wedding Band (Ladies),plain_bands,wedding_bands,NULL,NULL,NULL,0,no images found,1,page_06j.pdf,NULL
5507L,Wedding Band (Ladies),plain_bands,wedding_bands,NULL,NULL,NULL,0,no images found,1,page_06j.pdf,NULL
5509L,Wedding Band (Ladies),plain_bands,wedding_bands,NULL,NULL,NULL,0,no images found,1,page_06j.pdf,NULL
5511L,Wedding Band (Ladies),plain_bands,wedding_bands,NULL,NULL,NULL,0,no images found,1,page_06k.pdf,NULL
5513L,Wedding Band (Ladies),plain_bands,wedding_bands,NULL,NULL,NULL,0,no images found,1,page_06j.pdf,NULL
5515L,Wedding Band (Ladies),plain_bands,wedding_bands,NULL,NULL,NULL,0,no images found,1,page_06k.pdf,NULL
5517L,Wedding Band (Ladies),plain_bands,wedding_bands,NULL,NULL,NULL,0,no images found,1,page_06j.pdf,NULL
5519L,Wedding Band (Ladies),plain_bands,wedding_bands,NULL,NULL,NULL,0,no images found,1,page_06j.pdf,NULL
5525L,Wedding Band (Ladies),plain_bands,wedding_bands,NULL,NULL,NULL,0,no images found,1,page_06k.pdf,NULL
5527L,Wedding Band (Ladies),plain_bands,wedding_bands,NULL,NULL,NULL,0,no images found,1,page_06k.pdf,NULL
5529L,Wedding Band (Ladies),plain_bands,wedding_bands,NULL,NULL,NULL,0,no images found,1,page_06k.pdf,NULL
5531L,Wedding Band (Ladies),plain_bands,wedding_bands,NULL,NULL,NULL,0,no images found,1,page_06k.pdf,NULL
5533L,Wedding Band (Ladies),plain_bands,wedding_bands,NULL,NULL,NULL,0,no images found,1,page_06k.pdf,NULL
5535L,Wedding Band (Ladies),plain_bands,wedding_bands,NULL,NULL,NULL,0,no images found,1,page_03eee.pdf,NULL
5537L,Wedding Band (Ladies),plain_bands,wedding_bands,NULL,NULL,NULL,0,no images found,1,page_06k.pdf,NULL
5539L,Wedding Band (Ladies),plain_bands,wedding_bands,NULL,NULL,NULL,0,no images found,1,page_06k.pdf,NULL
5541L,Wedding Band (Ladies),plain_bands,wedding_bands,NULL,NULL,NULL,0,no images found,1,page_03eee.pdf,NULL
5547L,Wedding Band (Ladies),plain_bands,wedding_bands,NULL,NULL,NULL,0,no images found,1,page_06l.pdf,NULL
5549L,Wedding Band (Ladies),plain_bands,wedding_bands,NULL,NULL,NULL,0,no images found,1,page_06l.pdf,NULL
5551L,Wedding Band (Ladies),plain_bands,wedding_bands,NULL,NULL,NULL,0,no images found,1,page_06l.pdf,NULL
5553L,Wedding Band (Ladies),plain_bands,wedding_bands,NULL,NULL,NULL,0,no images found,1,page_06l.pdf,NULL
5555L,Wedding Band (Ladies),plain_bands,wedding_bands,NULL,NULL,NULL,0,no images found,1,page_06l.pdf,NULL
5557L,Wedding Band (Ladies),plain_bands,wedding_bands,NULL,NULL,NULL,0,no images found,1,page_06l.pdf,NULL
5559L,Wedding Band (Ladies),plain_bands,wedding_bands,NULL,NULL,NULL,0,no images found,1,page_06l.pdf,NULL
5561L,Wedding Band (Ladies),plain_bands,wedding_bands,NULL,NULL,NULL,0,no images found,1,page_06j.pdf,NULL
5573L,Wedding Band (Ladies),plain_bands,wedding_bands,NULL,NULL,NULL,0,no images found,1,page_06l.pdf,NULL
5575L,Wedding Band (Ladies),plain_bands,wedding_bands,NULL,NULL,NULL,0,no images found,1,page_06l.pdf,NULL
5577L,Wedding Band (Ladies),plain_bands,wedding_bands,NULL,NULL,NULL,0,no images found,1,page_06l.pdf,NULL
5579L,Wedding Band (Ladies),plain_bands,wedding_bands,NULL,NULL,NULL,0,no images found,1,page_06l.pdf,NULL
5645L,Wedding Band (Ladies),plain_bands,wedding_bands,NULL,NULL,NULL,0,no images found,1,page_03eee.pdf,NULL
5T09L,Wedding Band (Ladies),plain_bands,wedding_bands,NULL,NULL,NULL,0,no images found,1,page_03g.pdf,NULL
5T11L,Wedding Band (Ladies),plain_bands,wedding_bands,NULL,NULL,NULL,0,no images found,1,page_02d.pdf,NULL
5T57L,Wedding Band (Ladies),plain_bands,wedding_bands,NULL,NULL,NULL,0,no images found,1,page_03g.pdf,NULL
5T59L,Wedding Band (Ladies),plain_bands,wedding_bands,NULL,NULL,NULL,0,no images found,1,page_03g.pdf,NULL
5T63L,Wedding Band (Ladies),plain_bands,wedding_bands,NULL,NULL,NULL,0,no images found,1,page_03h.pdf,NULL
5T65L,Wedding Band (Ladies),plain_bands,wedding_bands,NULL,NULL,NULL,0,no images found,1,page_03h.pdf,NULL
5T73L,Wedding Band (Ladies),plain_bands,wedding_bands,NULL,NULL,NULL,0,no images found,1,page_03h.pdf,NULL
5T83L,Wedding Band (Ladies),plain_bands,wedding_bands,NULL,NULL,NULL,0,no images found,1,page_03j.pdf,NULL
5T95L,Wedding Band (Ladies),plain_bands,wedding_bands,NULL,NULL,NULL,0,no images found,1,page_03i.pdf,NULL
5T97L,Wedding Band (Ladies),plain_bands,wedding_bands,NULL,NULL,NULL,0,no images found,1,page_03j.pdf,NULL
6T05L,Wedding Band (Ladies),plain_bands,wedding_bands,NULL,NULL,NULL,0,no images found,1,page_03i.pdf,NULL
6T07L,Wedding Band (Ladies),plain_bands,wedding_bands,NULL,NULL,NULL,0,no images found,1,page_03i.pdf,NULL
6T09L,Wedding Band (Ladies),plain_bands,wedding_bands,NULL,NULL,NULL,0,no images found,1,page_03i.pdf,NULL
6T13L,Wedding Band (Ladies),plain_bands,wedding_bands,NULL,NULL,NULL,0,no images found,1,page_03i.pdf,NULL
6T17L,Wedding Band (Ladies),plain_bands,wedding_bands,NULL,NULL,NULL,0,no images found,1,page_03i.pdf,NULL
6T20L,Wedding Band (Ladies),plain_bands,wedding_bands,NULL,NULL,NULL,0,no images found,1,page_03j.pdf,NULL
6T23L,Wedding Band (Ladies),plain_bands,wedding_bands,NULL,NULL,NULL,0,no images found,1,page_03j.pdf,NULL
6T26L,Wedding Band (Ladies),plain_bands,wedding_bands,NULL,NULL,NULL,0,no images found,1,page_02d.pdf,NULL
6T28L,Wedding Band (Ladies),plain_bands,wedding_bands,NULL,NULL,NULL,0,no images found,1,page_02d.pdf,NULL
6T31L,Wedding Band (Ladies),plain_bands,wedding_bands,NULL,NULL,NULL,0,no images found,1,page_03a.pdf,NULL
6T34L,Wedding Band (Ladies),plain_bands,wedding_bands,NULL,NULL,NULL,0,no images found,1,page_02d.pdf,NULL
6T36L,Wedding Band (Ladies),plain_bands,wedding_bands,NULL,NULL,NULL,0,no images found,1,page_02d.pdf,NULL
6T38L,Wedding Band (Ladies),plain_bands,wedding_bands,NULL,NULL,NULL,0,no images found,1,page_02d.pdf,NULL
6T41L,Wedding Band (Ladies),plain_bands,wedding_bands,NULL,NULL,NULL,0,no images found,1,page_02d.pdf,NULL
6T43L,Wedding Band (Ladies),plain_bands,wedding_bands,NULL,NULL,NULL,0,no images found,1,page_02d.pdf,NULL
6T47L,Wedding Band (Ladies),plain_bands,wedding_bands,NULL,NULL,NULL,0,no images found,1,page_03j.pdf,NULL
6T49L,Wedding Band (Ladies),plain_bands,wedding_bands,NULL,NULL,NULL,0,no images found,1,page_03j.pdf,NULL
6T51L,Wedding Band (Ladies),plain_bands,wedding_bands,NULL,NULL,NULL,0,no images found,1,page_03a.pdf,NULL
6T53L,Wedding Band (Ladies),plain_bands,wedding_bands,NULL,NULL,NULL,0,no images found,1,page_03a.pdf,NULL
6T55L,Wedding Band (Ladies),plain_bands,wedding_bands,NULL,NULL,NULL,0,no images found,1,page_03j.pdf,NULL
6T57L,Wedding Band (Ladies),plain_bands,wedding_bands,NULL,NULL,NULL,0,no images found,1,page_03j.pdf,NULL
6T59L,Wedding Band (Ladies),plain_bands,wedding_bands,NULL,NULL,NULL,0,no images found,1,page_03j.pdf,NULL
6T60L,Wedding Band (Ladies),plain_bands,wedding_bands,NULL,NULL,NULL,0,no images found,1,page_03j.pdf,NULL
6T63L,Wedding Band (Ladies),plain_bands,wedding_bands,NULL,NULL,NULL,0,no images found,1,page_03j.pdf,NULL
6T67L,Wedding Band (Ladies),plain_bands,wedding_bands,NULL,NULL,NULL,0,no images found,1,page_02d.pdf,NULL
6T69L,Wedding Band (Ladies),plain_bands,wedding_bands,NULL,NULL,NULL,0,no images found,1,page_02d.pdf,NULL
6T71L,Wedding Band (Ladies),plain_bands,wedding_bands,NULL,NULL,NULL,0,no images found,1,page_02d.pdf,NULL
6T73L,Wedding Band (Ladies),plain_bands,wedding_bands,NULL,NULL,NULL,0,no images found,1,page_03j.pdf,NULL
6T93L,Wedding Band (Ladies),plain_bands,wedding_bands,NULL,NULL,NULL,0,no images found,1,page_03a.pdf,NULL
7T21L,Wedding Band (Ladies),plain_bands,wedding_bands,NULL,NULL,NULL,0,no images found,1,page_02a.pdf,NULL
7T23L,Wedding Band (Ladies),plain_bands,wedding_bands,NULL,NULL,NULL,0,no images found,1,page_02b.pdf,NULL
7T29L,Wedding Band (Ladies),plain_bands,wedding_bands,NULL,NULL,NULL,0,no images found,1,page_02b.pdf,NULL
7T43L,Wedding Band (Ladies),plain_bands,wedding_bands,NULL,NULL,NULL,0,no images found,1,page_02b.pdf,NULL
7T59L,Wedding Band (Ladies),plain_bands,wedding_bands,NULL,NULL,NULL,0,no images found,1,page_02b.pdf,NULL
8T96L,Wedding Band (Ladies),plain_bands,wedding_bands,NULL,NULL,NULL,0,no images found,1,page_05a.pdf,NULL
4T01CL,Wedding Band (Ladies),plain_bands,wedding_bands,NULL,NULL,NULL,0,no images found,1,page_01b.pdf,NULL
5231DL,Wedding Band (Ladies),plain_bands,wedding_bands,NULL,NULL,NULL,0,no images found,1,page_06f.pdf,NULL
5242DL,Wedding Band (Ladies),plain_bands,wedding_bands,NULL,NULL,NULL,0,no images found,1,page_06f.pdf,NULL
5245DL,Wedding Band (Ladies),plain_bands,wedding_bands,NULL,NULL,NULL,0,no images found,1,page_06f.pdf,NULL
5271AL,Wedding Band (Ladies),plain_bands,wedding_bands,NULL,NULL,NULL,0,no images found,1,page_06g.pdf,NULL
5391DL,Wedding Band (Ladies),plain_bands,wedding_bands,NULL,NULL,NULL,0,no images found,1,page_06k.pdf,NULL
5563DL,Wedding Band (Ladies),plain_bands,wedding_bands,NULL,NULL,NULL,0,no images found,1,page_06j.pdf,NULL
5T03AL,Wedding Band (Ladies),plain_bands,wedding_bands,NULL,NULL,NULL,0,no images found,1,page_01b.pdf,NULL
5T18AL,Wedding Band (Ladies),plain_bands,wedding_bands,NULL,NULL,NULL,0,no images found,1,page_01a.pdf,NULL
5T18CL,Wedding Band (Ladies),plain_bands,wedding_bands,NULL,NULL,NULL,0,no images found,1,page_01a.pdf,NULL
D4T15L,Wedding Band (Ladies),plain_bands,wedding_bands,NULL,NULL,NULL,0,no images found,1,page_01b.pdf,NULL
D4T17L,Wedding Band (Ladies),plain_bands,wedding_bands,NULL,NULL,NULL,0,no images found,1,page_01b.pdf,NULL
D4T81L,Wedding Band (Ladies),plain_bands,wedding_bands,NULL,NULL,NULL,0,no images found,1,page_01b.pdf,NULL
D4T95L,Wedding Band (Ladies),plain_bands,wedding_bands,NULL,NULL,NULL,0,no images found,1,page_01b.pdf,NULL
208M,Wedding Band (Mens),plain_bands,wedding_bands,NULL,NULL,NULL,0,no images found,1,page_04a.pdf,NULL
254M,Wedding Band (Mens),plain_bands,wedding_bands,NULL,NULL,NULL,0,no images found,1,page_04a.pdf,NULL
306M,Wedding Band (Mens),plain_bands,wedding_bands,NULL,NULL,NULL,0,no images found,1,page_02b.pdf,NULL
318M,Wedding Band (Mens),plain_bands,wedding_bands,NULL,NULL,NULL,0,no images found,1,page_02b.pdf,NULL
342M,Wedding Band (Mens),plain_bands,wedding_bands,NULL,NULL,NULL,0,no images found,1,page_05a.pdf,NULL
532M,Wedding Band (Mens),plain_bands,wedding_bands,NULL,NULL,NULL,0,no images found,1,page_04c.pdf,NULL
534M,Wedding Band (Mens),plain_bands,wedding_bands,NULL,NULL,NULL,0,no images found,1,page_04c.pdf,NULL
538M,Wedding Band (Mens),plain_bands,wedding_bands,NULL,NULL,NULL,0,no images found,1,page_04c.pdf,NULL
540M,Wedding Band (Mens),plain_bands,wedding_bands,NULL,NULL,NULL,0,no images found,1,page_04c.pdf,NULL
542M,Wedding Band (Mens),plain_bands,wedding_bands,NULL,NULL,NULL,0,no images found,1,page_04c.pdf,NULL
544M,Wedding Band (Mens),plain_bands,wedding_bands,NULL,NULL,NULL,0,no images found,1,page_04c.pdf,NULL
546M,Wedding Band (Mens),plain_bands,wedding_bands,NULL,NULL,NULL,0,no images found,1,page_04c.pdf,NULL
644M,Wedding Band (Mens),plain_bands,wedding_bands,NULL,NULL,NULL,0,no images found,1,page_03i.pdf,NULL
914M,Wedding Band (Mens),plain_bands,wedding_bands,NULL,NULL,NULL,0,no images found,1,page_04a.pdf,NULL
940M,Wedding Band (Mens),plain_bands,wedding_bands,NULL,NULL,NULL,0,no images found,1,page_05a.pdf,NULL
944M,Wedding Band (Mens),plain_bands,wedding_bands,NULL,NULL,NULL,0,no images found,1,page_04a.pdf,NULL
946M,Wedding Band (Mens),plain_bands,wedding_bands,NULL,NULL,NULL,0,no images found,1,page_04a.pdf,NULL
W99M,Wedding Band (Mens),plain_bands,wedding_bands,NULL,NULL,NULL,0,no images found,1,page_01b.pdf,NULL
1T68M,Wedding Band (Mens),plain_bands,wedding_bands,NULL,NULL,NULL,0,no images found,1,page_02a.pdf,NULL
1T70M,Wedding Band (Mens),plain_bands,wedding_bands,NULL,NULL,NULL,0,no images found,1,page_02a.pdf,NULL
1T84M,Wedding Band (Mens),plain_bands,wedding_bands,NULL,NULL,NULL,0,no images found,1,page_02a.pdf,NULL
1T94M,Wedding Band (Mens),plain_bands,wedding_bands,NULL,NULL,NULL,0,no images found,1,page_02a.pdf,NULL
266DM,Wedding Band (Mens),plain_bands,wedding_bands,NULL,NULL,NULL,0,no images found,1,page_04a.pdf,NULL
268DM,Wedding Band (Mens),plain_bands,wedding_bands,NULL,NULL,NULL,0,no images found,1,page_04b.pdf,NULL
288DM,Wedding Band (Mens),plain_bands,wedding_bands,NULL,NULL,NULL,0,no images found,1,page_04b.pdf,NULL
290DM,Wedding Band (Mens),plain_bands,wedding_bands,NULL,NULL,NULL,0,no images found,1,page_04b.pdf,NULL
296DM,Wedding Band (Mens),plain_bands,wedding_bands,NULL,NULL,NULL,0,no images found,1,page_04b.pdf,NULL
2T20M,Wedding Band (Mens),plain_bands,wedding_bands,NULL,NULL,NULL,0,no images found,1,page_05a.pdf,NULL
2T24M,Wedding Band (Mens),plain_bands,wedding_bands,NULL,NULL,NULL,0,no images found,1,page_05a.pdf,NULL
2T26M,Wedding Band (Mens),plain_bands,wedding_bands,NULL,NULL,NULL,0,no images found,1,page_05a.pdf,NULL
2T30M,Wedding Band (Mens),plain_bands,wedding_bands,NULL,NULL,NULL,0,no images found,1,page_02a.pdf,NULL
2T44M,Wedding Band (Mens),plain_bands,wedding_bands,NULL,NULL,NULL,0,no images found,1,page_03b.pdf,NULL
2T76M,Wedding Band (Mens),plain_bands,wedding_bands,NULL,NULL,NULL,0,no images found,1,page_02b.pdf,NULL
2T82M,Wedding Band (Mens),plain_bands,wedding_bands,NULL,NULL,NULL,0,no images found,1,page_02b.pdf,NULL
2T84M,Wedding Band (Mens),plain_bands,wedding_bands,NULL,NULL,NULL,0,no images found,1,page_02b.pdf,NULL
3T10M,Wedding Band (Mens),plain_bands,wedding_bands,NULL,NULL,NULL,0,no images found,1,page_02b.pdf,NULL
3T26M,Wedding Band (Mens),plain_bands,wedding_bands,NULL,NULL,NULL,0,no images found,1,page_03b.pdf,NULL
3T28M,Wedding Band (Mens),plain_bands,wedding_bands,NULL,NULL,NULL,0,no images found,1,page_03b.pdf,NULL
3T30M,Wedding Band (Mens),plain_bands,wedding_bands,NULL,NULL,NULL,0,no images found,1,page_03b.pdf,NULL
3T44M,Wedding Band (Mens),plain_bands,wedding_bands,NULL,NULL,NULL,0,no images found,1,page_05b.pdf,NULL
3T46M,Wedding Band (Mens),plain_bands,wedding_bands,NULL,NULL,NULL,0,no images found,1,page_02b.pdf,NULL
3T48M,Wedding Band (Mens),plain_bands,wedding_bands,NULL,NULL,NULL,0,no images found,1,page_02b.pdf,NULL
3T52M,Wedding Band (Mens),plain_bands,wedding_bands,NULL,NULL,NULL,0,no images found,1,page_02c.pdf,NULL
3T56M,Wedding Band (Mens),plain_bands,wedding_bands,NULL,NULL,NULL,0,no images found,1,page_03b.pdf,NULL
3T58M,Wedding Band (Mens),plain_bands,wedding_bands,NULL,NULL,NULL,0,no images found,1,page_03b.pdf,NULL
3T60M,Wedding Band (Mens),plain_bands,wedding_bands,NULL,NULL,NULL,0,no images found,1,page_05b.pdf,NULL
3T72M,Wedding Band (Mens),plain_bands,wedding_bands,NULL,NULL,NULL,0,no images found,1,page_02c.pdf,NULL
3T74M,Wedding Band (Mens),plain_bands,wedding_bands,NULL,NULL,NULL,0,no images found,1,page_02c.pdf,NULL
3T76M,Wedding Band (Mens),plain_bands,wedding_bands,NULL,NULL,NULL,0,no images found,1,page_02c.pdf,NULL
3T78M,Wedding Band (Mens),plain_bands,wedding_bands,NULL,NULL,NULL,0,no images found,1,page_02c.pdf,NULL
3T82M,Wedding Band (Mens),plain_bands,wedding_bands,NULL,NULL,NULL,0,no images found,1,page_02c.pdf,NULL
3T84M,Wedding Band (Mens),plain_bands,wedding_bands,NULL,NULL,NULL,0,no images found,1,page_02c.pdf,NULL
3T86M,Wedding Band (Mens),plain_bands,wedding_bands,NULL,NULL,NULL,0,no images found,1,page_02c.pdf,NULL
3T88M,Wedding Band (Mens),plain_bands,wedding_bands,NULL,NULL,NULL,0,no images found,1,page_02c.pdf,NULL
3T92M,Wedding Band (Mens),plain_bands,wedding_bands,NULL,NULL,NULL,0,no images found,1,page_05b.pdf,NULL
3T94M,Wedding Band (Mens),plain_bands,wedding_bands,NULL,NULL,NULL,0,no images found,1,page_05b.pdf,NULL
3T96M,Wedding Band (Mens),plain_bands,wedding_bands,NULL,NULL,NULL,0,no images found,1,page_05b.pdf,NULL
3T98M,Wedding Band (Mens),plain_bands,wedding_bands,NULL,NULL,NULL,0,no images found,1,page_03b.pdf,NULL
4920M,Wedding Band (Mens),plain_bands,wedding_bands,NULL,NULL,NULL,0,no images found,1,page_06a.pdf,NULL
4922M,Wedding Band (Mens),plain_bands,wedding_bands,NULL,NULL,NULL,0,no images found,1,page_06a.pdf,NULL
4924M,Wedding Band (Mens),plain_bands,wedding_bands,NULL,NULL,NULL,0,no images found,1,page_06a.pdf,NULL
4926M,Wedding Band (Mens),plain_bands,wedding_bands,NULL,NULL,NULL,0,no images found,1,page_06a.pdf,NULL
4930M,Wedding Band (Mens),plain_bands,wedding_bands,NULL,NULL,NULL,0,no images found,1,page_06a.pdf,NULL
4932M,Wedding Band (Mens),plain_bands,wedding_bands,NULL,NULL,NULL,0,no images found,1,page_06a.pdf,NULL
4936M,Wedding Band (Mens),plain_bands,wedding_bands,NULL,NULL,NULL,0,no images found,1,page_01b.pdf,NULL
4T04M,Wedding Band (Mens),plain_bands,wedding_bands,NULL,NULL,NULL,0,no images found,1,page_02c.pdf,NULL
4T06M,Wedding Band (Mens),plain_bands,wedding_bands,NULL,NULL,NULL,0,no images found,1,page_03b.pdf,NULL
4T08M,Wedding Band (Mens),plain_bands,wedding_bands,NULL,NULL,NULL,0,no images found,1,page_02c.pdf,NULL
4T10M,Wedding Band (Mens),plain_bands,wedding_bands,NULL,NULL,NULL,0,no images found,1,page_03b.pdf,NULL
4T12M,Wedding Band (Mens),plain_bands,wedding_bands,NULL,NULL,NULL,0,no images found,1,page_02c.pdf,NULL
4T14M,Wedding Band (Mens),plain_bands,wedding_bands,NULL,NULL,NULL,0,no images found,1,page_03b.pdf,NULL
4T16M,Wedding Band (Mens),plain_bands,wedding_bands,NULL,NULL,NULL,0,no images found,1,page_03c.pdf,NULL
4T20M,Wedding Band (Mens),plain_bands,wedding_bands,NULL,NULL,NULL,0,no images found,1,page_06c.pdf,NULL
4T22M,Wedding Band (Mens),plain_bands,wedding_bands,NULL,NULL,NULL,0,no images found,1,page_03c.pdf,NULL
4T24M,Wedding Band (Mens),plain_bands,wedding_bands,NULL,NULL,NULL,0,no images found,1,page_06c.pdf,NULL
4T26M,Wedding Band (Mens),plain_bands,wedding_bands,NULL,NULL,NULL,0,no images found,1,page_03c.pdf,NULL
4T28M,Wedding Band (Mens),plain_bands,wedding_bands,NULL,NULL,NULL,0,no images found,1,page_06c.pdf,NULL
4T30M,Wedding Band (Mens),plain_bands,wedding_bands,NULL,NULL,NULL,0,no images found,1,page_03c.pdf,NULL
4T32M,Wedding Band (Mens),plain_bands,wedding_bands,NULL,NULL,NULL,0,no images found,1,page_06c.pdf,NULL
4T34M,Wedding Band (Mens),plain_bands,wedding_bands,NULL,NULL,NULL,0,no images found,1,page_03c.pdf,NULL
4T36M,Wedding Band (Mens),plain_bands,wedding_bands,NULL,NULL,NULL,0,no images found,1,page_03c.pdf,NULL
4T38M,Wedding Band (Mens),plain_bands,wedding_bands,NULL,NULL,NULL,0,no images found,1,page_03c.pdf,NULL
4T40M,Wedding Band (Mens),plain_bands,wedding_bands,NULL,NULL,NULL,0,no images found,1,page_03c.pdf,NULL
4T42M,Wedding Band (Mens),plain_bands,wedding_bands,NULL,NULL,NULL,0,no images found,1,page_06c.pdf,NULL
4T44M,Wedding Band (Mens),plain_bands,wedding_bands,NULL,NULL,NULL,0,no images found,1,page_03c.pdf,NULL
4T46M,Wedding Band (Mens),plain_bands,wedding_bands,NULL,NULL,NULL,0,no images found,1,page_03c.pdf,NULL
4T48M,Wedding Band (Mens),plain_bands,wedding_bands,NULL,NULL,NULL,0,no images found,1,page_03c.pdf,NULL
4T54M,Wedding Band (Mens),plain_bands,wedding_bands,NULL,NULL,NULL,0,no images found,1,page_05b.pdf,NULL
4T56M,Wedding Band (Mens),plain_bands,wedding_bands,NULL,NULL,NULL,0,no images found,1,page_05b.pdf,NULL
4T58M,Wedding Band (Mens),plain_bands,wedding_bands,NULL,NULL,NULL,0,no images found,1,page_05b.pdf,NULL
4T60M,Wedding Band (Mens),plain_bands,wedding_bands,NULL,NULL,NULL,0,no images found,1,page_05b.pdf,NULL
4T62M,Wedding Band (Mens),plain_bands,wedding_bands,NULL,NULL,NULL,0,no images found,1,page_04b.pdf,NULL
4T66M,Wedding Band (Mens),plain_bands,wedding_bands,NULL,NULL,NULL,0,no images found,1,page_04b.pdf,NULL
4T68M,Wedding Band (Mens),plain_bands,wedding_bands,NULL,NULL,NULL,0,no images found,1,page_05b.pdf,NULL
4T70M,Wedding Band (Mens),plain_bands,wedding_bands,NULL,NULL,NULL,0,no images found,1,page_03c.pdf,NULL
4T72M,Wedding Band (Mens),plain_bands,wedding_bands,NULL,NULL,NULL,0,no images found,1,page_04b.pdf,NULL
4T74M,Wedding Band (Mens),plain_bands,wedding_bands,NULL,NULL,NULL,0,no images found,1,page_04b.pdf,NULL
4T76M,Wedding Band (Mens),plain_bands,wedding_bands,NULL,NULL,NULL,0,no images found,1,page_04b.pdf,NULL
4T78M,Wedding Band (Mens),plain_bands,wedding_bands,NULL,NULL,NULL,0,no images found,1,page_03d.pdf,NULL
4T80M,Wedding Band (Mens),plain_bands,wedding_bands,NULL,NULL,NULL,0,no images found,1,page_03d.pdf,NULL
4T82M,Wedding Band (Mens),plain_bands,wedding_bands,NULL,NULL,NULL,0,no images found,1,page_03d.pdf,NULL
4T84M,Wedding Band (Mens),plain_bands,wedding_bands,NULL,NULL,NULL,0,no images found,1,page_03d.pdf,NULL
4T86M,Wedding Band (Mens),plain_bands,wedding_bands,NULL,NULL,NULL,0,no images found,1,page_03d.pdf,NULL
4T88M,Wedding Band (Mens),plain_bands,wedding_bands,NULL,NULL,NULL,0,no images found,1,page_03d.pdf,NULL
4T90M,Wedding Band (Mens),plain_bands,wedding_bands,NULL,NULL,NULL,0,no images found,1,page_03d.pdf,NULL
4T92M,Wedding Band (Mens),plain_bands,wedding_bands,NULL,NULL,NULL,0,no images found,1,page_03d.pdf,NULL
4T94M,Wedding Band (Mens),plain_bands,wedding_bands,NULL,NULL,NULL,0,no images found,1,page_03d.pdf,NULL
4T96M,Wedding Band (Mens),plain_bands,wedding_bands,NULL,NULL,NULL,0,no images found,1,page_03d.pdf,NULL
4T98M,Wedding Band (Mens),plain_bands,wedding_bands,NULL,NULL,NULL,0,no images found,1,page_03d.pdf,NULL
5006M,Wedding Band (Mens),plain_bands,wedding_bands,NULL,NULL,NULL,0,no images found,1,page_06a.pdf,NULL
500BM,Wedding Band (Mens),plain_bands,wedding_bands,NULL,NULL,NULL,0,no images found,1,page_01b.pdf,NULL
500CM,Wedding Band (Mens),plain_bands,wedding_bands,NULL,NULL,NULL,0,no images found,1,page_01b.pdf,NULL
5012M,Wedding Band (Mens),plain_bands,wedding_bands,NULL,NULL,NULL,0,no images found,1,page_06a.pdf,NULL
5016M,Wedding Band (Mens),plain_bands,wedding_bands,NULL,NULL,NULL,0,no images found,1,page_05b.pdf,NULL
5020M,Wedding Band (Mens),plain_bands,wedding_bands,NULL,NULL,NULL,0,no images found,1,page_06b.pdf,NULL
5026M,Wedding Band (Mens),plain_bands,wedding_bands,NULL,NULL,NULL,0,no images found,1,page_06b.pdf,NULL
5030M,Wedding Band (Mens),plain_bands,wedding_bands,NULL,NULL,NULL,0,no images found,1,page_06b.pdf,NULL
5034M,Wedding Band (Mens),plain_bands,wedding_bands,NULL,NULL,NULL,0,no images found,1,page_06b.pdf,NULL
5036M,Wedding Band (Mens),plain_bands,wedding_bands,NULL,NULL,NULL,0,no images found,1,page_06b.pdf,NULL
5038M,Wedding Band (Mens),plain_bands,wedding_bands,NULL,NULL,NULL,0,no images found,1,page_06b.pdf,NULL
5040M,Wedding Band (Mens),plain_bands,wedding_bands,NULL,NULL,NULL,0,no images found,1,page_06b.pdf,NULL
5044M,Wedding Band (Mens),plain_bands,wedding_bands,NULL,NULL,NULL,0,no images found,1,page_06b.pdf,NULL
5054M,Wedding Band (Mens),plain_bands,wedding_bands,NULL,NULL,NULL,0,no images found,1,page_06b.pdf,NULL
5066M,Wedding Band (Mens),plain_bands,wedding_bands,NULL,NULL,NULL,0,no images found,1,page_06b.pdf,NULL
5090M,Wedding Band (Mens),plain_bands,wedding_bands,NULL,NULL,NULL,0,no images found,1,page_06b.pdf,NULL
5124M,Wedding Band (Mens),plain_bands,wedding_bands,NULL,NULL,NULL,0,no images found,1,page_07a.pdf,NULL
5132M,Wedding Band (Mens),plain_bands,wedding_bands,NULL,NULL,NULL,0,no images found,1,page_07a.pdf,NULL
5140M,Wedding Band (Mens),plain_bands,wedding_bands,NULL,NULL,NULL,0,no images found,1,page_06b.pdf,NULL
5142M,Wedding Band (Mens),plain_bands,wedding_bands,NULL,NULL,NULL,0,no images found,1,page_06c.pdf,NULL
5144M,Wedding Band (Mens),plain_bands,wedding_bands,NULL,NULL,NULL,0,no images found,1,page_07a.pdf,NULL
5146M,Wedding Band (Mens),plain_bands,wedding_bands,NULL,NULL,NULL,0,no images found,1,page_07a.pdf,NULL
5148M,Wedding Band (Mens),plain_bands,wedding_bands,NULL,NULL,NULL,0,no images found,1,page_07a.pdf,NULL
5150M,Wedding Band (Mens),plain_bands,wedding_bands,NULL,NULL,NULL,0,no images found,1,page_07a.pdf,NULL
5152M,Wedding Band (Mens),plain_bands,wedding_bands,NULL,NULL,NULL,0,no images found,1,page_07a.pdf,NULL
5158M,Wedding Band (Mens),plain_bands,wedding_bands,NULL,NULL,NULL,0,no images found,1,page_07a.pdf,NULL
5162M,Wedding Band (Mens),plain_bands,wedding_bands,NULL,NULL,NULL,0,no images found,1,page_06c.pdf,NULL
5164M,Wedding Band (Mens),plain_bands,wedding_bands,NULL,NULL,NULL,0,no images found,1,page_07a.pdf,NULL
5166M,Wedding Band (Mens),plain_bands,wedding_bands,NULL,NULL,NULL,0,no images found,1,page_07a.pdf,NULL
5168M,Wedding Band (Mens),plain_bands,wedding_bands,NULL,NULL,NULL,0,no images found,1,page_07a.pdf,NULL
5170M,Wedding Band (Mens),plain_bands,wedding_bands,NULL,NULL,NULL,0,no images found,1,page_07a.pdf,NULL
5172M,Wedding Band (Mens),plain_bands,wedding_bands,NULL,NULL,NULL,0,no images found,1,page_06d.pdf,NULL
5174M,Wedding Band (Mens),plain_bands,wedding_bands,NULL,NULL,NULL,0,no images found,1,page_06d.pdf,NULL
5176M,Wedding Band (Mens),plain_bands,wedding_bands,NULL,NULL,NULL,0,no images found,1,page_06d.pdf,NULL
5178M,Wedding Band (Mens),plain_bands,wedding_bands,NULL,NULL,NULL,0,no images found,1,page_06d.pdf,NULL
5180M,Wedding Band (Mens),plain_bands,wedding_bands,NULL,NULL,NULL,0,no images found,1,page_06d.pdf,NULL
5182M,Wedding Band (Mens),plain_bands,wedding_bands,NULL,NULL,NULL,0,no images found,1,page_06d.pdf,NULL
5184M,Wedding Band (Mens),plain_bands,wedding_bands,NULL,NULL,NULL,0,no images found,1,page_06d.pdf,NULL
5186M,Wedding Band (Mens),plain_bands,wedding_bands,NULL,NULL,NULL,0,no images found,1,page_06d.pdf,NULL
5188M,Wedding Band (Mens),plain_bands,wedding_bands,NULL,NULL,NULL,0,no images found,1,page_06d.pdf,NULL
5190M,Wedding Band (Mens),plain_bands,wedding_bands,NULL,NULL,NULL,0,no images found,1,page_06d.pdf,NULL
5192M,Wedding Band (Mens),plain_bands,wedding_bands,NULL,NULL,NULL,0,no images found,1,page_06d.pdf,NULL
5194M,Wedding Band (Mens),plain_bands,wedding_bands,NULL,NULL,NULL,0,no images found,1,page_06d.pdf,NULL
5196M,Wedding Band (Mens),plain_bands,wedding_bands,NULL,NULL,NULL,0,no images found,1,page_06e.pdf,NULL
5198M,Wedding Band (Mens),plain_bands,wedding_bands,NULL,NULL,NULL,0,no images found,1,page_06e.pdf,NULL
5200M,Wedding Band (Mens),plain_bands,wedding_bands,NULL,NULL,NULL,0,no images found,1,page_06e.pdf,NULL
5202M,Wedding Band (Mens),plain_bands,wedding_bands,NULL,NULL,NULL,0,no images found,1,page_06e.pdf,NULL
5204M,Wedding Band (Mens),plain_bands,wedding_bands,NULL,NULL,NULL,0,no images found,1,page_06e.pdf,NULL
5206M,Wedding Band (Mens),plain_bands,wedding_bands,NULL,NULL,NULL,0,no images found,1,page_06e.pdf,NULL
5208M,Wedding Band (Mens),plain_bands,wedding_bands,NULL,NULL,NULL,0,no images found,1,page_06e.pdf,NULL
5210M,Wedding Band (Mens),plain_bands,wedding_bands,NULL,NULL,NULL,0,no images found,1,page_06e.pdf,NULL
5212M,Wedding Band (Mens),plain_bands,wedding_bands,NULL,NULL,NULL,0,no images found,1,page_06e.pdf,NULL
5214M,Wedding Band (Mens),plain_bands,wedding_bands,NULL,NULL,NULL,0,no images found,1,page_06e.pdf,NULL
5216M,Wedding Band (Mens),plain_bands,wedding_bands,NULL,NULL,NULL,0,no images found,1,page_06e.pdf,NULL
5218M,Wedding Band (Mens),plain_bands,wedding_bands,NULL,NULL,NULL,0,no images found,1,page_06e.pdf,NULL
5222M,Wedding Band (Mens),plain_bands,wedding_bands,NULL,NULL,NULL,0,no images found,1,page_06f.pdf,NULL
5224M,Wedding Band (Mens),plain_bands,wedding_bands,NULL,NULL,NULL,0,no images found,1,page_06f.pdf,NULL
5226M,Wedding Band (Mens),plain_bands,wedding_bands,NULL,NULL,NULL,0,no images found,1,page_06f.pdf,NULL
5228M,Wedding Band (Mens),plain_bands,wedding_bands,NULL,NULL,NULL,0,no images found,1,page_06f.pdf,NULL
5230M,Wedding Band (Mens),plain_bands,wedding_bands,NULL,NULL,NULL,0,no images found,1,page_06f.pdf,NULL
5232M,Wedding Band (Mens),plain_bands,wedding_bands,NULL,NULL,NULL,0,no images found,1,page_06f.pdf,NULL
5234M,Wedding Band (Mens),plain_bands,wedding_bands,NULL,NULL,NULL,0,no images found,1,page_06f.pdf,NULL
5236M,Wedding Band (Mens),plain_bands,wedding_bands,NULL,NULL,NULL,0,no images found,1,page_06f.pdf,NULL
5238M,Wedding Band (Mens),plain_bands,wedding_bands,NULL,NULL,NULL,0,no images found,1,page_06f.pdf,NULL
5240M,Wedding Band (Mens),plain_bands,wedding_bands,NULL,NULL,NULL,0,no images found,1,page_06f.pdf,NULL
5242M,Wedding Band (Mens),plain_bands,wedding_bands,NULL,NULL,NULL,0,no images found,1,page_06f.pdf,NULL
5244M,Wedding Band (Mens),plain_bands,wedding_bands,NULL,NULL,NULL,0,no images found,1,page_06f.pdf,NULL
5256M,Wedding Band (Mens),plain_bands,wedding_bands,NULL,NULL,NULL,0,no images found,1,page_07b.pdf,NULL
5258M,Wedding Band (Mens),plain_bands,wedding_bands,NULL,NULL,NULL,0,no images found,1,page_07b.pdf,NULL
5260M,Wedding Band (Mens),plain_bands,wedding_bands,NULL,NULL,NULL,0,no images found,1,page_07b.pdf,NULL
5262M,Wedding Band (Mens),plain_bands,wedding_bands,NULL,NULL,NULL,0,no images found,1,page_07b.pdf,NULL
5264M,Wedding Band (Mens),plain_bands,wedding_bands,NULL,NULL,NULL,0,no images found,1,page_07b.pdf,NULL
5266M,Wedding Band (Mens),plain_bands,wedding_bands,NULL,NULL,NULL,0,no images found,1,page_07b.pdf,NULL
5268M,Wedding Band (Mens),plain_bands,wedding_bands,NULL,NULL,NULL,0,no images found,1,page_07b.pdf,NULL
5272M,Wedding Band (Mens),plain_bands,wedding_bands,NULL,NULL,NULL,0,no images found,1,page_06g.pdf,NULL
5274M,Wedding Band (Mens),plain_bands,wedding_bands,NULL,NULL,NULL,0,no images found,1,page_06g.pdf,NULL
5276M,Wedding Band (Mens),plain_bands,wedding_bands,NULL,NULL,NULL,0,no images found,1,page_06g.pdf,NULL
5278M,Wedding Band (Mens),plain_bands,wedding_bands,NULL,NULL,NULL,0,no images found,1,page_06g.pdf,NULL
5280M,Wedding Band (Mens),plain_bands,wedding_bands,NULL,NULL,NULL,0,no images found,1,page_06g.pdf,NULL
5282M,Wedding Band (Mens),plain_bands,wedding_bands,NULL,NULL,NULL,0,no images found,1,page_06g.pdf,NULL
5284M,Wedding Band (Mens),plain_bands,wedding_bands,NULL,NULL,NULL,0,no images found,1,page_06g.pdf,NULL
5286M,Wedding Band (Mens),plain_bands,wedding_bands,NULL,NULL,NULL,0,no images found,1,page_06g.pdf,NULL
5288M,Wedding Band (Mens),plain_bands,wedding_bands,NULL,NULL,NULL,0,no images found,1,page_06g.pdf,NULL
5290M,Wedding Band (Mens),plain_bands,wedding_bands,NULL,NULL,NULL,0,no images found,1,page_06g.pdf,NULL
5292M,Wedding Band (Mens),plain_bands,wedding_bands,NULL,NULL,NULL,0,no images found,1,page_06g.pdf,NULL
5314M,Wedding Band (Mens),plain_bands,wedding_bands,NULL,NULL,NULL,0,no images found,1,page_03e.pdf,NULL
5316M,Wedding Band (Mens),plain_bands,wedding_bands,NULL,NULL,NULL,0,no images found,1,page_03e.pdf,NULL
5318M,Wedding Band (Mens),plain_bands,wedding_bands,NULL,NULL,NULL,0,no images found,1,page_06h.pdf,NULL
5320M,Wedding Band (Mens),plain_bands,wedding_bands,NULL,NULL,NULL,0,no images found,1,page_06h.pdf,NULL
5322M,Wedding Band (Mens),plain_bands,wedding_bands,NULL,NULL,NULL,0,no images found,1,page_06h.pdf,NULL
5326M,Wedding Band (Mens),plain_bands,wedding_bands,NULL,NULL,NULL,0,no images found,1,page_06h.pdf,NULL
5328M,Wedding Band (Mens),plain_bands,wedding_bands,NULL,NULL,NULL,0,no images found,1,page_06h.pdf,NULL
5334M,Wedding Band (Mens),plain_bands,wedding_bands,NULL,NULL,NULL,0,no images found,1,page_06l.pdf,NULL
5338M,Wedding Band (Mens),plain_bands,wedding_bands,NULL,NULL,NULL,0,no images found,1,page_06h.pdf,NULL
5340M,Wedding Band (Mens),plain_bands,wedding_bands,NULL,NULL,NULL,0,no images found,1,page_06l.pdf,NULL
5344M,Wedding Band (Mens),plain_bands,wedding_bands,NULL,NULL,NULL,0,no images found,1,page_06h.pdf,NULL
5346M,Wedding Band (Mens),plain_bands,wedding_bands,NULL,NULL,NULL,0,no images found,1,page_06h.pdf,NULL
5348M,Wedding Band (Mens),plain_bands,wedding_bands,NULL,NULL,NULL,0,no images found,1,page_06h.pdf,NULL
5350M,Wedding Band (Mens),plain_bands,wedding_bands,NULL,NULL,NULL,0,no images found,1,page_06h.pdf,NULL
5352M,Wedding Band (Mens),plain_bands,wedding_bands,NULL,NULL,NULL,0,no images found,1,page_06h.pdf,NULL
5354M,Wedding Band (Mens),plain_bands,wedding_bands,NULL,NULL,NULL,0,no images found,1,page_06h.pdf,NULL
5356M,Wedding Band (Mens),plain_bands,wedding_bands,NULL,NULL,NULL,0,no images found,1,page_06i.pdf,NULL
5358M,Wedding Band (Mens),plain_bands,wedding_bands,NULL,NULL,NULL,0,no images found,1,page_06i.pdf,NULL
5360M,Wedding Band (Mens),plain_bands,wedding_bands,NULL,NULL,NULL,0,no images found,1,page_06i.pdf,NULL
5362M,Wedding Band (Mens),plain_bands,wedding_bands,NULL,NULL,NULL,0,no images found,1,page_06i.pdf,NULL
5364M,Wedding Band (Mens),plain_bands,wedding_bands,NULL,NULL,NULL,0,no images found,1,page_06i.pdf,NULL
5366M,Wedding Band (Mens),plain_bands,wedding_bands,NULL,NULL,NULL,0,no images found,1,page_06i.pdf,NULL
5368M,Wedding Band (Mens),plain_bands,wedding_bands,NULL,NULL,NULL,0,no images found,1,page_06i.pdf,NULL
5370M,Wedding Band (Mens),plain_bands,wedding_bands,NULL,NULL,NULL,0,no images found,1,page_06i.pdf,NULL
5374M,Wedding Band (Mens),plain_bands,wedding_bands,NULL,NULL,NULL,0,no images found,1,page_06i.pdf,NULL
5376M,Wedding Band (Mens),plain_bands,wedding_bands,NULL,NULL,NULL,0,no images found,1,page_06i.pdf,NULL
5384M,Wedding Band (Mens),plain_bands,wedding_bands,NULL,NULL,NULL,0,no images found,1,page_06i.pdf,NULL
5386M,Wedding Band (Mens),plain_bands,wedding_bands,NULL,NULL,NULL,0,no images found,1,page_06l.pdf,NULL
5388M,Wedding Band (Mens),plain_bands,wedding_bands,NULL,NULL,NULL,0,no images found,1,page_06i.pdf,NULL
5390M,Wedding Band (Mens),plain_bands,wedding_bands,NULL,NULL,NULL,0,no images found,1,page_06k.pdf,NULL
5392M,Wedding Band (Mens),plain_bands,wedding_bands,NULL,NULL,NULL,0,no images found,1,page_06j.pdf,NULL
5394M,Wedding Band (Mens),plain_bands,wedding_bands,NULL,NULL,NULL,0,no images found,1,page_06j.pdf,NULL
5412M,Wedding Band (Mens),plain_bands,wedding_bands,NULL,NULL,NULL,0,no images found,1,page_01b.pdf,NULL
5414M,Wedding Band (Mens),plain_bands,wedding_bands,NULL,NULL,NULL,0,no images found,1,page_01b.pdf,NULL
5416M,Wedding Band (Mens),plain_bands,wedding_bands,NULL,NULL,NULL,0,no images found,1,page_01b.pdf,NULL
5502M,Wedding Band (Mens),plain_bands,wedding_bands,NULL,NULL,NULL,0,no images found,1,page_06j.pdf,NULL
5504M,Wedding Band (Mens),plain_bands,wedding_bands,NULL,NULL,NULL,0,no images found,1,page_06j.pdf,NULL
5506M,Wedding Band (Mens),plain_bands,wedding_bands,NULL,NULL,NULL,0,no images found,1,page_06j.pdf,NULL
5508M,Wedding Band (Mens),plain_bands,wedding_bands,NULL,NULL,NULL,0,no images found,1,page_06j.pdf,NULL
5510M,Wedding Band (Mens),plain_bands,wedding_bands,NULL,NULL,NULL,0,no images found,1,page_06k.pdf,NULL
5512M,Wedding Band (Mens),plain_bands,wedding_bands,NULL,NULL,NULL,0,no images found,1,page_06j.pdf,NULL
5514M,Wedding Band (Mens),plain_bands,wedding_bands,NULL,NULL,NULL,0,no images found,1,page_06k.pdf,NULL
5516M,Wedding Band (Mens),plain_bands,wedding_bands,NULL,NULL,NULL,0,no images found,1,page_06j.pdf,NULL
5518M,Wedding Band (Mens),plain_bands,wedding_bands,NULL,NULL,NULL,0,no images found,1,page_06j.pdf,NULL
5524M,Wedding Band (Mens),plain_bands,wedding_bands,NULL,NULL,NULL,0,no images found,1,page_06k.pdf,NULL
5526M,Wedding Band (Mens),plain_bands,wedding_bands,NULL,NULL,NULL,0,no images found,1,page_06k.pdf,NULL
5528M,Wedding Band (Mens),plain_bands,wedding_bands,NULL,NULL,NULL,0,no images found,1,page_06k.pdf,NULL
5530M,Wedding Band (Mens),plain_bands,wedding_bands,NULL,NULL,NULL,0,no images found,1,page_06k.pdf,NULL
5532M,Wedding Band (Mens),plain_bands,wedding_bands,NULL,NULL,NULL,0,no images found,1,page_06k.pdf,NULL
5534M,Wedding Band (Mens),plain_bands,wedding_bands,NULL,NULL,NULL,0,no images found,1,page_03eee.pdf,NULL
5536M,Wedding Band (Mens),plain_bands,wedding_bands,NULL,NULL,NULL,0,no images found,1,page_06k.pdf,NULL
5538M,Wedding Band (Mens),plain_bands,wedding_bands,NULL,NULL,NULL,0,no images found,1,page_06k.pdf,NULL
5540M,Wedding Band (Mens),plain_bands,wedding_bands,NULL,NULL,NULL,0,no images found,1,page_03eee.pdf,NULL
5546M,Wedding Band (Mens),plain_bands,wedding_bands,NULL,NULL,NULL,0,no images found,1,page_06l.pdf,NULL
5548M,Wedding Band (Mens),plain_bands,wedding_bands,NULL,NULL,NULL,0,no images found,1,page_06l.pdf,NULL
5550M,Wedding Band (Mens),plain_bands,wedding_bands,NULL,NULL,NULL,0,no images found,1,page_06l.pdf,NULL
5552M,Wedding Band (Mens),plain_bands,wedding_bands,NULL,NULL,NULL,0,no images found,1,page_06l.pdf,NULL
5554M,Wedding Band (Mens),plain_bands,wedding_bands,NULL,NULL,NULL,0,no images found,1,page_06l.pdf,NULL
5556M,Wedding Band (Mens),plain_bands,wedding_bands,NULL,NULL,NULL,0,no images found,1,page_06l.pdf,NULL
5558M,Wedding Band (Mens),plain_bands,wedding_bands,NULL,NULL,NULL,0,no images found,1,page_06l.pdf,NULL
5560M,Wedding Band (Mens),plain_bands,wedding_bands,NULL,NULL,NULL,0,no images found,1,page_06j.pdf,NULL
5562M,Wedding Band (Mens),plain_bands,wedding_bands,NULL,NULL,NULL,0,no images found,1,page_06j.pdf,NULL
5572M,Wedding Band (Mens),plain_bands,wedding_bands,NULL,NULL,NULL,0,no images found,1,page_06l.pdf,NULL
5574M,Wedding Band (Mens),plain_bands,wedding_bands,NULL,NULL,NULL,0,no images found,1,page_06l.pdf,NULL
5576M,Wedding Band (Mens),plain_bands,wedding_bands,NULL,NULL,NULL,0,no images found,1,page_06l.pdf,NULL
5578M,Wedding Band (Mens),plain_bands,wedding_bands,NULL,NULL,NULL,0,no images found,1,page_06l.pdf,NULL
5634M,Wedding Band (Mens),plain_bands,wedding_bands,NULL,NULL,NULL,0,no images found,1,page_03eee.pdf,NULL
5642M,Wedding Band (Mens),plain_bands,wedding_bands,NULL,NULL,NULL,0,no images found,1,page_03eee.pdf,NULL
5644M,Wedding Band (Mens),plain_bands,wedding_bands,NULL,NULL,NULL,0,no images found,1,page_03eee.pdf,NULL
5T04M,Wedding Band (Mens),plain_bands,wedding_bands,NULL,NULL,NULL,0,no images found,1,page_03d.pdf,NULL
5T08M,Wedding Band (Mens),plain_bands,wedding_bands,NULL,NULL,NULL,0,no images found,1,page_03g.pdf,NULL
5T10M,Wedding Band (Mens),plain_bands,wedding_bands,NULL,NULL,NULL,0,no images found,1,page_02d.pdf,NULL
5T14M,Wedding Band (Mens),plain_bands,wedding_bands,NULL,NULL,NULL,0,no images found,1,page_02d.pdf,NULL
5T16M,Wedding Band (Mens),plain_bands,wedding_bands,NULL,NULL,NULL,0,no images found,1,page_03g.pdf,NULL
5T20M,Wedding Band (Mens),plain_bands,wedding_bands,NULL,NULL,NULL,0,no images found,1,page_03g.pdf,NULL
5T22M,Wedding Band (Mens),plain_bands,wedding_bands,NULL,NULL,NULL,0,no images found,1,page_03g.pdf,NULL
5T24M,Wedding Band (Mens),plain_bands,wedding_bands,NULL,NULL,NULL,0,no images found,1,page_03g.pdf,NULL
5T26M,Wedding Band (Mens),plain_bands,wedding_bands,NULL,NULL,NULL,0,no images found,1,page_03g.pdf,NULL
5T28M,Wedding Band (Mens),plain_bands,wedding_bands,NULL,NULL,NULL,0,no images found,1,page_02d.pdf,NULL
5T30M,Wedding Band (Mens),plain_bands,wedding_bands,NULL,NULL,NULL,0,no images found,1,page_04c.pdf,NULL
5T36M,Wedding Band (Mens),plain_bands,wedding_bands,NULL,NULL,NULL,0,no images found,1,page_04c.pdf,NULL
5T48M,Wedding Band (Mens),plain_bands,wedding_bands,NULL,NULL,NULL,0,no images found,1,page_04c.pdf,NULL
5T52M,Wedding Band (Mens),plain_bands,wedding_bands,NULL,NULL,NULL,0,no images found,1,page_04c.pdf,NULL
5T54M,Wedding Band (Mens),plain_bands,wedding_bands,NULL,NULL,NULL,0,no images found,1,page_04c.pdf,NULL
5T56M,Wedding Band (Mens),plain_bands,wedding_bands,NULL,NULL,NULL,0,no images found,1,page_03g.pdf,NULL
5T58M,Wedding Band (Mens),plain_bands,wedding_bands,NULL,NULL,NULL,0,no images found,1,page_03g.pdf,NULL
5T60M,Wedding Band (Mens),plain_bands,wedding_bands,NULL,NULL,NULL,0,no images found,1,page_03h.pdf,NULL
5T62M,Wedding Band (Mens),plain_bands,wedding_bands,NULL,NULL,NULL,0,no images found,1,page_03h.pdf,NULL
5T64M,Wedding Band (Mens),plain_bands,wedding_bands,NULL,NULL,NULL,0,no images found,1,page_03h.pdf,NULL
5T66M,Wedding Band (Mens),plain_bands,wedding_bands,NULL,NULL,NULL,0,no images found,1,page_03h.pdf,NULL
5T68M,Wedding Band (Mens),plain_bands,wedding_bands,NULL,NULL,NULL,0,no images found,1,page_03h.pdf,NULL
5T70M,Wedding Band (Mens),plain_bands,wedding_bands,NULL,NULL,NULL,0,no images found,1,page_03h.pdf,NULL
5T72M,Wedding Band (Mens),plain_bands,wedding_bands,NULL,NULL,NULL,0,no images found,1,page_03h.pdf,NULL
5T74M,Wedding Band (Mens),plain_bands,wedding_bands,NULL,NULL,NULL,0,no images found,1,page_03h.pdf,NULL
5T76M,Wedding Band (Mens),plain_bands,wedding_bands,NULL,NULL,NULL,0,no images found,1,page_03h.pdf,NULL
5T78M,Wedding Band (Mens),plain_bands,wedding_bands,NULL,NULL,NULL,0,no images found,1,page_03h.pdf,NULL
5T80M,Wedding Band (Mens),plain_bands,wedding_bands,NULL,NULL,NULL,0,no images found,1,page_03h.pdf,NULL
5T82M,Wedding Band (Mens),plain_bands,wedding_bands,NULL,NULL,NULL,0,no images found,1,page_03j.pdf,NULL
5T84M,Wedding Band (Mens),plain_bands,wedding_bands,NULL,NULL,NULL,0,no images found,1,page_03i.pdf,NULL
5T86M,Wedding Band (Mens),plain_bands,wedding_bands,NULL,NULL,NULL,0,no images found,1,page_03i.pdf,NULL
5T88M,Wedding Band (Mens),plain_bands,wedding_bands,NULL,NULL,NULL,0,no images found,1,page_03i.pdf,NULL
5T94M,Wedding Band (Mens),plain_bands,wedding_bands,NULL,NULL,NULL,0,no images found,1,page_03i.pdf,NULL
5T96M,Wedding Band (Mens),plain_bands,wedding_bands,NULL,NULL,NULL,0,no images found,1,page_03j.pdf,NULL
5T98M,Wedding Band (Mens),plain_bands,wedding_bands,NULL,NULL,NULL,0,no images found,1,page_03i.pdf,NULL
600AM,Wedding Band (Mens),plain_bands,wedding_bands,NULL,NULL,NULL,0,no images found,1,page_01b.pdf,NULL
6T04M,Wedding Band (Mens),plain_bands,wedding_bands,NULL,NULL,NULL,0,no images found,1,page_03i.pdf,NULL
6T06M,Wedding Band (Mens),plain_bands,wedding_bands,NULL,NULL,NULL,0,no images found,1,page_03i.pdf,NULL
6T08M,Wedding Band (Mens),plain_bands,wedding_bands,NULL,NULL,NULL,0,no images found,1,page_03i.pdf,NULL
6T12M,Wedding Band (Mens),plain_bands,wedding_bands,NULL,NULL,NULL,0,no images found,1,page_03i.pdf,NULL
6T14M,Wedding Band (Mens),plain_bands,wedding_bands,NULL,NULL,NULL,0,no images found,1,page_03i.pdf,NULL
6T16M,Wedding Band (Mens),plain_bands,wedding_bands,NULL,NULL,NULL,0,no images found,1,page_03i.pdf,NULL
6T20M,Wedding Band (Mens),plain_bands,wedding_bands,NULL,NULL,NULL,0,no images found,1,page_03j.pdf,NULL
6T22M,Wedding Band (Mens),plain_bands,wedding_bands,NULL,NULL,NULL,0,no images found,1,page_03j.pdf,NULL
6T26M,Wedding Band (Mens),plain_bands,wedding_bands,NULL,NULL,NULL,0,no images found,1,page_02d.pdf,NULL
6T28M,Wedding Band (Mens),plain_bands,wedding_bands,NULL,NULL,NULL,0,no images found,1,page_02d.pdf,NULL
6T30M,Wedding Band (Mens),plain_bands,wedding_bands,NULL,NULL,NULL,0,no images found,1,page_03a.pdf,NULL
6T34M,Wedding Band (Mens),plain_bands,wedding_bands,NULL,NULL,NULL,0,no images found,1,page_02d.pdf,NULL
6T36M,Wedding Band (Mens),plain_bands,wedding_bands,NULL,NULL,NULL,0,no images found,1,page_02d.pdf,NULL
6T38M,Wedding Band (Mens),plain_bands,wedding_bands,NULL,NULL,NULL,0,no images found,1,page_02d.pdf,NULL
6T40M,Wedding Band (Mens),plain_bands,wedding_bands,NULL,NULL,NULL,0,no images found,1,page_02d.pdf,NULL
6T42M,Wedding Band (Mens),plain_bands,wedding_bands,NULL,NULL,NULL,0,no images found,1,page_02d.pdf,NULL
6T46M,Wedding Band (Mens),plain_bands,wedding_bands,NULL,NULL,NULL,0,no images found,1,page_03j.pdf,NULL
6T48M,Wedding Band (Mens),plain_bands,wedding_bands,NULL,NULL,NULL,0,no images found,1,page_03j.pdf,NULL
6T50M,Wedding Band (Mens),plain_bands,wedding_bands,NULL,NULL,NULL,0,no images found,1,page_03a.pdf,NULL
6T52M,Wedding Band (Mens),plain_bands,wedding_bands,NULL,NULL,NULL,0,no images found,1,page_03a.pdf,NULL
6T54M,Wedding Band (Mens),plain_bands,wedding_bands,NULL,NULL,NULL,0,no images found,1,page_03j.pdf,NULL
6T56M,Wedding Band (Mens),plain_bands,wedding_bands,NULL,NULL,NULL,0,no images found,1,page_03j.pdf,NULL
6T58M,Wedding Band (Mens),plain_bands,wedding_bands,NULL,NULL,NULL,0,no images found,1,page_03j.pdf,NULL
6T60M,Wedding Band (Mens),plain_bands,wedding_bands,NULL,NULL,NULL,0,no images found,1,page_03j.pdf,NULL
6T62M,Wedding Band (Mens),plain_bands,wedding_bands,NULL,NULL,NULL,0,no images found,1,page_03j.pdf,NULL
6T66M,Wedding Band (Mens),plain_bands,wedding_bands,NULL,NULL,NULL,0,no images found,1,page_02d.pdf,NULL
6T68M,Wedding Band (Mens),plain_bands,wedding_bands,NULL,NULL,NULL,0,no images found,1,page_02d.pdf,NULL
6T70M,Wedding Band (Mens),plain_bands,wedding_bands,NULL,NULL,NULL,0,no images found,1,page_02d.pdf,NULL
6T72M,Wedding Band (Mens),plain_bands,wedding_bands,NULL,NULL,NULL,0,no images found,1,page_03j.pdf,NULL
6T92M,Wedding Band (Mens),plain_bands,wedding_bands,NULL,NULL,NULL,0,no images found,1,page_03a.pdf,NULL
776DM,Wedding Band (Mens),plain_bands,wedding_bands,NULL,NULL,NULL,0,no images found,1,page_04a.pdf,NULL
788DM,Wedding Band (Mens),plain_bands,wedding_bands,NULL,NULL,NULL,0,no images found,1,page_04b.pdf,NULL
7T20M,Wedding Band (Mens),plain_bands,wedding_bands,NULL,NULL,NULL,0,no images found,1,page_02a.pdf,NULL
7T22M,Wedding Band (Mens),plain_bands,wedding_bands,NULL,NULL,NULL,0,no images found,1,page_02b.pdf,NULL
7T28M,Wedding Band (Mens),plain_bands,wedding_bands,NULL,NULL,NULL,0,no images found,1,page_02b.pdf,NULL
7T42M,Wedding Band (Mens),plain_bands,wedding_bands,NULL,NULL,NULL,0,no images found,1,page_02b.pdf,NULL
7T44M,Wedding Band (Mens),plain_bands,wedding_bands,NULL,NULL,NULL,0,no images found,1,page_03a.pdf,NULL
7T46M,Wedding Band (Mens),plain_bands,wedding_bands,NULL,NULL,NULL,0,no images found,1,page_03a.pdf,NULL
7T52M,Wedding Band (Mens),plain_bands,wedding_bands,NULL,NULL,NULL,0,no images found,1,page_02a.pdf,NULL
7T58M,Wedding Band (Mens),plain_bands,wedding_bands,NULL,NULL,NULL,0,no images found,1,page_02b.pdf,NULL
864DM,Wedding Band (Mens),plain_bands,wedding_bands,NULL,NULL,NULL,0,no images found,1,page_04a.pdf,NULL
8T04M,Wedding Band (Mens),plain_bands,wedding_bands,NULL,NULL,NULL,0,no images found,1,page_02a.pdf,NULL
8T38M,Wedding Band (Mens),plain_bands,wedding_bands,NULL,NULL,NULL,0,no images found,1,page_03b.pdf,NULL
8T42M,Wedding Band (Mens),plain_bands,wedding_bands,NULL,NULL,NULL,0,no images found,1,page_03b.pdf,NULL
8T96M,Wedding Band (Mens),plain_bands,wedding_bands,NULL,NULL,NULL,0,no images found,1,page_05a.pdf,NULL
8T98M,Wedding Band (Mens),plain_bands,wedding_bands,NULL,NULL,NULL,0,no images found,1,page_05a.pdf,NULL
9P46M,Wedding Band (Mens),plain_bands,wedding_bands,NULL,NULL,NULL,0,no images found,1,page_04a.pdf,NULL
9T04M,Wedding Band (Mens),plain_bands,wedding_bands,NULL,NULL,NULL,0,no images found,1,page_05a.pdf,NULL
9T06M,Wedding Band (Mens),plain_bands,wedding_bands,NULL,NULL,NULL,0,no images found,1,page_05a.pdf,NULL
9T08M,Wedding Band (Mens),plain_bands,wedding_bands,NULL,NULL,NULL,0,no images found,1,page_05a.pdf,NULL
9T10M,Wedding Band (Mens),plain_bands,wedding_bands,NULL,NULL,NULL,0,no images found,1,page_05a.pdf,NULL
9T12M,Wedding Band (Mens),plain_bands,wedding_bands,NULL,NULL,NULL,0,no images found,1,page_05a.pdf,NULL
S120M,Wedding Band (Mens),plain_bands,wedding_bands,NULL,NULL,NULL,0,no images found,1,page_01b.pdf,NULL
WE29M,Wedding Band (Mens),plain_bands,wedding_bands,NULL,NULL,NULL,0,no images found,1,page_01b.pdf,NULL
WU70M,Wedding Band (Mens),plain_bands,wedding_bands,NULL,NULL,NULL,0,no images found,1,page_01b.pdf,NULL
4T01CM,Wedding Band (Mens),plain_bands,wedding_bands,NULL,NULL,NULL,0,no images found,1,page_01b.pdf,NULL
5010BM,Wedding Band (Mens),plain_bands,wedding_bands,NULL,NULL,NULL,0,no images found,1,page_06a.pdf,NULL
5270AM,Wedding Band (Mens),plain_bands,wedding_bands,NULL,NULL,NULL,0,no images found,1,page_06g.pdf,NULL
5390DM,Wedding Band (Mens),plain_bands,wedding_bands,NULL,NULL,NULL,0,no images found,1,page_06k.pdf,NULL
5T01BM,Wedding Band (Mens),plain_bands,wedding_bands,NULL,NULL,NULL,0,no images found,1,page_03a.pdf,NULL
5T06DM,Wedding Band (Mens),plain_bands,wedding_bands,NULL,NULL,NULL,0,no images found,1,page_07b.pdf,NULL
5T07AM,Wedding Band (Mens),plain_bands,wedding_bands,NULL,NULL,NULL,0,no images found,1,page_01b.pdf,NULL
5T90DM,Wedding Band (Mens),plain_bands,wedding_bands,NULL,NULL,NULL,0,no images found,1,page_02d.pdf,NULL
6T01AM,Wedding Band (Mens),plain_bands,wedding_bands,NULL,NULL,NULL,0,no images found,1,page_03a.pdf,NULL
6T18AM,Wedding Band (Mens),plain_bands,wedding_bands,NULL,NULL,NULL,0,no images found,1,page_01b.pdf,NULL
6T18BM,Wedding Band (Mens),plain_bands,wedding_bands,NULL,NULL,NULL,0,no images found,1,page_01b.pdf,NULL
7T01CM,Wedding Band (Mens),plain_bands,wedding_bands,NULL,NULL,NULL,0,no images found,1,page_03a.pdf,NULL
8T01BM,Wedding Band (Mens),plain_bands,wedding_bands,NULL,NULL,NULL,0,no images found,1,page_03a.pdf,NULL
D3T58M,Wedding Band (Mens),plain_bands,wedding_bands,NULL,NULL,NULL,0,no images found,1,page_01b.pdf,NULL
D4T01M,Wedding Band (Mens),plain_bands,wedding_bands,NULL,NULL,NULL,0,no images found,1,page_01b.pdf,NULL
D4T14M,Wedding Band (Mens),plain_bands,wedding_bands,NULL,NULL,NULL,0,no images found,1,page_01b.pdf,NULL
D4T16M,Wedding Band (Mens),plain_bands,wedding_bands,NULL,NULL,NULL,0,no images found,1,page_01b.pdf,NULL
D4T80M,Wedding Band (Mens),plain_bands,wedding_bands,NULL,NULL,NULL,0,no images found,1,page_01b.pdf,NULL
D4T94M,Wedding Band (Mens),plain_bands,wedding_bands,NULL,NULL,NULL,0,no images found,1,page_01b.pdf,NULL
D5T01M,Wedding Band (Mens),plain_bands,wedding_bands,NULL,NULL,NULL,0,no images found,1,page_01b.pdf,NULL
D6T10M,Wedding Band (Mens),plain_bands,wedding_bands,NULL,NULL,NULL,0,no images found,1,page_01b.pdf,NULL
D7T01M,Wedding Band (Mens),plain_bands,wedding_bands,NULL,NULL,NULL,0,no images found,1,page_01b.pdf,NULL
D8T01M,Wedding Band (Mens),plain_bands,wedding_bands,NULL,NULL,NULL,0,no images found,1,page_01b.pdf,NULL
S1T40M,Wedding Band (Mens),plain_bands,wedding_bands,NULL,NULL,NULL,0,no images found,1,page_01b.pdf,NULL
S1T44M,Wedding Band (Mens),plain_bands,wedding_bands,NULL,NULL,NULL,0,no images found,1,page_01b.pdf,NULL
S300RM,Wedding Band (Mens),plain_bands,wedding_bands,NULL,NULL,NULL,0,no images found,1,page_01b.pdf,NULL
WCT25M,Wedding Band (Mens),plain_bands,wedding_bands,NULL,NULL,NULL,0,no images found,1,page_01b.pdf,NULL
WCT26M,Wedding Band (Mens),plain_bands,wedding_bands,NULL,NULL,NULL,0,no images found,1,page_01b.pdf,NULL
DF4T01M,Wedding Band (Mens),plain_bands,wedding_bands,NULL,NULL,NULL,0,no images found,1,page_01b.pdf,NULL
DF5T01M,Wedding Band (Mens),plain_bands,wedding_bands,NULL,NULL,NULL,0,no images found,1,page_01b.pdf,NULL
DF6T01M,Wedding Band (Mens),plain_bands,wedding_bands,NULL,NULL,NULL,0,no images found,1,page_01b.pdf,NULL
DF7T01M,Wedding Band (Mens),plain_bands,wedding_bands,NULL,NULL,NULL,0,no images found,1,page_01b.pdf,NULL
DF8T01M,Wedding Band (Mens),plain_bands,wedding_bands,NULL,NULL,NULL,0,no images found,1,page_01b.pdf,NULL
7T38L,Galaxy Band,fancy_bands,galaxy_bands,NULL,Galaxy,NULL,1,bands_php/thumbs/images/fancy/7T38L.png,0,fancy.pdf,NULL
7T38M,Galaxy Band,fancy_bands,galaxy_bands,NULL,Galaxy,NULL,1,bands_php/thumbs/images/fancy/7T38M.png,0,fancy.pdf,NULL
7T40L,Galaxy Band,fancy_bands,galaxy_bands,NULL,Galaxy,NULL,1,bands_php/thumbs/images/fancy/7T40L.png,0,fancy.pdf,NULL
7T40M,Galaxy Band,fancy_bands,galaxy_bands,NULL,Galaxy,NULL,1,bands_php/thumbs/images/fancy/7T40M.png,0,fancy.pdf,NULL
7T62L,Galaxy Band,fancy_bands,galaxy_bands,NULL,Galaxy,NULL,1,bands_php/thumbs/images/fancy/7T62L.png,0,fancy.pdf,NULL
7T62M,Galaxy Band,fancy_bands,galaxy_bands,NULL,Galaxy,NULL,1,bands_php/thumbs/images/fancy/7T62M.png,0,fancy.pdf,NULL
7T74L,Galaxy Band,fancy_bands,galaxy_bands,NULL,Galaxy,NULL,1,bands_php/thumbs/images/fancy/7T74L.png,0,fancy.pdf,NULL
7T74M,Galaxy Band,fancy_bands,galaxy_bands,NULL,Galaxy,NULL,1,bands_php/thumbs/images/fancy/7T74M.png,0,fancy.pdf,NULL
8T14L,Galaxy Band,fancy_bands,galaxy_bands,NULL,Galaxy,NULL,1,bands_php/thumbs/images/fancy/8T14L.png,0,fancy.pdf,NULL
8T14M,Galaxy Band,fancy_bands,galaxy_bands,NULL,Galaxy,NULL,1,bands_php/thumbs/images/fancy/8T14M.png,0,fancy.pdf,NULL
1T026L,Galaxy Band,fancy_bands,galaxy_bands,NULL,Galaxy,NULL,1,bands_php/thumbs/images/fancy/1T026L.png,0,fancy.pdf,NULL
1T026M,Galaxy Band,fancy_bands,galaxy_bands,NULL,Galaxy,NULL,1,bands_php/thumbs/images/fancy/1T026M.png,0,fancy.pdf,NULL
1T028L,Galaxy Band,fancy_bands,galaxy_bands,NULL,Galaxy,NULL,1,bands_php/thumbs/images/fancy/1T028L.png,0,fancy.pdf,NULL
1T028M,Galaxy Band,fancy_bands,galaxy_bands,NULL,Galaxy,NULL,1,bands_php/thumbs/images/fancy/1T028M.png,0,fancy.pdf,NULL
1T030L,Galaxy Band,fancy_bands,galaxy_bands,NULL,Galaxy,NULL,1,bands_php/thumbs/images/fancy/1T030L.png,0,fancy.pdf,NULL
1T030M,Galaxy Band,fancy_bands,galaxy_bands,NULL,Galaxy,NULL,1,bands_php/thumbs/images/fancy/1T030M.png,0,fancy.pdf,NULL
2291,Ring,fancy_bands,galaxy_bands,NULL,Galaxy,NULL,1,bands_php/thumbs/images/fancy/2291.png,0,NULL,NULL
5664L,Wedding Band,fancy_bands,galaxy_bands,NULL,Galaxy,NULL,1,bands_php/thumbs/images/cultural/5664L.png,0,NULL,NULL
5770M,Wedding Band,fancy_bands,galaxy_bands,NULL,Galaxy,NULL,1,bands_php/thumbs/images/fancy/5770M.png,0,NULL,NULL
5771L,Wedding Band,fancy_bands,galaxy_bands,NULL,Galaxy,NULL,1,bands_php/thumbs/images/fancy/5771L.png,0,NULL,NULL
5774M,Wedding Band,fancy_bands,galaxy_bands,NULL,Galaxy,NULL,1,bands_php/thumbs/images/fancy/5774M.png,0,NULL,NULL
5775L,Wedding Band,fancy_bands,galaxy_bands,NULL,Galaxy,NULL,1,bands_php/thumbs/images/fancy/5775L.png,0,NULL,NULL
5777L,Wedding Band,fancy_bands,galaxy_bands,NULL,Galaxy,NULL,1,bands_php/thumbs/images/fancy/5777L.png,0,NULL,NULL
5778M,Wedding Band,fancy_bands,galaxy_bands,NULL,Galaxy,NULL,1,bands_php/thumbs/images/fancy/5778M.png,0,NULL,NULL
5779L,Wedding Band,fancy_bands,galaxy_bands,NULL,Galaxy,NULL,1,bands_php/thumbs/images/fancy/5779L.png,0,NULL,NULL
5780M,Wedding Band,fancy_bands,galaxy_bands,NULL,Galaxy,NULL,1,bands_php/thumbs/images/fancy/5780M.png,0,NULL,NULL
5781L,Wedding Band,fancy_bands,galaxy_bands,NULL,Galaxy,NULL,1,bands_php/thumbs/images/fancy/5781L.png,0,NULL,NULL
5344PM,Wedding Band,fancy_bands,galaxy_bands,NULL,Galaxy,NULL,1,bands_php/thumbs/images/plain/5344PM.png,0,NULL,NULL
5345PL,Wedding Band,fancy_bands,galaxy_bands,NULL,Galaxy,NULL,1,bands_php/thumbs/images/plain/5345PL.png,0,NULL,NULL
59,NULL,celtic_bands,NULL,NULL,NULL,NULL,0,NULL,1,celtic.pdf,NULL
62,NULL,celtic_bands,NULL,NULL,NULL,NULL,0,NULL,1,celtic.pdf,NULL
74P,NULL,celtic_bands,NULL,NULL,NULL,NULL,0,NULL,1,celtic.pdf,NULL
75P,NULL,celtic_bands,NULL,NULL,NULL,NULL,0,NULL,1,celtic.pdf,NULL
5520,NULL,celtic_bands,NULL,NULL,NULL,NULL,0,NULL,1,celtic.pdf,NULL
5522,NULL,celtic_bands,NULL,NULL,NULL,NULL,0,NULL,1,celtic.pdf,NULL
5523,NULL,celtic_bands,NULL,NULL,NULL,NULL,0,NULL,1,celtic.pdf,NULL
74ES,NULL,celtic_bands,NULL,NULL,NULL,NULL,0,NULL,1,celtic.pdf,NULL
76ES,NULL,celtic_bands,NULL,NULL,NULL,NULL,0,NULL,1,celtic.pdf,NULL
CC73,NULL,celtic_bands,NULL,NULL,NULL,NULL,0,NULL,1,celtic.pdf,NULL
CC75,NULL,celtic_bands,NULL,NULL,NULL,NULL,0,NULL,1,celtic.pdf,NULL
CC77,NULL,celtic_bands,NULL,NULL,NULL,NULL,0,NULL,1,celtic.pdf,NULL
CC79,NULL,celtic_bands,NULL,NULL,NULL,NULL,0,NULL,1,celtic.pdf,NULL
CC80,NULL,celtic_bands,NULL,NULL,NULL,NULL,0,NULL,1,celtic.pdf,NULL
5850L,NULL,celtic_bands,NULL,NULL,NULL,NULL,0,NULL,1,celtic.pdf,NULL
5850M,NULL,celtic_bands,NULL,NULL,NULL,NULL,0,NULL,1,celtic.pdf,NULL
5852L,NULL,celtic_bands,NULL,NULL,NULL,NULL,0,NULL,1,celtic.pdf,NULL
5852M,NULL,celtic_bands,NULL,NULL,NULL,NULL,0,NULL,1,celtic.pdf,NULL
CC74M,NULL,celtic_bands,NULL,NULL,NULL,NULL,0,NULL,1,celtic.pdf,NULL
CC76AM,NULL,celtic_bands,NULL,NULL,NULL,NULL,0,NULL,1,celtic.pdf,NULL
CC76BM,NULL,celtic_bands,NULL,NULL,NULL,NULL,0,NULL,1,celtic.pdf,NULL
ER5600,NULL,celtic_bands,NULL,NULL,NULL,NULL,0,NULL,1,celtic.pdf,NULL
55,Celtic Band,celtic_bands,celtic_patterns,NULL,NULL,NULL,0,NULL,1,page_03eee.pdf,NULL
56,Celtic Band,celtic_bands,celtic_patterns,NULL,NULL,NULL,0,NULL,1,page_03eee.pdf,NULL
57,Celtic Band,celtic_bands,celtic_patterns,NULL,NULL,NULL,0,NULL,1,page_03eee.pdf,NULL
58,Celtic Band,celtic_bands,celtic_patterns,NULL,NULL,NULL,0,NULL,1,page_03eee.pdf,NULL
E58,Celtic Band,celtic_bands,celtic_patterns,NULL,NULL,NULL,0,NULL,1,page_03eee.pdf,NULL
P58,Celtic Band,celtic_bands,celtic_patterns,NULL,NULL,NULL,0,NULL,1,page_03eee.pdf,NULL
2207,Celtic Band,celtic_bands,celtic_patterns,NULL,NULL,NULL,0,NULL,1,page_03eee.pdf,NULL
5296,Celtic Band,celtic_bands,celtic_wedding_bands,NULL,Celtic link,Celtic link,0,bands_php/thumbs/images/celtic/5296L_alt1.png,1,celtic.pdf,NULL
5298,Celtic Band,celtic_bands,celtic_wedding_bands,NULL,Roman key,Roman key,0,no images found,1,celtic.pdf,NULL
5310,Celtic Band,celtic_bands,celtic_wedding_bands,NULL,Interlocking arrows,Interlocking arrows,0,bands_php/thumbs/images/celtic/5310M.png,1,celtic.pdf,NULL
5312,Celtic Band,celtic_bands,celtic_wedding_bands,NULL,Celtic spiral,Celtic spiral,0,bands_php/thumbs/images/celtic/5312M.png,1,celtic.pdf,NULL
5314,Celtic Band,celtic_bands,celtic_wedding_bands,NULL,Celtic arches,Celtic arches,0,no images found,1,celtic.pdf,NULL
5316,Celtic Band,celtic_bands,celtic_wedding_bands,NULL,Love knot,Love knot,0,no images found,1,celtic.pdf,NULL
5410,Celtic Band,celtic_bands,celtic_wedding_bands,NULL,Celtic scroll,Celtic scroll,0,bands_php/thumbs/images/celtic/5410M.png,1,celtic.pdf,NULL
5412,Celtic Band,celtic_bands,celtic_wedding_bands,NULL,Celtic petals,Celtic petals,0,no images found,1,celtic.pdf,NULL
5414,Celtic Band,celtic_bands,celtic_wedding_bands,NULL,Celtic trefoil,Celtic trefoil,0,no images found,1,celtic.pdf,NULL
5416,Celtic Band,celtic_bands,celtic_wedding_bands,NULL,Jelling band,Jelling band,0,bands_php/thumbs/images/celtic/5416L.jpg,1,celtic.pdf,NULL
5418,Celtic Band,celtic_bands,celtic_wedding_bands,NULL,Wave band,Wave band,0,no images found,1,celtic.pdf,NULL
5420,Celtic Band,celtic_bands,celtic_wedding_bands,NULL,Solomon's knot,Solomon's knot,0,bands_php/thumbs/images/celtic/5420M.jpg,1,celtic.pdf,NULL
5422,Celtic Band,celtic_bands,celtic_wedding_bands,NULL,Celtic twist,Celtic twist,0,no images found,1,celtic.pdf,NULL
5424,Celtic Band,celtic_bands,celtic_wedding_bands,NULL,Celtic Coils,Celtic Coils,0,bands_php/thumbs/images/celtic/5424M.png,1,celtic.pdf,NULL
5426,Celtic Band,celtic_bands,celtic_wedding_bands,NULL,Interlocking hearts,Interlocking hearts,0,bands_php/thumbs/images/celtic/5426M.jpg,1,celtic.pdf,NULL
5428,Celtic Band,celtic_bands,celtic_wedding_bands,NULL,Double hearts,Double hearts,0,bands_php/thumbs/images/celtic/5428M.jpg,1,celtic.pdf,NULL
5430,Celtic Band,celtic_bands,celtic_wedding_bands,NULL,Celtic link,Celtic link,0,bands_php/thumbs/images/celtic/5296L_alt1.png,1,celtic.pdf,NULL
5432,Celtic Band,celtic_bands,celtic_wedding_bands,NULL,Roman key,Roman key,0,no images found,1,celtic.pdf,NULL
5434,Celtic Band,celtic_bands,celtic_wedding_bands,NULL,Interlocking arrows,Interlocking arrows,0,bands_php/thumbs/images/celtic/5310M.png,1,celtic.pdf,NULL
5436,Celtic Band,celtic_bands,celtic_wedding_bands,NULL,Celtic spiral,Celtic spiral,0,bands_php/thumbs/images/celtic/5312M.png,1,celtic.pdf,NULL
5438,Celtic Band,celtic_bands,celtic_wedding_bands,NULL,Celtic arches,Celtic arches,0,no images found,1,celtic.pdf,NULL
5440,Celtic Band,celtic_bands,celtic_wedding_bands,NULL,Love knot,Love knot,0,no images found,1,celtic.pdf,NULL
5442,Celtic Band,celtic_bands,celtic_wedding_bands,NULL,Celtic scroll,Celtic scroll,0,bands_php/thumbs/images/celtic/5410M.png,1,celtic.pdf,NULL
5444,Celtic Band,celtic_bands,celtic_wedding_bands,NULL,Celtic petals,Celtic petals,0,no images found,1,celtic.pdf,NULL
5446,Celtic Band,celtic_bands,celtic_wedding_bands,NULL,Celtic trefoil,Celtic trefoil,0,no images found,1,celtic.pdf,NULL
5448,Celtic Band,celtic_bands,celtic_wedding_bands,NULL,Jelling band,Jelling band,0,bands_php/thumbs/images/celtic/5416L.jpg,1,celtic.pdf,NULL
5450,Celtic Band,celtic_bands,celtic_wedding_bands,NULL,Wave band,Wave band,0,no images found,1,celtic.pdf,NULL
5452,Celtic Band,celtic_bands,celtic_wedding_bands,NULL,Solomon's knot,Solomon's knot,0,bands_php/thumbs/images/celtic/5420M.jpg,1,celtic.pdf,NULL
5454,Celtic Band,celtic_bands,celtic_wedding_bands,NULL,Celtic twist,Celtic twist,0,no images found,1,celtic.pdf,NULL
5456,Celtic Band,celtic_bands,celtic_wedding_bands,NULL,Celtic Coils,Celtic Coils,0,bands_php/thumbs/images/celtic/5424M.png,1,celtic.pdf,NULL
5458,Celtic Band,celtic_bands,celtic_wedding_bands,NULL,Interlocking hearts,Interlocking hearts,0,bands_php/thumbs/images/celtic/5426M.jpg,1,celtic.pdf,NULL
5460,Celtic Band,celtic_bands,celtic_wedding_bands,NULL,Double hearts,Double hearts,0,bands_php/thumbs/images/celtic/5428M.jpg,1,celtic.pdf,NULL
5462,Celtic Band,celtic_bands,celtic_wedding_bands,NULL,Warrior's shield,Warrior's shield,0,bands_php/thumbs/images/celtic/5462L.jpg,1,celtic.pdf,NULL
5464,Celtic Band,celtic_bands,celtic_wedding_bands,NULL,Warrior's shield,Warrior's shield,0,bands_php/thumbs/images/celtic/5462L.jpg,1,celtic.pdf,NULL
5466,Celtic Band,celtic_bands,celtic_wedding_bands,NULL,Warrior's shield,Warrior's shield,0,bands_php/thumbs/images/celtic/5462L.jpg,1,celtic.pdf,NULL
5468,Celtic Band,celtic_bands,celtic_wedding_bands,NULL,Celtic lattice,Celtic lattice,0,no images found,1,celtic.pdf,NULL
5470,Celtic Band,celtic_bands,celtic_wedding_bands,NULL,Celtic lattice,Celtic lattice,0,no images found,1,celtic.pdf,NULL
5472,Celtic Band,celtic_bands,celtic_wedding_bands,NULL,Celtic lattice,Celtic lattice,0,no images found,1,celtic.pdf,NULL
5474,Celtic Band,celtic_bands,celtic_wedding_bands,NULL,Celtic Cross,Celtic Cross,0,bands_php/thumbs/images/celtic/5474M.jpg,1,celtic.pdf,NULL
5476,Celtic Band,celtic_bands,celtic_wedding_bands,NULL,Celtic Cross,Celtic Cross,0,bands_php/thumbs/images/celtic/5474M.jpg,1,celtic.pdf,NULL
5600,Celtic Band,celtic_bands,celtic_wedding_bands,NULL,Celtic link,Celtic link,0,bands_php/thumbs/images/celtic/5296L_alt1.png,1,celtic.pdf,NULL
5602,Celtic Band,celtic_bands,celtic_wedding_bands,NULL,Roman key,Roman key,0,no images found,1,celtic.pdf,NULL
5604,Celtic Band,celtic_bands,celtic_wedding_bands,NULL,Celtic spiral,Celtic spiral,0,bands_php/thumbs/images/celtic/5312M.png,1,celtic.pdf,NULL
5606,Celtic Band,celtic_bands,celtic_wedding_bands,NULL,Celtic arches,Celtic arches,0,no images found,1,celtic.pdf,NULL
5608,Celtic Band,celtic_bands,celtic_wedding_bands,NULL,Love knot,Love knot,0,no images found,1,celtic.pdf,NULL
5610,Celtic Band,celtic_bands,celtic_wedding_bands,NULL,Celtic scroll,Celtic scroll,0,bands_php/thumbs/images/celtic/5410M.png,1,celtic.pdf,NULL
5612,Celtic Band,celtic_bands,celtic_wedding_bands,NULL,Wave band,Wave band,0,no images found,1,celtic.pdf,NULL
5614,Celtic Band,celtic_bands,celtic_wedding_bands,NULL,Solomon's knot,Solomon's knot,0,bands_php/thumbs/images/celtic/5420M.jpg,1,celtic.pdf,NULL
5616,Celtic Band,celtic_bands,celtic_wedding_bands,NULL,Interlocking hearts,Interlocking hearts,0,bands_php/thumbs/images/celtic/5426M.jpg,1,celtic.pdf,NULL
5618,Celtic Band,celtic_bands,celtic_wedding_bands,NULL,Interlocking arrows,Interlocking arrows,0,bands_php/thumbs/images/celtic/5310M.png,1,celtic.pdf,NULL
5620,Celtic Band,celtic_bands,celtic_wedding_bands,NULL,Celtic petals,Celtic petals,0,no images found,1,celtic.pdf,NULL
5622,Celtic Band,celtic_bands,celtic_wedding_bands,NULL,Celtic trefoil,Celtic trefoil,0,no images found,1,celtic.pdf,NULL
5624,Celtic Band,celtic_bands,celtic_wedding_bands,NULL,Jelling band,Jelling band,0,bands_php/thumbs/images/celtic/5416L.jpg,1,celtic.pdf,NULL
5626,Celtic Band,celtic_bands,celtic_wedding_bands,NULL,Celtic twist,Celtic twist,0,no images found,1,celtic.pdf,NULL
5628,Celtic Band,celtic_bands,celtic_wedding_bands,NULL,Celtic Coils,Celtic Coils,0,bands_php/thumbs/images/celtic/5424M.png,1,celtic.pdf,NULL
5630,Celtic Band,celtic_bands,celtic_wedding_bands,NULL,Double hearts,Double hearts,0,bands_php/thumbs/images/celtic/5428M.jpg,1,celtic.pdf,NULL
5424L,Celtic Band,celtic_bands,NULL,NULL,NULL,Celtic Coils,1,bands_php/thumbs/images/celtic/5424L.png,1,celtic.pdf,NULL
5424M,Celtic Band,celtic_bands,NULL,NULL,NULL,Celtic Coils,1,bands_php/thumbs/images/celtic/5424M.png,1,celtic.pdf,NULL
5468L,Celtic Band,celtic_bands,celtic_wedding_bands,NULL,Celtic lattice,Celtic lattice,0,no images found,1,celtic.pdf,NULL
MK5608,Celtic Band,celtic_bands,celtic_patterns,NULL,NULL,NULL,0,NULL,1,page_03eee.pdf,NULL
5608L,Celtic Band (Ladies),celtic_bands,celtic_patterns,NULL,NULL,NULL,0,NULL,1,page_03eee.pdf,NULL
5634L,Celtic Band (Ladies),celtic_bands,celtic_patterns,NULL,NULL,NULL,0,NULL,1,page_03eee.pdf,NULL
5642L,Celtic Band (Ladies),celtic_bands,celtic_patterns,NULL,NULL,NULL,0,NULL,1,page_03eee.pdf,NULL
CC70DL,Celtic Band (Ladies),celtic_bands,celtic_patterns,NULL,NULL,NULL,0,NULL,1,page_03eee.pdf,NULL
CC70M,Celtic Band (Mens),celtic_bands,celtic_patterns,NULL,NULL,NULL,0,NULL,1,page_03eee.pdf,NULL
5468M,Celtic Lattice Band,celtic_bands,NULL,NULL,NULL,NULL,0,NULL,1,celtic.pdf,NULL
5296L,Celtic Link Band,celtic_bands,celtic_patterns,NULL,NULL,NULL,0,bands_php/thumbs/images/celtic/5296L_alt1.png,1,celtic.pdf,NULL
5296M,Celtic Link Band,celtic_bands,celtic_patterns,NULL,NULL,NULL,0,bands_php/thumbs/images/celtic/5296L_alt1.png,1,celtic.pdf,NULL
5430L,Celtic Link Band,celtic_bands,celtic_patterns,NULL,NULL,NULL,0,bands_php/thumbs/images/celtic/5296L_alt1.png,1,celtic.pdf,NULL
5430M,Celtic Link Band,celtic_bands,celtic_patterns,NULL,NULL,NULL,0,bands_php/thumbs/images/celtic/5296L_alt1.png,1,celtic.pdf,NULL
5600L,Celtic Link Band,celtic_bands,celtic_patterns,NULL,NULL,NULL,0,bands_php/thumbs/images/celtic/5296L_alt1.png,1,celtic.pdf,NULL
5600M,Celtic Link Band,celtic_bands,celtic_patterns,NULL,NULL,NULL,0,bands_php/thumbs/images/celtic/5296L_alt1.png,1,celtic.pdf,NULL
5310L,Interlocking Arrows Band,celtic_bands,celtic_patterns,NULL,NULL,NULL,1,bands_php/thumbs/images/celtic/5310L.png,1,celtic.pdf,NULL
5310M,Interlocking Arrows Band,celtic_bands,celtic_patterns,NULL,NULL,NULL,1,bands_php/thumbs/images/celtic/5310M.png,1,celtic.pdf,NULL
5434L,Interlocking Arrows Band,celtic_bands,celtic_patterns,NULL,NULL,NULL,0,bands_php/thumbs/images/celtic/5310M.png,1,celtic.pdf,NULL
5434M,Interlocking Arrows Band,celtic_bands,celtic_patterns,NULL,NULL,NULL,0,bands_php/thumbs/images/celtic/5310M.png,1,celtic.pdf,NULL
5618L,Interlocking Arrows Band,celtic_bands,celtic_patterns,NULL,NULL,NULL,0,bands_php/thumbs/images/celtic/5310M.png,1,celtic.pdf,NULL
5618M,Interlocking Arrows Band,celtic_bands,celtic_patterns,NULL,NULL,NULL,0,bands_php/thumbs/images/celtic/5310M.png,1,celtic.pdf,NULL
5298L,Roman Key Band,celtic_bands,celtic_patterns,NULL,NULL,NULL,0,no images found,1,celtic.pdf,NULL
5298M,Roman Key Band,celtic_bands,celtic_patterns,NULL,NULL,NULL,0,no images found,1,celtic.pdf,NULL
5432L,Roman Key Band,celtic_bands,celtic_patterns,NULL,NULL,NULL,0,no images found,1,celtic.pdf,NULL
5432M,Roman Key Band,celtic_bands,celtic_patterns,NULL,NULL,NULL,0,no images found,1,celtic.pdf,NULL
5602L,Roman Key Band,celtic_bands,celtic_patterns,NULL,NULL,NULL,0,no images found,1,celtic.pdf,NULL
5602M,Roman Key Band,celtic_bands,celtic_patterns,NULL,NULL,NULL,0,no images found,1,celtic.pdf,NULL
5312L,Wedding Band,celtic_bands,NULL,NULL,NULL,NULL,1,bands_php/thumbs/images/celtic/5312L.png,1,celtic.pdf,NULL
5312M,Wedding Band,celtic_bands,NULL,NULL,NULL,NULL,1,bands_php/thumbs/images/celtic/5312M.png,1,celtic.pdf,NULL
5410M,Wedding Band,celtic_bands,NULL,NULL,NULL,NULL,1,bands_php/thumbs/images/celtic/5410M.png,1,celtic.pdf,NULL
5416L,Wedding Band,celtic_bands,NULL,NULL,NULL,NULL,1,bands_php/thumbs/images/celtic/5416L.jpg,1,celtic.pdf,NULL
5420L,Wedding Band,celtic_bands,NULL,NULL,NULL,NULL,1,bands_php/thumbs/images/celtic/5420L.jpg,1,celtic.pdf,NULL
5420M,Wedding Band,celtic_bands,NULL,NULL,NULL,NULL,1,bands_php/thumbs/images/celtic/5420M.jpg,1,celtic.pdf,NULL
5426L,Wedding Band,celtic_bands,NULL,NULL,NULL,NULL,1,bands_php/thumbs/images/celtic/5426L.jpg,1,celtic.pdf,NULL
5426M,Wedding Band,celtic_bands,NULL,NULL,NULL,NULL,1,bands_php/thumbs/images/celtic/5426M.jpg,1,celtic.pdf,NULL
5428L,Wedding Band,celtic_bands,NULL,NULL,NULL,NULL,1,bands_php/thumbs/images/celtic/5428L.jpg,1,celtic.pdf,NULL
5428M,Wedding Band,celtic_bands,NULL,NULL,NULL,NULL,1,bands_php/thumbs/images/celtic/5428M.jpg,1,celtic.pdf,NULL
5462L,Wedding Band,celtic_bands,NULL,NULL,NULL,NULL,1,bands_php/thumbs/images/celtic/5462L.jpg,1,celtic.pdf,NULL
5474L,Wedding Band,celtic_bands,NULL,NULL,NULL,NULL,1,bands_php/thumbs/images/celtic/5474L.jpg,1,celtic.pdf,NULL
5474M,Wedding Band,celtic_bands,NULL,NULL,NULL,NULL,1,bands_php/thumbs/images/celtic/5474M.jpg,1,celtic.pdf,NULL
5636L,Wedding Band,celtic_bands,NULL,NULL,NULL,NULL,1,bands_php/thumbs/images/celtic/5636L.png,1,celtic.pdf,NULL
5636M,Wedding Band,celtic_bands,NULL,NULL,NULL,NULL,1,bands_php/thumbs/images/celtic/5636M.png,1,celtic.pdf,NULL
5854L,Wedding Band,celtic_bands,NULL,NULL,NULL,NULL,1,bands_php/thumbs/images/celtic/5854L.png,1,celtic.pdf,NULL
5854M,Wedding Band,celtic_bands,NULL,NULL,NULL,NULL,1,bands_php/thumbs/images/celtic/5854M.png,1,celtic.pdf,NULL
1890,Family Ring,family,mother_daughter,NULL,NULL,NULL,0,no images found,1,page_10c.pdf,NULL
1895,Family Ring,family,mother_daughter,NULL,NULL,NULL,0,no images found,1,page_10c.pdf,NULL
1916,Family Ring,family,mother_daughter,NULL,NULL,NULL,0,no images found,1,page_10c.pdf,NULL
1919,Family Ring,family,mother_daughter,NULL,NULL,NULL,0,no images found,1,page_10c.pdf,NULL
1921,Family Ring,family,mother_daughter,NULL,NULL,NULL,0,no images found,1,page_10c.pdf,NULL
1923,Family Ring,family,mother_daughter,NULL,NULL,NULL,0,no images found,1,page_10c.pdf,NULL
1924,Family Ring,family,mother_daughter,NULL,NULL,NULL,0,no images found,1,page_10c.pdf,NULL
1928,Family Ring,family,mother_daughter,NULL,NULL,NULL,0,no images found,1,page_10c.pdf,NULL
1938,Family Ring,family,mother_daughter,NULL,NULL,NULL,0,no images found,1,page_10c.pdf,NULL
1951,Family Ring,family,mother_daughter,NULL,NULL,NULL,0,no images found,1,page_10c.pdf,NULL
1967,Family Ring,family,mother_daughter,NULL,NULL,NULL,0,no images found,1,page_10b.pdf,NULL
1987,Family Ring,family,mother_daughter,NULL,NULL,NULL,0,no images found,1,page_10b.pdf,NULL
2275,Family Ring,family,mother_daughter,NULL,NULL,NULL,0,no images found,1,page_10b.pdf,NULL
2277,Family Ring,family,mother_daughter,NULL,NULL,NULL,0,no images found,1,page_10b.pdf,NULL
F400T,Galaxy Band,family,NULL,NULL,NULL,NULL,1,family_php/thumbs/images/Daughter/F400T.png,0,page_10.pdf,NULL
F400T-2,Galaxy Band,family,NULL,NULL,NULL,NULL,1,family_php/thumbs/images/Mother/F400T-2.png,0,NULL,NULL
F400T_Alt3,Galaxy Band,family,NULL,NULL,NULL,NULL,1,family_php/images/Daughter/F400T_Alt3.png,0,NULL,NULL
FPR,Jewelry Item,family,NULL,NULL,NULL,NULL,1,family_php/thumbs/images/Mother/FPR.png,0,page_10d.pdf,NULL
F138,Jewelry Item,family,NULL,NULL,NULL,NULL,1,family_php/thumbs/images/Mother/F138.png,0,page_10a.pdf,NULL
F140,Jewelry Item,family,NULL,NULL,NULL,NULL,1,family_php/thumbs/images/Mother/F140.png,0,page_10.pdf,NULL
FP91,Jewelry Item,family,NULL,NULL,NULL,NULL,1,family_php/thumbs/images/Mother/FP91.png,0,NULL,NULL
FP93,Jewelry Item,family,NULL,NULL,NULL,NULL,1,family_php/thumbs/images/Mother/FP93.png,0,NULL,NULL
FPHH,Jewelry Item,family,NULL,NULL,NULL,NULL,1,family_php/thumbs/images/Mother/FPHH.png,0,page_10d.pdf,NULL
2274R,Jewelry Item,family,NULL,NULL,NULL,NULL,1,family_php/thumbs/images/Daughter/2274R.png,0,NULL,NULL
F1379,Jewelry Item,family,NULL,NULL,NULL,NULL,1,family_php/thumbs/images/Mother/F1379.png,0,page_10a.pdf,NULL
F2518,Jewelry Item,family,NULL,NULL,NULL,NULL,1,family_php/thumbs/images/Mother/F2518.png,0,page_10.pdf,NULL
F2519,Jewelry Item,family,NULL,NULL,NULL,NULL,1,family_php/thumbs/images/Mother/F2519.png,0,page_10.pdf,NULL
F2524,Jewelry Item,family,NULL,NULL,NULL,NULL,1,family_php/thumbs/images/Mother/F2524.png,0,page_10.pdf,NULL
F2531,Jewelry Item,family,NULL,NULL,NULL,NULL,1,family_php/thumbs/images/Mother/F2531.png,0,page_10a.pdf,NULL
F2532,Jewelry Item,family,NULL,NULL,NULL,NULL,1,family_php/thumbs/images/Mother/F2532.png,0,page_10.pdf,NULL
F2538,Jewelry Item,family,NULL,NULL,NULL,NULL,1,family_php/thumbs/images/Daughter/F2538.png,0,page_10a.pdf,NULL
F2540,Jewelry Item,family,NULL,NULL,NULL,NULL,1,family_php/thumbs/images/Mother/F2540.png,0,NULL,NULL
F2552,Jewelry Item,family,NULL,NULL,NULL,NULL,1,family_php/thumbs/images/Mother/F2552.png,0,page_10.pdf,NULL
F2554,Jewelry Item,family,NULL,NULL,NULL,NULL,1,family_php/thumbs/images/Mother/F2554.png,0,page_10.pdf,NULL
F2560,Jewelry Item,family,NULL,NULL,NULL,NULL,1,family_php/thumbs/images/Mother/F2560.png,0,page_10a.pdf,NULL
F2575,Jewelry Item,family,NULL,NULL,NULL,NULL,1,family_php/thumbs/images/Daughter/F2575.png,0,page_10.pdf,NULL
F2579,Jewelry Item,family,NULL,NULL,NULL,NULL,1,family_php/images/Mother/F2579.png,0,page_10.pdf,NULL
F2584,Jewelry Item,family,NULL,NULL,NULL,NULL,1,family_php/thumbs/images/Mother/F2584.png,0,NULL,NULL
F2585,Jewelry Item,family,NULL,NULL,NULL,NULL,1,family_php/thumbs/images/Mother/F2585.png,0,NULL,NULL
F2591,Jewelry Item,family,NULL,NULL,NULL,NULL,1,family_php/thumbs/images/Mother/F2591.png,0,NULL,NULL
F2593,Jewelry Item,family,NULL,NULL,NULL,NULL,1,family_php/thumbs/images/Mother/F2593.png,0,NULL,NULL
F2594,Jewelry Item,family,NULL,NULL,NULL,NULL,1,family_php/images/Mother/F2594.jpg,0,NULL,NULL
F2595,Jewelry Item,family,NULL,NULL,NULL,NULL,1,family_php/thumbs/images/Mother/F2595.png,0,NULL,NULL
F5t90,Jewelry Item,family,NULL,NULL,NULL,NULL,1,family_php/thumbs/images/Mother/F5t90.png,0,NULL,NULL
FFC41,Jewelry Item,family,NULL,NULL,NULL,NULL,1,family_php/thumbs/images/Father/FFC41.png,0,NULL,NULL
FFC42,Jewelry Item,family,NULL,NULL,NULL,NULL,1,family_php/thumbs/images/Father/FFC42.png,0,NULL,NULL
FS32-2,Jewelry Item,family,NULL,NULL,NULL,NULL,1,family_php/thumbs/images/Father/FS32-2.png,0,NULL,NULL
br83-5,Jewelry Item,family,NULL,NULL,NULL,NULL,1,family_php/thumbs/images/Mother/br83-5.jpg,0,NULL,NULL
br85-3 ,Jewelry Item,family,NULL,NULL,NULL,NULL,1,family_php/thumbs/images/Mother/br85-3 .jpg,0,NULL,NULL
2274_Alt1,Jewelry Item,family,NULL,NULL,NULL,NULL,1,family_php/images/Daughter/2274_Alt1.png,0,NULL,NULL
2274_Alt2,Jewelry Item,family,NULL,NULL,NULL,NULL,1,family_php/images/Daughter/2274_Alt2.png,0,NULL,NULL
2274_Alt3,Jewelry Item,family,NULL,NULL,NULL,NULL,1,family_php/images/Daughter/2274_Alt3.png,0,NULL,NULL
2281_Alt3,Jewelry Item,family,NULL,NULL,NULL,NULL,1,family_php/images/Daughter/2281_Alt3.jpg,0,NULL,NULL
F2520_Alt1,Jewelry Item,family,NULL,NULL,NULL,NULL,1,family_php/images/Mother/F2520_Alt1.jpg,0,NULL,NULL
F2520_Alt2,Jewelry Item,family,NULL,NULL,NULL,NULL,1,family_php/images/Mother/F2520_Alt2.png,0,NULL,NULL
F2520_Alt3,Jewelry Item,family,NULL,NULL,NULL,NULL,1,family_php/images/Mother/F2520_Alt3.png,0,NULL,NULL
F2524_Alt1,Jewelry Item,family,NULL,NULL,NULL,NULL,1,family_php/images/Mother/F2524_Alt1.png,0,NULL,NULL
F2524_Alt2,Jewelry Item,family,NULL,NULL,NULL,NULL,1,family_php/images/Mother/F2524_Alt2.png,0,NULL,NULL
F2524_Alt3,Jewelry Item,family,NULL,NULL,NULL,NULL,1,family_php/images/Mother/F2524_Alt3.png,0,NULL,NULL
F2530_Alt3,Jewelry Item,family,NULL,NULL,NULL,NULL,1,family_php/images/Mother/F2530_Alt3.png,0,NULL,NULL
F2531_Alt1,Jewelry Item,family,NULL,NULL,NULL,NULL,1,family_php/images/Mother/F2531_Alt1.png,0,NULL,NULL
F2531_Alt2,Jewelry Item,family,NULL,NULL,NULL,NULL,1,family_php/images/Mother/F2531_Alt2.png,0,NULL,NULL
F2531_Alt3,Jewelry Item,family,NULL,NULL,NULL,NULL,1,family_php/images/Mother/F2531_Alt3.png,0,NULL,NULL
F2532_Alt3,Jewelry Item,family,NULL,NULL,NULL,NULL,1,family_php/images/Mother/F2532_Alt3.png,0,NULL,NULL
F2540_Alt1,Jewelry Item,family,NULL,NULL,NULL,NULL,1,family_php/images/Mother/F2540_Alt1.png,0,NULL,NULL
F2540_Alt2,Jewelry Item,family,NULL,NULL,NULL,NULL,1,family_php/images/Mother/F2540_Alt2.png,0,NULL,NULL
F2540_Alt3,Jewelry Item,family,NULL,NULL,NULL,NULL,1,family_php/images/Mother/F2540_Alt3.png,0,NULL,NULL
F2547_Alt1,Jewelry Item,family,NULL,NULL,NULL,NULL,1,family_php/images/Mother/F2547_Alt1.png,0,NULL,NULL
F2547_Alt2,Jewelry Item,family,NULL,NULL,NULL,NULL,1,family_php/images/Mother/F2547_Alt2.png,0,NULL,NULL
F2547_Alt3,Jewelry Item,family,NULL,NULL,NULL,NULL,1,family_php/images/Mother/F2547_Alt3.png,0,NULL,NULL
F2554_Alt1,Jewelry Item,family,NULL,NULL,NULL,NULL,1,family_php/images/Mother/F2554_Alt1.png,0,NULL,NULL
F2554_Alt2,Jewelry Item,family,NULL,NULL,NULL,NULL,1,family_php/images/Mother/F2554_Alt2.png,0,NULL,NULL
F2554_Alt3,Jewelry Item,family,NULL,NULL,NULL,NULL,1,family_php/images/Mother/F2554_Alt3.png,0,NULL,NULL
F2556_Alt1,Jewelry Item,family,NULL,NULL,NULL,NULL,1,family_php/images/Mother/F2556_Alt1.png,0,NULL,NULL
F2556_Alt2,Jewelry Item,family,NULL,NULL,NULL,NULL,1,family_php/images/Mother/F2556_Alt2.png,0,NULL,NULL
F2556_Alt3,Jewelry Item,family,NULL,NULL,NULL,NULL,1,family_php/images/Mother/F2556_Alt3.png,0,NULL,NULL
F2560_Alt1,Jewelry Item,family,NULL,NULL,NULL,NULL,1,family_php/images/Mother/F2560_Alt1.png,0,NULL,NULL
F2560_Alt2,Jewelry Item,family,NULL,NULL,NULL,NULL,1,family_php/images/Mother/F2560_Alt2.png,0,NULL,NULL
F2560_Alt3,Jewelry Item,family,NULL,NULL,NULL,NULL,1,family_php/images/Mother/F2560_Alt3.png,0,NULL,NULL
F2579_Alt1,Jewelry Item,family,NULL,NULL,NULL,NULL,1,family_php/images/Mother/F2579_Alt1.png,0,NULL,NULL
F2579_Alt2,Jewelry Item,family,NULL,NULL,NULL,NULL,1,family_php/images/Mother/F2579_Alt2.png,0,NULL,NULL
F2579_Alt3,Jewelry Item,family,NULL,NULL,NULL,NULL,1,family_php/images/Mother/F2579_Alt3.png,0,NULL,NULL
F2593_Alt1,Jewelry Item,family,NULL,NULL,NULL,NULL,1,family_php/images/Mother/F2593_Alt1.png,0,NULL,NULL
F2593_Alt2,Jewelry Item,family,NULL,NULL,NULL,NULL,1,family_php/images/Mother/F2593_Alt2.png,0,NULL,NULL
F2595_Alt1,Jewelry Item,family,NULL,NULL,NULL,NULL,1,family_php/images/Mother/F2595_Alt1.png,0,NULL,NULL
F2595_Alt2,Jewelry Item,family,NULL,NULL,NULL,NULL,1,family_php/images/Mother/F2595_Alt2.png,0,NULL,NULL
F2595_Alt3,Jewelry Item,family,NULL,NULL,NULL,NULL,1,family_php/images/Mother/F2595_Alt3.png,0,NULL,NULL
F2596_Alt1,Jewelry Item,family,NULL,NULL,NULL,NULL,1,family_php/images/Mother/F2596_Alt1.png,0,NULL,NULL
F2596_Alt2,Jewelry Item,family,NULL,NULL,NULL,NULL,1,family_php/images/Mother/F2596_Alt2.png,0,NULL,NULL
F2596_Alt3,Jewelry Item,family,NULL,NULL,NULL,NULL,1,family_php/images/Mother/F2596_Alt3.jpg,0,NULL,NULL
f2586_Alt3,Jewelry Item,family,NULL,NULL,NULL,NULL,1,family_php/images/Mother/f2586_Alt3.jpg,0,NULL,NULL
f2593_Alt3,Jewelry Item,family,NULL,NULL,NULL,NULL,1,family_php/images/Mother/f2593_Alt3.jpg,0,NULL,NULL
1208,Ring,family,NULL,NULL,NULL,NULL,1,family_php/thumbs/images/Daughter/1208.png,0,page_10c.pdf,NULL
1210,Ring,family,NULL,NULL,NULL,NULL,1,family_php/thumbs/images/Daughter/1210.jpg,0,page_10c.pdf,NULL
1869,Ring,family,NULL,NULL,NULL,NULL,1,family_php/thumbs/images/Daughter/1869.jpg,0,page_10b.pdf,NULL
1877,Ring,family,NULL,NULL,NULL,NULL,1,family_php/thumbs/images/Daughter/1877.png,0,page_10b.pdf,NULL
1879,Ring,family,NULL,NULL,NULL,NULL,1,family_php/thumbs/images/Daughter/1879.png,0,page_10c.pdf,NULL
1925,Ring,family,NULL,NULL,NULL,NULL,1,family_php/thumbs/images/Daughter/1925.png,0,page_10c.pdf,NULL
1930,Ring,family,NULL,NULL,NULL,NULL,1,family_php/thumbs/images/Daughter/1930.jpg,0,page_10b.pdf,NULL
1934,Ring,family,NULL,NULL,NULL,NULL,1,family_php/thumbs/images/Daughter/1934.png,0,page_10b.pdf,NULL
1945,Ring,family,NULL,NULL,NULL,NULL,1,family_php/thumbs/images/Daughter/1945.jpg,0,page_10b.pdf,NULL
2009,Ring,family,NULL,NULL,NULL,NULL,1,family_php/thumbs/images/Daughter/2009.png,0,page_10c.pdf,NULL
2080,Ring,family,NULL,NULL,NULL,NULL,1,family_php/thumbs/images/Daughter/2080.png,0,page_10c.pdf,NULL
2273,Ring,family,NULL,NULL,NULL,NULL,1,family_php/thumbs/images/Daughter/2273.png,0,page_10b.pdf,NULL
2274,Ring,family,NULL,NULL,NULL,NULL,1,family_php/thumbs/images/Daughter/2274.png,0,page_10b.pdf,NULL
2276,Ring,family,NULL,NULL,NULL,NULL,1,family_php/thumbs/images/Daughter/2276.png,0,page_10c.pdf,NULL
2282,Ring,family,NULL,NULL,NULL,NULL,1,family_php/thumbs/images/Daughter/2282.png,0,NULL,NULL
F120M,Wedding Band,family,NULL,NULL,NULL,NULL,1,family_php/thumbs/images/Father/F120M.png,0,NULL,NULL
CT15,Celtic Band,school,NULL,NULL,NULL,NULL,1,school_php/thumbs/Shoulders/CT15.jpg,0,page_09a.pdf,NULL
ATV_large,Galaxy Band,school,NULL,NULL,NULL,NULL,1,school_php/thumbs/Shoulders/ATV_large.jpg,0,NULL,NULL
bear,Jewelry Item,school,NULL,NULL,NULL,NULL,1,school_php/thumbs/Shoulders/bear.jpg,0,NULL,NULL
jazz,Jewelry Item,school,NULL,NULL,NULL,NULL,1,school_php/thumbs/Shoulders/jazz.png,0,NULL,NULL
boxer,Jewelry Item,school,NULL,NULL,NULL,NULL,1,school_php/thumbs/Shoulders/boxer.jpg,0,NULL,NULL
rifle,Jewelry Item,school,NULL,NULL,NULL,NULL,1,school_php/thumbs/Shoulders/rifle.jpg,0,NULL,NULL
4-H_S9,Jewelry Item,school,NULL,NULL,NULL,NULL,1,school_php/thumbs/Shoulders/4-H_S9.jpg,0,NULL,NULL
lancer,Jewelry Item,school,NULL,NULL,NULL,NULL,1,school_php/thumbs/Shoulders/lancer.jpg,0,NULL,NULL
sr111d,Jewelry Item,school,NULL,NULL,NULL,NULL,1,school_php/thumbs/Bands/sr111d.jpg,0,NULL,NULL
sr121d,Jewelry Item,school,NULL,NULL,NULL,NULL,1,school_php/thumbs/Bands/sr121d.jpg,0,NULL,NULL
sr123d,Jewelry Item,school,NULL,NULL,NULL,NULL,1,school_php/thumbs/Bands/sr123d.jpg,0,NULL,NULL
sr20dm,Jewelry Item,school,NULL,NULL,NULL,NULL,1,school_php/thumbs/Bands/sr20dm.jpg,0,NULL,NULL
sr63db,Jewelry Item,school,NULL,NULL,NULL,NULL,1,school_php/thumbs/Crest_tops/sr63db.jpg,0,NULL,NULL
sr87db,Jewelry Item,school,NULL,NULL,NULL,NULL,1,school_php/thumbs/Crest_tops/sr87db.jpg,0,NULL,NULL
allstar,Jewelry Item,school,NULL,NULL,NULL,NULL,1,school_php/thumbs/Shoulders/allstar.jpg,0,NULL,NULL
welding,Jewelry Item,school,NULL,NULL,NULL,NULL,1,school_php/thumbs/Shoulders/welding.jpg,0,NULL,NULL
cardinal,Jewelry Item,school,NULL,NULL,NULL,NULL,1,school_php/thumbs/Shoulders/cardinal.jpg,0,NULL,NULL
clarinet,Jewelry Item,school,NULL,NULL,NULL,NULL,1,school_php/thumbs/Shoulders/clarinet.jpg,0,NULL,NULL
class of,Jewelry Item,school,NULL,NULL,NULL,NULL,1,school_php/thumbs/Shoulders/class of.jpg,0,NULL,NULL
cobra_sm,Jewelry Item,school,NULL,NULL,NULL,NULL,1,school_php/thumbs/Shoulders/cobra_sm.jpg,0,NULL,NULL
computer,Jewelry Item,school,NULL,NULL,NULL,NULL,1,school_php/thumbs/Shoulders/computer.jpg,0,NULL,NULL
drum_lrg,Jewelry Item,school,NULL,NULL,NULL,NULL,1,school_php/thumbs/Shoulders/drum_lrg.jpg,0,NULL,NULL
fish_lrg,Jewelry Item,school,NULL,NULL,NULL,NULL,1,school_php/thumbs/Shoulders/fish_lrg.jpg,0,NULL,NULL
football,Jewelry Item,school,NULL,NULL,NULL,NULL,1,school_php/thumbs/Shoulders/football.jpg,0,NULL,NULL
yearbook,Jewelry Item,school,NULL,NULL,NULL,NULL,1,school_php/thumbs/Shoulders/yearbook.jpg,0,NULL,NULL
broomball,Jewelry Item,school,NULL,NULL,NULL,NULL,1,school_php/thumbs/Shoulders/broomball.jpg,0,NULL,NULL
carpentry,Jewelry Item,school,NULL,NULL,NULL,NULL,1,school_php/thumbs/Shoulders/carpentry.jpg,0,NULL,NULL
devil_mid,Jewelry Item,school,NULL,NULL,NULL,NULL,1,school_php/thumbs/Shoulders/devil_mid.jpg,0,NULL,NULL
lightning,Jewelry Item,school,NULL,NULL,NULL,NULL,1,school_php/thumbs/Shoulders/lightning.jpg,0,NULL,NULL
petite_RN,Jewelry Item,school,NULL,NULL,NULL,NULL,1,school_php/thumbs/Shoulders/petite_RN.jpg,0,NULL,NULL
ram_dated,Jewelry Item,school,NULL,NULL,NULL,NULL,1,school_php/thumbs/Shoulders/ram_dated.jpg,0,NULL,NULL
rodeo_mid,Jewelry Item,school,NULL,NULL,NULL,NULL,1,school_php/thumbs/Shoulders/rodeo_mid.jpg,0,NULL,NULL
rowing_sm,Jewelry Item,school,NULL,NULL,NULL,NULL,1,school_php/thumbs/Shoulders/rowing_sm.jpg,0,NULL,NULL
art_petite,Jewelry Item,school,NULL,NULL,NULL,NULL,1,school_php/thumbs/Shoulders/art_petite.jpg,0,NULL,NULL
condor_mid,Jewelry Item,school,NULL,NULL,NULL,NULL,1,school_php/thumbs/Shoulders/condor_mid.jpg,0,NULL,NULL
curling_sm,Jewelry Item,school,NULL,NULL,NULL,NULL,1,school_php/thumbs/Shoulders/curling_sm.jpg,0,NULL,NULL
dragon_mid,Jewelry Item,school,NULL,NULL,NULL,NULL,1,school_php/thumbs/Shoulders/dragon_mid.jpg,0,NULL,NULL
excellence,Jewelry Item,school,NULL,NULL,NULL,NULL,1,school_php/thumbs/Shoulders/excellence.jpg,0,NULL,NULL
flag dated,Jewelry Item,school,NULL,NULL,NULL,NULL,1,school_php/thumbs/Shoulders/flag dated.jpg,0,NULL,NULL
motorcross,Jewelry Item,school,NULL,NULL,NULL,NULL,1,school_php/thumbs/Shoulders/motorcross.jpg,0,NULL,NULL
paw_petite,Jewelry Item,school,NULL,NULL,NULL,NULL,1,school_php/thumbs/Shoulders/paw_petite.jpg,0,NULL,NULL
petite_paw,Jewelry Item,school,NULL,NULL,NULL,NULL,1,school_php/thumbs/Shoulders/petite_paw.jpg,0,NULL,NULL
phoenix_sm,Jewelry Item,school,NULL,NULL,NULL,NULL,1,school_php/thumbs/Shoulders/phoenix_sm.jpg,0,NULL,NULL
wolf small,Jewelry Item,school,NULL,NULL,NULL,NULL,1,school_php/thumbs/Shoulders/wolf small.jpg,0,NULL,NULL
chief_large,Jewelry Item,school,NULL,NULL,NULL,NULL,1,school_php/thumbs/Shoulders/chief_large.jpg,0,NULL,NULL
crown_small,Jewelry Item,school,NULL,NULL,NULL,NULL,1,school_php/thumbs/Shoulders/crown_small.jpg,0,NULL,NULL
eagle_small,Jewelry Item,school,NULL,NULL,NULL,NULL,1,school_php/thumbs/Shoulders/eagle_small.jpg,0,NULL,NULL
electrician,Jewelry Item,school,NULL,NULL,NULL,NULL,1,school_php/thumbs/Shoulders/electrician.jpg,0,NULL,NULL
fieldhockey,Jewelry Item,school,NULL,NULL,NULL,NULL,1,school_php/thumbs/Shoulders/fieldhockey.jpg,0,NULL,NULL
golf petite,Jewelry Item,school,NULL,NULL,NULL,NULL,1,school_php/thumbs/Shoulders/golf petite.jpg,0,NULL,NULL
hawk_medium,Jewelry Item,school,NULL,NULL,NULL,NULL,1,school_php/thumbs/Shoulders/hawk_medium.jpg,0,NULL,NULL
husky_small,Jewelry Item,school,NULL,NULL,NULL,NULL,1,school_php/thumbs/Shoulders/husky_small.png,0,NULL,NULL
leo midsize,Jewelry Item,school,NULL,NULL,NULL,NULL,1,school_php/thumbs/Shoulders/leo midsize.jpg,0,NULL,NULL
marlin_mans,Jewelry Item,school,NULL,NULL,NULL,NULL,1,school_php/thumbs/Shoulders/marlin_mans.jpg,0,NULL,NULL
music_dated,Jewelry Item,school,NULL,NULL,NULL,NULL,1,school_php/thumbs/Shoulders/music_dated.jpg,0,NULL,NULL
petite_frog,Jewelry Item,school,NULL,NULL,NULL,NULL,1,school_php/thumbs/Shoulders/petite_frog.jpg,0,NULL,NULL
petite_sadd,Jewelry Item,school,NULL,NULL,NULL,NULL,1,school_php/thumbs/Shoulders/petite_sadd.jpg,0,NULL,NULL
save petite,Jewelry Item,school,NULL,NULL,NULL,NULL,1,school_php/thumbs/Shoulders/save petite.jpg,0,NULL,NULL
tiger large,Jewelry Item,school,NULL,NULL,NULL,NULL,1,school_php/thumbs/Shoulders/tiger large.jpg,0,NULL,NULL
band_classic,Jewelry Item,school,NULL,NULL,NULL,NULL,1,school_php/thumbs/Shoulders/band_classic.jpg,0,NULL,NULL
camera_small,Jewelry Item,school,NULL,NULL,NULL,NULL,1,school_php/thumbs/Shoulders/camera_small.jpg,0,NULL,NULL
chess_medium,Jewelry Item,school,NULL,NULL,NULL,NULL,1,school_php/thumbs/Shoulders/chess_medium.jpg,0,NULL,NULL
class_of_mid,Jewelry Item,school,NULL,NULL,NULL,NULL,1,school_php/thumbs/Shoulders/class_of_mid.jpg,0,NULL,NULL
geography_s9,Jewelry Item,school,NULL,NULL,NULL,NULL,1,school_php/thumbs/Shoulders/geography_s9.jpg,0,NULL,NULL
goalie_large,Jewelry Item,school,NULL,NULL,NULL,NULL,1,school_php/thumbs/Shoulders/goalie_large.jpg,0,NULL,NULL
lion_midsize,Jewelry Item,school,NULL,NULL,NULL,NULL,1,school_php/thumbs/Shoulders/lion_midsize.jpg,0,NULL,NULL
mechanic_lrg,Jewelry Item,school,NULL,NULL,NULL,NULL,1,school_php/thumbs/Shoulders/mechanic_lrg.jpg,0,NULL,NULL
patriot_ lrg,Jewelry Item,school,NULL,NULL,NULL,NULL,1,school_php/thumbs/Shoulders/patriot_ lrg.jpg,0,NULL,NULL
rugby_womans,Jewelry Item,school,NULL,NULL,NULL,NULL,1,school_php/thumbs/Shoulders/rugby_womans.jpg,0,NULL,NULL
skate_petite,Jewelry Item,school,NULL,NULL,NULL,NULL,1,school_php/thumbs/Shoulders/skate_petite.jpg,0,NULL,NULL
soccer large,Jewelry Item,school,NULL,NULL,NULL,NULL,1,school_php/thumbs/Shoulders/soccer large.jpg,0,NULL,NULL
trojan small,Jewelry Item,school,NULL,NULL,NULL,NULL,1,school_php/thumbs/Shoulders/trojan small.jpg,0,NULL,NULL
aries midsize,Jewelry Item,school,NULL,NULL,NULL,NULL,1,school_php/thumbs/Shoulders/aries midsize.jpg,0,NULL,NULL
gymnastics_s9,Jewelry Item,school,NULL,NULL,NULL,NULL,1,school_php/thumbs/Shoulders/gymnastics_s9.jpg,0,NULL,NULL
libra midsize,Jewelry Item,school,NULL,NULL,NULL,NULL,1,school_php/thumbs/Shoulders/libra midsize.jpg,0,NULL,NULL
shark midsize,Jewelry Item,school,NULL,NULL,NULL,NULL,1,school_php/thumbs/Shoulders/shark midsize.jpg,0,NULL,NULL
titians large,Jewelry Item,school,NULL,NULL,NULL,NULL,1,school_php/thumbs/Shoulders/titians large.jpg,0,NULL,NULL
virgo midsize,Jewelry Item,school,NULL,NULL,NULL,NULL,1,school_php/thumbs/Shoulders/virgo midsize.jpg,0,NULL,NULL
year_only_mid,Jewelry Item,school,NULL,NULL,NULL,NULL,1,school_php/thumbs/Shoulders/year_only_mid.jpg,0,NULL,NULL
Mapleleafl_S9B,Jewelry Item,school,NULL,NULL,NULL,NULL,1,school_php/thumbs/Shoulders/Mapleleafl_S9B.jpg,0,NULL,NULL
airplane_large,Jewelry Item,school,NULL,NULL,NULL,NULL,1,school_php/thumbs/Shoulders/airplane_large.jpg,0,NULL,NULL
bowling_medium,Jewelry Item,school,NULL,NULL,NULL,NULL,1,school_php/thumbs/Shoulders/bowling_medium.jpg,0,NULL,NULL
cancer midsize,Jewelry Item,school,NULL,NULL,NULL,NULL,1,school_php/thumbs/Shoulders/cancer midsize.jpg,0,NULL,NULL
class of large,Jewelry Item,school,NULL,NULL,NULL,NULL,1,school_php/thumbs/Shoulders/class of large.jpg,0,NULL,NULL
fishing_medium,Jewelry Item,school,NULL,NULL,NULL,NULL,1,school_php/thumbs/Shoulders/fishing_medium.jpg,0,NULL,NULL
gemini midsize,Jewelry Item,school,NULL,NULL,NULL,NULL,1,school_php/thumbs/Shoulders/gemini midsize.jpg,0,NULL,NULL
grad_full_year,Jewelry Item,school,NULL,NULL,NULL,NULL,1,school_php/thumbs/Shoulders/grad_full_year.jpg,0,NULL,NULL
knight_midsize,Jewelry Item,school,NULL,NULL,NULL,NULL,1,school_php/thumbs/Shoulders/knight_midsize.jpg,0,NULL,NULL
lacrosse_large,Jewelry Item,school,NULL,NULL,NULL,NULL,1,school_php/thumbs/Shoulders/lacrosse_large.jpg,0,NULL,NULL
petite_honours,Jewelry Item,school,NULL,NULL,NULL,NULL,1,school_php/thumbs/Shoulders/petite_honours.jpg,0,NULL,NULL
pirate_midsize,Jewelry Item,school,NULL,NULL,NULL,NULL,1,school_php/thumbs/Shoulders/pirate_midsize.jpg,0,NULL,NULL
pisces midsize,Jewelry Item,school,NULL,NULL,NULL,NULL,1,school_php/thumbs/Shoulders/pisces midsize.jpg,0,NULL,NULL
taurus midsize,Jewelry Item,school,NULL,NULL,NULL,NULL,1,school_php/thumbs/Shoulders/taurus midsize.jpg,0,NULL,NULL
viking midsize,Jewelry Item,school,NULL,NULL,NULL,NULL,1,school_php/thumbs/Shoulders/viking midsize.jpg,0,NULL,NULL
archery_midsize,Jewelry Item,school,NULL,NULL,NULL,NULL,1,school_php/thumbs/Shoulders/archery_midsize.jpg,0,NULL,NULL
badminton_large,Jewelry Item,school,NULL,NULL,NULL,NULL,1,school_php/thumbs/Shoulders/badminton_large.jpg,0,NULL,NULL
baseball player,Jewelry Item,school,NULL,NULL,NULL,NULL,1,school_php/thumbs/Shoulders/baseball player.jpg,0,NULL,NULL
bulldog_mediium,Jewelry Item,school,NULL,NULL,NULL,NULL,1,school_php/thumbs/Shoulders/bulldog_mediium.jpg,0,NULL,NULL
classe_de_large,Jewelry Item,school,NULL,NULL,NULL,NULL,1,school_php/thumbs/Shoulders/classe_de_large.jpg,0,NULL,NULL
griffin classic,Jewelry Item,school,NULL,NULL,NULL,NULL,1,school_php/thumbs/Shoulders/griffin classic.jpg,0,NULL,NULL
justice midsize,Jewelry Item,school,NULL,NULL,NULL,NULL,1,school_php/thumbs/Shoulders/justice midsize.jpg,0,NULL,NULL
lamp&laurels_S9,Jewelry Item,school,NULL,NULL,NULL,NULL,1,school_php/thumbs/Shoulders/lamp&laurels_S9.jpg,0,NULL,NULL
mustang_midsize,Jewelry Item,school,NULL,NULL,NULL,NULL,1,school_php/thumbs/Shoulders/mustang_midsize.jpg,0,NULL,NULL
panther_midsize,Jewelry Item,school,NULL,NULL,NULL,NULL,1,school_php/thumbs/Shoulders/panther_midsize.jpg,0,NULL,NULL
petite_ringette,Jewelry Item,school,NULL,NULL,NULL,NULL,1,school_php/thumbs/Shoulders/petite_ringette.jpg,0,NULL,NULL
rugby_dated_lrg,Jewelry Item,school,NULL,NULL,NULL,NULL,1,school_php/thumbs/Shoulders/rugby_dated_lrg.jpg,0,NULL,NULL
rugbyplayer_lrg,Jewelry Item,school,NULL,NULL,NULL,NULL,1,school_php/thumbs/Shoulders/rugbyplayer_lrg.jpg,0,NULL,NULL
sailing_midsize,Jewelry Item,school,NULL,NULL,NULL,NULL,1,school_php/thumbs/Shoulders/sailing_midsize.jpg,0,NULL,NULL
scorpio midsize,Jewelry Item,school,NULL,NULL,NULL,NULL,1,school_php/thumbs/Shoulders/scorpio midsize.jpg,0,NULL,NULL
snowmoble large,Jewelry Item,school,NULL,NULL,NULL,NULL,1,school_php/thumbs/Shoulders/snowmoble large.jpg,0,NULL,NULL
welding midsize,Jewelry Item,school,NULL,NULL,NULL,NULL,1,school_php/thumbs/Shoulders/welding midsize.jpg,0,NULL,NULL
wildcats misize,Jewelry Item,school,NULL,NULL,NULL,NULL,1,school_php/thumbs/Shoulders/wildcats misize.jpg,0,NULL,NULL
wrestling large,Jewelry Item,school,NULL,NULL,NULL,NULL,1,school_php/thumbs/Shoulders/wrestling large.jpg,0,NULL,NULL
aquarius midsize,Jewelry Item,school,NULL,NULL,NULL,NULL,1,school_php/thumbs/Shoulders/aquarius midsize.jpg,0,NULL,NULL
ballerina_petite,Jewelry Item,school,NULL,NULL,NULL,NULL,1,school_php/thumbs/Shoulders/ballerina_petite.jpg,0,NULL,NULL
banner_dated_med,Jewelry Item,school,NULL,NULL,NULL,NULL,1,school_php/thumbs/Shoulders/banner_dated_med.jpg,0,NULL,NULL
caduceus_midsize,Jewelry Item,school,NULL,NULL,NULL,NULL,1,school_php/thumbs/Shoulders/caduceus_midsize.jpg,0,NULL,NULL
martial_arts_lrg,Jewelry Item,school,NULL,NULL,NULL,NULL,1,school_php/thumbs/Shoulders/martial_arts_lrg.jpg,0,NULL,NULL
shield coach lrg,Jewelry Item,school,NULL,NULL,NULL,NULL,1,school_php/thumbs/Shoulders/shield coach lrg.jpg,0,NULL,NULL
star_of_life_lrg,Jewelry Item,school,NULL,NULL,NULL,NULL,1,school_php/thumbs/Shoulders/star_of_life_lrg.jpg,0,NULL,NULL
valedictorian sm,Jewelry Item,school,NULL,NULL,NULL,NULL,1,school_php/thumbs/Shoulders/valedictorian sm.jpg,0,NULL,NULL
capricorn midsize,Jewelry Item,school,NULL,NULL,NULL,NULL,1,school_php/thumbs/Shoulders/capricorn midsize.jpg,0,NULL,NULL
dated_cougar_lrge,Jewelry Item,school,NULL,NULL,NULL,NULL,1,school_php/thumbs/Shoulders/dated_cougar_lrge.jpg,0,NULL,NULL
fieldhockey_small,Jewelry Item,school,NULL,NULL,NULL,NULL,1,school_php/thumbs/Shoulders/fieldhockey_small.jpg,0,NULL,NULL
shield only small,Jewelry Item,school,NULL,NULL,NULL,NULL,1,school_php/thumbs/Shoulders/shield only small.jpg,0,NULL,NULL
skate dated large,Jewelry Item,school,NULL,NULL,NULL,NULL,1,school_php/thumbs/Shoulders/skate dated large.jpg,0,NULL,NULL
Mens_Gymnastics_S7,Jewelry Item,school,NULL,NULL,NULL,NULL,1,school_php/thumbs/Shoulders/Mens_Gymnastics_S7.jpg,0,NULL,NULL
camera_dated_small,Jewelry Item,school,NULL,NULL,NULL,NULL,1,school_php/thumbs/Shoulders/camera_dated_small.jpg,0,NULL,NULL
crossed bats dated,Jewelry Item,school,NULL,NULL,NULL,NULL,1,school_php/thumbs/Shoulders/crossed bats dated.jpg,0,NULL,NULL
guitar_dated_large,Jewelry Item,school,NULL,NULL,NULL,NULL,1,school_php/thumbs/Shoulders/guitar_dated_large.jpg,0,NULL,NULL
roadrunner_midsize,Jewelry Item,school,NULL,NULL,NULL,NULL,1,school_php/thumbs/Shoulders/roadrunner_midsize.jpg,0,NULL,NULL
rugby_womans_small,Jewelry Item,school,NULL,NULL,NULL,NULL,1,school_php/thumbs/Shoulders/rugby_womans_small.jpg,0,NULL,NULL
shield manager lrg,Jewelry Item,school,NULL,NULL,NULL,NULL,1,school_php/thumbs/Shoulders/shield manager lrg.jpg,0,NULL,NULL
skier female small,Jewelry Item,school,NULL,NULL,NULL,NULL,1,school_php/thumbs/Shoulders/skier female small.jpg,0,NULL,NULL
student govt large,Jewelry Item,school,NULL,NULL,NULL,NULL,1,school_php/thumbs/Shoulders/student govt large.jpg,0,NULL,NULL
weightlifter large,Jewelry Item,school,NULL,NULL,NULL,NULL,1,school_php/thumbs/Shoulders/weightlifter large.jpg,0,NULL,NULL
wolverines midsize,Jewelry Item,school,NULL,NULL,NULL,NULL,1,school_php/thumbs/Shoulders/wolverines midsize.jpg,0,NULL,NULL
condor_midsize_gold,Jewelry Item,school,NULL,NULL,NULL,NULL,1,school_php/thumbs/Shoulders/condor_midsize_gold.jpg,0,NULL,NULL
cross_and_laurel_sm,Jewelry Item,school,NULL,NULL,NULL,NULL,1,school_php/thumbs/Shoulders/cross_and_laurel_sm.jpg,0,NULL,NULL
football_helmet_lrg,Jewelry Item,school,NULL,NULL,NULL,NULL,1,school_php/thumbs/Shoulders/football_helmet_lrg.jpg,0,NULL,NULL
ontario_scholar_lrg,Jewelry Item,school,NULL,NULL,NULL,NULL,1,school_php/thumbs/Shoulders/ontario_scholar_lrg.jpg,0,NULL,NULL
sagittarius midsize,Jewelry Item,school,NULL,NULL,NULL,NULL,1,school_php/thumbs/Shoulders/sagittarius midsize.jpg,0,NULL,NULL
snowboarder midsize,Jewelry Item,school,NULL,NULL,NULL,NULL,1,school_php/thumbs/Shoulders/snowboarder midsize.jpg,0,NULL,NULL
thunderbird midsize,Jewelry Item,school,NULL,NULL,NULL,NULL,1,school_php/thumbs/Shoulders/thunderbird midsize.jpg,0,NULL,NULL
track & field large,Jewelry Item,school,NULL,NULL,NULL,NULL,1,school_php/thumbs/Shoulders/track & field large.jpg,0,NULL,NULL
beauty_pageant_small,Jewelry Item,school,NULL,NULL,NULL,NULL,1,school_php/thumbs/Shoulders/beauty_pageant_small.jpg,0,NULL,NULL
broadcasting_midsize,Jewelry Item,school,NULL,NULL,NULL,NULL,1,school_php/thumbs/Shoulders/broadcasting_midsize.jpg,0,NULL,NULL
figure_skater_petite,Jewelry Item,school,NULL,NULL,NULL,NULL,1,school_php/thumbs/Shoulders/figure_skater_petite.jpg,0,NULL,NULL
rugby_player_midsize,Jewelry Item,school,NULL,NULL,NULL,NULL,1,school_php/thumbs/Shoulders/rugby_player_midsize.jpg,0,NULL,NULL
shield treasurer lrg,Jewelry Item,school,NULL,NULL,NULL,NULL,1,school_php/thumbs/Shoulders/shield treasurer lrg.jpg,0,NULL,NULL
track & field petite,Jewelry Item,school,NULL,NULL,NULL,NULL,1,school_php/thumbs/Shoulders/track & field petite.jpg,0,NULL,NULL
all_star_ladies_small,Jewelry Item,school,NULL,NULL,NULL,NULL,1,school_php/thumbs/Shoulders/all_star_ladies_small.jpg,0,NULL,NULL
basketball_mens_large,Jewelry Item,school,NULL,NULL,NULL,NULL,1,school_php/thumbs/Shoulders/basketball_mens_large.jpg,0,NULL,NULL
crossed hockey sticks,Jewelry Item,school,NULL,NULL,NULL,NULL,1,school_php/thumbs/Shoulders/crossed hockey sticks.jpg,0,NULL,NULL
skate boarder midsize,Jewelry Item,school,NULL,NULL,NULL,NULL,1,school_php/thumbs/Shoulders/skate boarder midsize.jpg,0,NULL,NULL
student council small,Jewelry Item,school,NULL,NULL,NULL,NULL,1,school_php/thumbs/Shoulders/student council small.jpg,0,NULL,NULL
swimmer female midsize,Jewelry Item,school,NULL,NULL,NULL,NULL,1,school_php/thumbs/Shoulders/swimmer female midsize.jpg,0,NULL,NULL
volleyball dated small,Jewelry Item,school,NULL,NULL,NULL,NULL,1,school_php/thumbs/Shoulders/volleyball dated small.jpg,0,NULL,NULL
female_hockey_figure_s9,Jewelry Item,school,NULL,NULL,NULL,NULL,1,school_php/thumbs/Shoulders/female_hockey_figure_s9.jpg,0,NULL,NULL
laurelslamp_dated_large,Jewelry Item,school,NULL,NULL,NULL,NULL,1,school_php/thumbs/Shoulders/laurelslamp_dated_large.jpg,0,NULL,NULL
sport_shield_number_lrg,Jewelry Item,school,NULL,NULL,NULL,NULL,1,school_php/thumbs/Shoulders/sport_shield_number_lrg.jpg,0,NULL,NULL
torch and laurels petite,Jewelry Item,school,NULL,NULL,NULL,NULL,1,school_php/thumbs/Shoulders/torch and laurels petite.jpg,0,NULL,NULL
lamp&laurels_large_undated,Jewelry Item,school,NULL,NULL,NULL,NULL,1,school_php/thumbs/Shoulders/lamp&laurels_large_undated.jpg,0,NULL,NULL
shield equipment manager lrg,Jewelry Item,school,NULL,NULL,NULL,NULL,1,school_php/thumbs/Shoulders/shield equipment manager lrg.jpg,0,NULL,NULL
class_of_with_diamond_setting,Jewelry Item,school,NULL,NULL,NULL,NULL,1,school_php/thumbs/Shoulders/class_of_with_diamond_setting.jpg,0,NULL,NULL
hockey figure dated midsize mans,Jewelry Item,school,NULL,NULL,NULL,NULL,1,school_php/thumbs/Shoulders/hockey figure dated midsize mans.jpg,0,NULL,NULL
tiger large with tiger eye stone,Jewelry Item,school,NULL,NULL,NULL,NULL,1,school_php/thumbs/Shoulders/tiger large with tiger eye stone.jpg,0,NULL,NULL
soccer female figure dated midsize,Jewelry Item,school,NULL,NULL,NULL,NULL,1,school_php/thumbs/Shoulders/soccer female figure dated midsize.jpg,0,NULL,NULL
SR13B,Signet Ring,school,NULL,NULL,NULL,NULL,1,school_php/thumbs/Crest_tops/SR13B.jpg,0,NULL,NULL
SR15B,Signet Ring,school,NULL,NULL,NULL,NULL,1,school_php/thumbs/Crest_tops/SR15B.jpg,0,NULL,NULL
SR17B,Signet Ring,school,NULL,NULL,NULL,NULL,1,school_php/thumbs/Crest_tops/SR17B.jpg,0,NULL,NULL
SR21B,Signet Ring,school,NULL,NULL,NULL,NULL,1,school_php/thumbs/images/Crest_tops/SR21B.jpg,0,NULL,NULL
SR23B,Signet Ring,school,NULL,NULL,NULL,NULL,1,school_php/thumbs/Crest_tops/SR23B.jpg,0,NULL,NULL
SR25B,Signet Ring,school,NULL,NULL,NULL,NULL,1,school_php/thumbs/Crest_tops/SR25B.jpg,0,NULL,NULL
SR27B,Signet Ring,school,NULL,NULL,NULL,NULL,1,school_php/thumbs/Crest_tops/SR27B.jpg,0,NULL,NULL
SR51B,Signet Ring,school,NULL,NULL,NULL,NULL,1,school_php/thumbs/Crest_tops/SR51B.jpg,0,NULL,NULL
SR53B,Signet Ring,school,NULL,NULL,NULL,NULL,1,school_php/thumbs/Crest_tops/SR53B.jpg,0,NULL,NULL
SR55B,Signet Ring,school,NULL,NULL,NULL,NULL,1,school_php/thumbs/Crest_tops/SR55B.jpg,0,NULL,NULL
SR57B,Signet Ring,school,NULL,NULL,NULL,NULL,1,school_php/thumbs/Crest_tops/SR57B.jpg,0,NULL,NULL
SR59B,Signet Ring,school,NULL,NULL,NULL,NULL,1,school_php/thumbs/Crest_tops/SR59B.jpg,0,NULL,NULL
SR79B,Signet Ring,school,NULL,NULL,NULL,NULL,1,school_php/thumbs/Crest_tops/SR79B.jpg,0,NULL,NULL
SR81B,Signet Ring,school,NULL,NULL,NULL,NULL,1,school_php/thumbs/Crest_tops/SR81B.jpg,0,NULL,NULL
SR83B,Signet Ring,school,NULL,NULL,NULL,NULL,1,school_php/thumbs/Crest_tops/SR83B.jpg,0,NULL,NULL
SR93B,Signet Ring,school,NULL,NULL,NULL,NULL,1,school_php/thumbs/Crest_tops/SR93B.jpg,0,NULL,NULL
SR95B,Signet Ring,school,NULL,NULL,NULL,NULL,1,school_php/thumbs/Crest_tops/SR95B.jpg,0,NULL,NULL
SR97B,Signet Ring,school,NULL,NULL,NULL,NULL,1,school_php/thumbs/Crest_tops/SR97B.jpg,0,NULL,NULL
SR99B,Signet Ring,school,NULL,NULL,NULL,NULL,1,school_php/thumbs/Crest_tops/SR99B.jpg,0,NULL,NULL
SR103B,Signet Ring,school,NULL,NULL,NULL,NULL,1,school_php/thumbs/Crest_tops/SR103B.jpg,0,NULL,NULL
SR109D,Signet Ring,school,NULL,NULL,NULL,NULL,1,school_php/thumbs/Bands/SR109D.jpg,0,NULL,NULL
SR119D,Signet Ring,school,NULL,NULL,NULL,NULL,1,school_php/thumbs/Bands/SR119D.jpg,0,NULL,NULL
SR15DB,Signet Ring,school,NULL,NULL,NULL,NULL,1,school_php/thumbs/Crest_tops/SR15DB.jpg,0,NULL,NULL
SR27DB,Signet Ring,school,NULL,NULL,NULL,NULL,1,school_php/thumbs/Crest_tops/SR27DB.jpg,0,NULL,NULL
SR85DB,Signet Ring,school,NULL,NULL,NULL,NULL,1,school_php/thumbs/Crest_tops/SR85DB.jpg,0,NULL,NULL
SR89DB,Signet Ring,school,NULL,NULL,NULL,NULL,1,school_php/thumbs/Crest_tops/SR89DB.jpg,0,NULL,NULL
SR91B_,Signet Ring,school,NULL,NULL,NULL,NULL,1,school_php/thumbs/images/Crest_tops/SR91B_.jpg,0,NULL,NULL
SR105DB,Signet Ring,school,NULL,NULL,NULL,NULL,1,school_php/thumbs/Crest_tops/SR105DB.jpg,0,NULL,NULL
SR125DB,Signet Ring,school,NULL,NULL,NULL,NULL,1,school_php/thumbs/Crest_tops/SR125DB.jpg,0,NULL,NULL
SR610DB_16,Signet Ring,school,NULL,NULL,NULL,NULL,1,school_php/thumbs/Shoulders/SR610DB_16.jpg,0,NULL,NULL
SR610DB_20,Signet Ring,school,NULL,NULL,NULL,NULL,1,school_php/thumbs/Shoulders/SR610DB_20.jpg,0,NULL,NULL
SR610B_gold,Signet Ring,school,NULL,NULL,NULL,NULL,1,school_php/thumbs/Shoulders/SR610B_gold.jpg,0,NULL,NULL
SR610B_silver,Signet Ring,school,NULL,NULL,NULL,NULL,1,school_php/thumbs/Shoulders/SR610B_silver.jpg,0,NULL,NULL
SR46M,Wedding Band,school,NULL,NULL,NULL,NULL,1,school_php/thumbs/Crest_tops/SR46M.jpg,0,NULL,NULL
SR39DM,Wedding Band,school,NULL,NULL,NULL,NULL,1,school_php/thumbs/Crest_tops/SR39DM.jpg,0,NULL,NULL
SR60DM,Wedding Band,school,NULL,NULL,NULL,NULL,1,school_php/thumbs/Crest_tops/SR60DM.jpg,0,NULL,NULL
CJ750M,Celtic Band,corporate,NULL,NULL,NULL,NULL,1,corp_php/thumbs/images/specialty/CJ750M.png,0,page_09d.pdf,NULL
sa12m,Jewelry Item,corporate,NULL,NULL,NULL,NULL,1,corp_php/thumbs/images/military/sa12m.png,0,page_09d.pdf,NULL
s16m_military,Jewelry Item,corporate,NULL,NULL,NULL,NULL,1,corp_php/thumbs/images/military/s16m_military.png,0,NULL,NULL
S17B,Signet Ring,corporate,NULL,NULL,NULL,NULL,1,corp_php/thumbs/images/executive/S17B.png,0,page_09d.pdf,NULL
S190B,Signet Ring,corporate,NULL,NULL,NULL,NULL,1,corp_php/thumbs/images/executive/S190B.png,0,page_09d.pdf,NULL
S490B,Signet Ring,corporate,NULL,NULL,NULL,NULL,1,corp_php/thumbs/images/executive/S490B.png,0,page_09d.pdf,NULL
S491DB,Signet Ring,corporate,NULL,NULL,NULL,NULL,1,corp_php/thumbs/images/executive/S491DB.png,0,page_09d.pdf,NULL
S50DM,Wedding Band,corporate,NULL,NULL,NULL,NULL,1,corp_php/thumbs/images/executive/S50DM.png,0,page_09d.pdf,NULL
S52DM,Wedding Band,corporate,NULL,NULL,NULL,NULL,1,corp_php/thumbs/images/executive/S52DM.png,0,page_09d.pdf,NULL
S53DL,Wedding Band,corporate,NULL,NULL,NULL,NULL,1,corp_php/thumbs/images/executive/S53DL.png,0,page_09d.pdf,NULL
SA14M,Wedding Band,corporate,NULL,NULL,NULL,NULL,1,corp_php/thumbs/images/awards/SA14M.png,0,page_09d.pdf,NULL
SA16M,Wedding Band,corporate,NULL,NULL,NULL,NULL,1,corp_php/thumbs/images/awards/SA16M.png,0,page_09d.pdf,NULL
SA18M,Wedding Band,corporate,NULL,NULL,NULL,NULL,1,corp_php/thumbs/images/awards/SA18M.png,0,page_09d.pdf,NULL
SA20M,Wedding Band,corporate,NULL,NULL,NULL,NULL,1,corp_php/thumbs/images/awards/SA20M.png,0,page_09d.pdf,NULL
SM52M,Wedding Band,corporate,NULL,NULL,NULL,NULL,1,corp_php/thumbs/images/military/SM52M.png,0,page_09d.pdf,NULL
SM53L,Wedding Band,corporate,NULL,NULL,NULL,NULL,1,corp_php/thumbs/images/military/SM53L.png,0,page_09d.pdf,NULL
SM58M,Wedding Band,corporate,NULL,NULL,NULL,NULL,1,corp_php/thumbs/images/military/SM58M.png,0,page_09d.pdf,NULL
S16RDM,Wedding Band,corporate,NULL,NULL,NULL,NULL,1,corp_php/thumbs/images/executive/S16RDM.png,0,page_09d.pdf,NULL
SA12CM,Wedding Band,corporate,NULL,NULL,NULL,NULL,1,corp_php/thumbs/images/awards/SA12CM.png,0,page_09d.pdf,NULL
CNA301B,Celtic Band,professional,NULL,NULL,NULL,NULL,1,Frontline_Workers_php/thumbs/images/clinical_services/CNA301B.png,0,page_09aa.pdf,NULL
EMT31M,Galaxy Band,professional,NULL,NULL,NULL,NULL,1,Frontline_Workers_php/thumbs/images/clinical_services/EMT31M.png,0,page_09aa.pdf,NULL
VET15L,Galaxy Band,professional,NULL,NULL,NULL,NULL,1,Frontline_Workers_php/thumbs/images/clinical_services/VET15L.png,0,page_09aa.pdf,NULL
PA1,Jewelry Item,professional,NULL,NULL,NULL,NULL,1,Frontline_Workers_php/thumbs/images/clinical_services/PA1.png,0,page_09a.pdf,NULL
LPFF6,Jewelry Item,professional,NULL,NULL,NULL,NULL,1,Frontline_Workers_php/thumbs/images/Firefighter/LPFF6.png,0,NULL,NULL
P-FF5,Jewelry Item,professional,NULL,NULL,NULL,NULL,1,Frontline_Workers_php/thumbs/images/Firefighter/P-FF5.png,0,page_09aa.pdf,NULL
PFF2.2,Jewelry Item,professional,NULL,NULL,NULL,NULL,1,Frontline_Workers_php/thumbs/images/Firefighter/PFF2.2.png,0,NULL,NULL
p-rpn1,Jewelry Item,professional,NULL,NULL,NULL,NULL,1,Frontline_Workers_php/thumbs/images/clinical_services/p-rpn1.png,0,page_09a.pdf,NULL
P-FF2-2,Jewelry Item,professional,NULL,NULL,NULL,NULL,1,Frontline_Workers_php/thumbs/images/Firefighter/P-FF2-2.png,0,NULL,NULL
pcw301B,Jewelry Item,professional,NULL,NULL,NULL,NULL,1,Frontline_Workers_php/thumbs/images/clinical_services/pcw301B.png,0,page_09a.pdf,NULL
PA1-alt1,Jewelry Item,professional,NULL,NULL,NULL,NULL,1,Frontline_Workers_php/thumbs/images/clinical_services/PA1-alt1.png,0,NULL,NULL
PA1-alt2,Jewelry Item,professional,NULL,NULL,NULL,NULL,1,Frontline_Workers_php/thumbs/images/clinical_services/PA1-alt2.png,0,NULL,NULL
RN31M-alt1,Jewelry Item,professional,NULL,NULL,NULL,NULL,1,Frontline_Workers_php/thumbs/images/clinical_services/RN31M-alt1.png,0,NULL,NULL
p-rpn1-alt1,Jewelry Item,professional,NULL,NULL,NULL,NULL,1,Frontline_Workers_php/thumbs/images/clinical_services/p-rpn1-alt1.png,0,NULL,NULL
p-rpn1-alt2,Jewelry Item,professional,NULL,NULL,NULL,NULL,1,Frontline_Workers_php/thumbs/images/clinical_services/p-rpn1-alt2.png,0,NULL,NULL
pcw301B-alt1,Jewelry Item,professional,NULL,NULL,NULL,NULL,1,Frontline_Workers_php/thumbs/images/clinical_services/pcw301B-alt1.png,0,NULL,NULL
pcw301B-alt2,Jewelry Item,professional,NULL,NULL,NULL,NULL,1,Frontline_Workers_php/thumbs/images/clinical_services/pcw301B-alt2.png,0,NULL,NULL
RN31M,Wedding Band,professional,NULL,NULL,NULL,NULL,1,Frontline_Workers_php/thumbs/images/clinical_services/RN31M.png,0,page_09a.pdf,NULL
PAR14M,Wedding Band,professional,NULL,NULL,NULL,NULL,1,Frontline_Workers_php/thumbs/images/clinical_services/PAR14M.png,0,page_09aa.pdf,NULL
1898,1898,ladies_jewelry,stone_set,NULL,NULL,NULL,1,ladys_stoneset_php/Gems/1898.png,0,NULL,1250
1902C,1902C,ladies_jewelry,pearl_set,NULL,NULL,NULL,1,ladys_stoneset_php/Pearls/1902C.png,0,NULL,950
1904,1904,ladies_jewelry,stone_set,NULL,NULL,NULL,1,ladys_stoneset_php/Gems/1904.png,0,NULL,1250
1970,1970,ladies_jewelry,stone_set,NULL,NULL,NULL,1,ladys_stoneset_php/Gems/1970.png,0,NULL,1250
2002,2002,ladies_jewelry,stone_set,NULL,NULL,NULL,1,ladys_stoneset_php/Gems/2002.png,0,NULL,1550
2239,2239,ladies_jewelry,stone_set,NULL,NULL,NULL,1,ladys_stoneset_php/Gems/2239.png,0,NULL,1550
2241,2241,ladies_jewelry,stone_set,NULL,NULL,NULL,1,ladys_stoneset_php/Gems/2241.png,0,NULL,1550
2280,2280,ladies_jewelry,stone_set,NULL,NULL,NULL,1,ladys_stoneset_php/Gems/2280.jpg,0,NULL,1550
2281,2281,ladies_jewelry,stone_set,NULL,NULL,NULL,1,ladys_stoneset_php/Gems/2281.jpg,0,NULL,1550
2283,2283,ladies_jewelry,stone_set,NULL,NULL,NULL,1,ladys_stoneset_php/Gems/2283.jpg,0,NULL,1550
2285D,2285D,ladies_jewelry,stone_set,NULL,NULL,NULL,1,ladys_stoneset_php/Gems/2285D.png,0,NULL,1550
C223C_chocolatepearl_72dpi,C223C Chocolatepearl 72dpi,ladies_jewelry,pearl_set,NULL,NULL,NULL,1,ladys_stoneset_php/Pearls/C223C_chocolatepearl_72dpi.jpg,0,NULL,1150
C297,C297,ladies_jewelry,stone_set,NULL,NULL,NULL,1,ladys_stoneset_php/Gems/C297.jpg,0,page_10b.pdf,1750
C71,C71,ladies_jewelry,stone_set,NULL,NULL,NULL,1,ladys_stoneset_php/Gems/C71.jpg,0,NULL,1450
C72,C72,ladies_jewelry,stone_set,NULL,NULL,NULL,1,ladys_stoneset_php/Gems/C72.jpg,0,NULL,1450
C55,Ladies Ring,ladies_jewelry,stone_set,NULL,NULL,NULL,0,no images found,1,page_08b.pdf,NULL
C75,Ladies Ring,ladies_jewelry,stone_set,NULL,NULL,NULL,0,no images found,1,page_08b.pdf,NULL
C76,Ladies Ring,ladies_jewelry,stone_set,NULL,NULL,NULL,0,no images found,1,page_08c.pdf,NULL
C77,Ladies Ring,ladies_jewelry,stone_set,NULL,NULL,NULL,0,no images found,1,page_08c.pdf,NULL
C79,Ladies Ring,ladies_jewelry,stone_set,NULL,NULL,NULL,0,no images found,1,page_3eee2.pdf,NULL
C80,Ladies Ring,ladies_jewelry,stone_set,NULL,NULL,NULL,0,no images found,1,page_08c.pdf,NULL
C81,Ladies Ring,ladies_jewelry,stone_set,NULL,NULL,NULL,0,no images found,1,page_08c.pdf,NULL
C82,Ladies Ring,ladies_jewelry,stone_set,NULL,NULL,NULL,0,no images found,1,page_08c.pdf,NULL
C84,Ladies Ring,ladies_jewelry,stone_set,NULL,NULL,NULL,0,no images found,1,page_08c.pdf,NULL
C85,Ladies Ring,ladies_jewelry,stone_set,NULL,NULL,NULL,0,no images found,1,page_08c.pdf,NULL
C86,Ladies Ring,ladies_jewelry,stone_set,NULL,NULL,NULL,0,no images found,1,page_08c.pdf,NULL
C88,Ladies Ring,ladies_jewelry,stone_set,NULL,NULL,NULL,0,no images found,1,page_08c.pdf,NULL
C89,Ladies Ring,ladies_jewelry,stone_set,NULL,NULL,NULL,0,no images found,1,page_08c.pdf,NULL
C92,Ladies Ring,ladies_jewelry,stone_set,NULL,NULL,NULL,0,no images found,1,page_08c.pdf,NULL
C93,Ladies Ring,ladies_jewelry,stone_set,NULL,NULL,NULL,0,no images found,1,page_08c.pdf,NULL
C94,Ladies Ring,ladies_jewelry,stone_set,NULL,NULL,NULL,0,no images found,1,page_08c.pdf,NULL
C95,Ladies Ring,ladies_jewelry,stone_set,NULL,NULL,NULL,0,no images found,1,page_08c.pdf,NULL
C98,Ladies Ring,ladies_jewelry,stone_set,NULL,NULL,NULL,0,no images found,1,page_08c.pdf,NULL
1121,Ladies Ring,ladies_jewelry,stone_set,NULL,NULL,NULL,0,no images found,1,page_08a.pdf,NULL
1122,Ladies Ring,ladies_jewelry,stone_set,NULL,NULL,NULL,0,no images found,1,page_08a.pdf,NULL
1206,Ladies Ring,ladies_jewelry,stone_set,NULL,NULL,NULL,0,no images found,1,page_08a.pdf,NULL
1296,Ladies Ring,ladies_jewelry,stone_set,NULL,NULL,NULL,0,no images found,1,page_08a.pdf,NULL
1297,Ladies Ring,ladies_jewelry,stone_set,NULL,NULL,NULL,0,no images found,1,page_08a.pdf,NULL
1302,Ladies Ring,ladies_jewelry,stone_set,NULL,NULL,NULL,0,no images found,1,page_08a.pdf,NULL
1304,Ladies Ring,ladies_jewelry,stone_set,NULL,NULL,NULL,0,no images found,1,page_08a.pdf,NULL
1330,Ladies Ring,ladies_jewelry,stone_set,NULL,NULL,NULL,0,no images found,1,page_08a.pdf,NULL
1380,Ladies Ring,ladies_jewelry,stone_set,NULL,NULL,NULL,0,no images found,1,page_08a.pdf,NULL
1502,Ladies Ring,ladies_jewelry,stone_set,NULL,NULL,NULL,0,no images found,1,page_08a.pdf,NULL
1625,Ladies Ring,ladies_jewelry,stone_set,NULL,NULL,NULL,0,no images found,1,page_08a.pdf,NULL
1626,Ladies Ring,ladies_jewelry,stone_set,NULL,NULL,NULL,0,no images found,1,page_08a.pdf,NULL
1634,Ladies Ring,ladies_jewelry,stone_set,NULL,NULL,NULL,0,no images found,1,page_08a.pdf,NULL
1696,Ladies Ring,ladies_jewelry,stone_set,NULL,NULL,NULL,0,no images found,1,page_08a.pdf,NULL
1861,Ladies Ring,ladies_jewelry,stone_set,NULL,NULL,NULL,0,no images found,1,page_08a.pdf,NULL
1862,Ladies Ring,ladies_jewelry,stone_set,NULL,NULL,NULL,0,no images found,1,page_08a.pdf,NULL
1863,Ladies Ring,ladies_jewelry,stone_set,NULL,NULL,NULL,0,no images found,1,page_08b.pdf,NULL
1864,Ladies Ring,ladies_jewelry,stone_set,NULL,NULL,NULL,0,no images found,1,page_08b.pdf,NULL
1866,Ladies Ring,ladies_jewelry,stone_set,NULL,NULL,NULL,0,no images found,1,page_08b.pdf,NULL
1932,Ladies Ring,ladies_jewelry,stone_set,NULL,NULL,NULL,0,no images found,1,page_10c.pdf,NULL
1950,Ladies Ring,ladies_jewelry,stone_set,NULL,NULL,NULL,0,no images found,1,page_08b.pdf,NULL
1952,Ladies Ring,ladies_jewelry,stone_set,NULL,NULL,NULL,0,no images found,1,page_08b.pdf,NULL
1965,Ladies Ring,ladies_jewelry,stone_set,NULL,NULL,NULL,0,no images found,1,page_08b.pdf,NULL
1971,Ladies Ring,ladies_jewelry,stone_set,NULL,NULL,NULL,0,no images found,1,page_08b.pdf,NULL
1980,Ladies Ring,ladies_jewelry,stone_set,NULL,NULL,NULL,0,no images found,1,page_08b.pdf,NULL
1981,Ladies Ring,ladies_jewelry,stone_set,NULL,NULL,NULL,0,no images found,1,page_08b.pdf,NULL
1996,Ladies Ring,ladies_jewelry,stone_set,NULL,NULL,NULL,0,no images found,1,page_08b.pdf,NULL
1997,Ladies Ring,ladies_jewelry,stone_set,NULL,NULL,NULL,0,no images found,1,page_08b.pdf,NULL
1998,Ladies Ring,ladies_jewelry,stone_set,NULL,NULL,NULL,0,no images found,1,page_08b.pdf,NULL
1999,Ladies Ring,ladies_jewelry,stone_set,NULL,NULL,NULL,0,no images found,1,page_08b.pdf,NULL
C223,Ladies Ring,ladies_jewelry,stone_set,NULL,NULL,NULL,0,no images found,1,page_08b.pdf,NULL
2286,Ring,ladies_jewelry,NULL,NULL,NULL,NULL,1,ladys_stoneset_php/Gems/2286.png,0,NULL,NULL
2287,Ring,ladies_jewelry,NULL,NULL,NULL,NULL,1,ladys_stoneset_php/Gems/2287.png,0,NULL,NULL
2288,Ring,ladies_jewelry,NULL,NULL,NULL,NULL,1,ladys_stoneset_php/Gems/2288.png,0,NULL,NULL
2289,Ring,ladies_jewelry,NULL,NULL,NULL,NULL,1,ladys_stoneset_php/Gems/2289.png,0,NULL,NULL
2290,Ring,ladies_jewelry,NULL,NULL,NULL,NULL,1,ladys_stoneset_php/Gems/2290.png,0,NULL,NULL
5B,Jewelry Item,idents,NULL,NULL,NULL,NULL,1,accessories_php/thumbs/images/Idents/5B.png,0,page_17a.pdf,NULL
1BE,Jewelry Item,idents,NULL,NULL,NULL,NULL,1,accessories_php/thumbs/images/Idents/1BE.png,0,page_17a.pdf,NULL
4BE,Jewelry Item,idents,NULL,NULL,NULL,NULL,1,accessories_php/thumbs/images/Idents/4BE.png,0,page_17a.pdf,NULL
IBH,Jewelry Item,idents,NULL,NULL,NULL,NULL,1,accessories_php/thumbs/images/Idents/IBH.png,0,page_23A.pdf,NULL
