CUST|NAME|ADDR2|ADDR3|CITY-PROV|ZIP|PST|CONTACT|PH     ONE|TERMS|DISC|PRICE|EMAIL
A&A005|*A & A LTD.  **A187           |1226-4th STREET               |                              |ESTEVAN, SASK.      |   |S4A 0W9|VERN & LAUREL BUCK            |306-634-22|O| 0.00|1|aandajewellery@sasktel.net
A&A010|*A & A                        |196 Henderson Hwy.            |                              |WINNIPEG, MAN       |   |R2L 1L8|DON &  LINDA BENZELOCK        |204-661-34| | 0.00|1|
A&B002|*A & B GEM LTD. A158  **      |BOX 2210                      |1305 PEMBERTON AVE.           |SQUAMISH, B.C.      |   |V8B 0B5|ROLAND BADKE                  |604-892-30|O| 0.00|1|gemjewellers@shawbiz.ca
A&J100|A&J FASHION GROUP             |1086 AUGUSTUS DR              |                              |                    |   |       |JOYCE & ALAN SHARKEY          |416-603-39| | 0.00|1|JOYCESHARKEY3797@GMAIL.COM
ACI025|ACINDA JEWELLERS              |2929 BARNET HWY, UNIT 2424    |                              |COQUITLAM,BC        |   |V3B 5R5|HANSON HA                     |604-944-11| | 0.00|1|
ADA020|*ADAMAS LTD.                  |11303 100TH AVENUE            |                              |EDMONTON, ALTA.     |   |T5K 0J3|BARRY TOUGH                   |780-434-94| | 0.00|1|
ADA027|*C. E. ADAMS LTD.             |652 3RD. ST. S.E.             |                              |MEDICINE HAT, ALTA. |   |T1A 0H5|PAULINE ADAM/LYNN ADAM-HERTZ  |403-526-49| | 0.00|1|
ADO100|ADORA DIAMONDS     **         |11422 RAILWAY AVE. E          |                              |NORTH BATTLEFORD,SK | S9|A 3G8  |RYAN BATER                    |306-445-68|O| 0.00|1|
ADT180|ADD PROMOTIONS                |#6 - 10329 61 AVE.            |                              |EDMONTON, ALTA.     |   |T6H 1K9|RAE E SPRINGSTEEL             |780-435-22| | 0.00|1|addpromo@telus.net
AFF047|*AFFINITY DISTINCTIVE JLRY  (A|585 ST. CLAIR STREET          |                              |CHATHAM, ONT.       |   |N7L 3L3|BRENT DENURE                  |519-351-57| | 0.00|1|
AIT510|*AITKEN'S                     |1450 MAIN ST SOUTH            |DAUPHIN MARKETPLACE MALL      |DAUPHIN, MAN.       |   |R7N 3H4| TODD AITKENS                 |204-638-05| | 0.00|1|taitken@mts.net
ALB023|*AL-BRITE MFG. JLRS.          |                              | #203 10130-103 ST.           |EDMONTON,AB.        |   |T5J 0M8|ALFRED JONGKIND  BRAD JONGKIND|403-424-45| | 0.00|1|
ALL018|*TED ALLEN'S *A166            |431 BAKER STREET              |                              |NELSON, B.C.        |   |V1L 4H7|JUSTIN PELANT                 |250-352-50|O| 0.00|1|jwphawaii@hotmail.com
ALL160|ALL PRECIOUS GEMS & GOLD      |102, 215 MCLEOD AVE.          |                              |SPRUCE GROVE,AB.    |   |T7X 0G2|LEE HAVCK  PAMELA HAVCK       |780-960-42| | 0.00|1|
ALT016|ALTEEN'S JEWELLERS LTD.       |274 CHARLOTTE ST.             |P O BOX 190                   |SYDNEY, N.S.        |   |B1P 6H1|MICHAEL ALTEEN                |902-564-54| | 0.00|1|
ALT110|ALTEEN BROS. LTD.             |BOX 990, 74 BROADWAY          |                              |CORNERBROOK, NFLD.  |   |A2H 6J3|ROBERT ALTEEN                 |709-639-92| | 0.00|1|
ALT111|*L.J. ALTEEN LTD.  (XX)       |BOX 247                       |2 HIGH STREET                 |GRAND FALLS, NFLD.  |   |A2A 2J7|LOUIS J ALTEEN                |709-489-55| | 0.00|1|ALTEENS@NL.ROGERS.COM
ANC090|ANCASTER JLRS. LTD.           |88   WILSON STREET W.         |                              |ANCASTER, ONTARIO   |   |L9G 1N2|JEAN PIERRE VERBUNT           |905-648-60| | 0.00|1|
AND014|*ANDERSBODA                   |BOX 444                       |370 CENTRE STREET             |SHAUNAVON, SK.      |   |S0N 2M0|MARK ANDERSON                 |306-297-23| | 0.00|1|andersboda@sasktel.net
AND039|ANDREWS INC c/o MIKE ANDREWS  |C/O COLLECTRITE               |21 HUNTER ST. E. SUITE 104    |HAMILTON, ONT.      |   |L8N 1M2|MICHAEL ANDREWS               |905-522-60| | 0.00|1|
ANN030|*ANNABLE JEWELLERS            |513 MAIN ST.                  |                              |WINCHESTER, ONT.    |   |K0C 2K0|GARY ANNABLE                  |613-774-21| | 0.00|1|
ANS071|*ANSTETT LTD. #6   **         |                              |2 THE SQUARE                  |GODERICH, ONT.      |   |N7A 1M3|PATRICK HIGGINS - MGR         |519-524-41| | 0.00|1|goderich@anstett.com
ANT044|*JOHN ANTHONY JEWELLERS       |370 HIGHLAND ROAD WEST        |                              |KITCHENER, ONT.     |   |N2M 5J9|JOHN DUNNINGTON               |519-741-89| | 0.00|1|
ANT075|ANTOYAN JEWELLERS             |13300 TECUMSEH RD E.          |                              |TECUMSEH, ONT.      |   |N8N 4R8|HAGOP (JACK) ANTOYAN          |519-979-72| | 0.00|1|
APO125|APOLLO AVENUE SUNGLASSES      |AND WTCHES (2015) INC.        |TOTEM MALL,L1740,9600 93 AVENU|FORT ST. JOHN,BC    |   |V1J 5Z2|CALVIN LEUNG                  |250-261-69| | 0.00|1|
APO250|*APOLLOS JEWELLERS            |5120-A 50th STREET,           |                              |BARRHEAD, ALTA.     |   |T7N 1A5|SANDI OR LARS                 |780-674-46| | 0.00|1|apollos1@telus.net
APP020|*APPELT'S JLRY. LTD.          |305 MADISON STREET UNIT C     |                              |WINNIPEG, MAN.      |   |R3J 1H9|BERT APPELT                   |204-774-28| | 0.00|1|bert@appelts.ca
APP025|*APPELT'S LTD.                |305 STEPHEN STREET            |                              |MORDEN, MAN.        |   |R6M 1V1|SUNDAY GINTHER                |204-822-45| | 0.00|1|
APP026|*APPELT'S                     |1595 NESS AVENUE              |                              |WINNIPEG,MAN.       |   |R3J 0C7|JOHN REMPEL                   |204-284-69| | 0.00|1|
APP027|*APPELT'S                     |1581 REGENT AVE W, UNIT 2     |                              |WINNIPEG, MAN.      |   |R2C 3B3|TODD LYTLE                    |204-663-35| | 0.00|1|
APP035|*APPELT'S LTD.                |11-178 PTH 12 N               |                              |STEINBACH, MAN.     |   |R5G 1T7|RON SIEMENS                   |204-326-25| | 0.00|1|appelts.steinbach@gmail.com
APP050|*APPELT'S DIAMONDS            |KENASTON COMMON               |110-1570 KENASTON BOULEVARD   |WINNIPEG, MAN.      |   |R3P 0Y4|CAROL GREENFIELD              |204-253-25| | 0.00|1|
ARI020|ARIO JEWELLERS                |2561222 ONTARIO INC.          |1005 OTTAWA ST. N.            |KITCHENER,ON.       |   |N2A 1H2|MARIAM GOBRAN                 |519-895-22| | 0.00|1|
ARM024|ARMENI  cc                    |733 HUMBOLDT STREET           |                              |VICTORIA, B.C.      |   |V8W 1B1|NATASHA & HRATCH BAGHDASSARIAN|250-388-68| | 0.00|1|
ASK028|ASKARA GOLDSMITHING LTD.      |#124 - 221 IOCO ROAD          |                              |PORT MOODY, B.C.    |   |V3H 4H2|RAMIN KASIRI                  |604-461-34| | 0.00|1|
ASY100|*ASSALY,MARKS & HOPKINS       |BOX 478                       |207 MAIN STREET               |MELFORT, SASK.      |   |S0E 1A0|JEREMY MARKWART               |306-752-33| | 0.00|1|amhjewellers@sasktel.net
ASY105|*ASSALY,MARKS & HOPKINS       |BOX 2013                      |206-1ST AVE WEST              |NIPAWIN, SASK.      |   |S0E 1E0|TIM & LAURIE MARKWART         |306-862-33| | 0.00|1|amhjewellers@sasktel.net
AUD005|*AUDRINNA'S LTD.              |5004A DAHL DRIVE, UNIT 6      |                              |WHITECOURT, ALTA.   |   |T7S 1X6|DIANE TOCHENIUK               |780-778-19| | 0.00|1|
AUR201|*0775847 B.C. LTD.            |o/a AURUM CUSTOM GOLDSMITHING |2-227 BIRCH AVE, BOX 519      |100 MILE HOUSE, BC  |   |V0K 2E0| BARBARA GOLDOLPHIN           |250-395-35| | 0.00|1|
AUS100|*AUSTEN  LTD.  A133   **      |#3 - 49 ELIZABETH STREET      |BOX 627                       |OKOTOKS, AB         |   |T1S 1A7|WAYNE & JOANNE AUSTEN         |403-938-33|O| 0.00|1|
AUS110|AUSTEN JEWELLERS LTD. ** A133 |# 4 49 ELIZAETH STREET        |BOX 627                       |OKOTOKS, AB         |   |T1S 1A7|ELYSE AUSTEN                  |403-938-33| | 0.00|1|
AVA025|AVALON FINE JLRY.             |177 LAKESHORE RD EAST         |                              |OAKVILLE, ONT.      |   |L6J 1H5|TERRY & LUCY PAUNKOFF         |905-338-08| | 0.00|1|
AVO128|AVOCA MFG. (X)                |986 ST. MARY'S ROAD           |                              |WINNIPEG, MAN.      |   |R2M 3S1|EAMONN O'REILLY               |204-254-12| | 0.00|1|
AVS130|1862269 ONTARIO LTD.          |o/a AVS GROUP                 |1001 PETROLIA ROAD            |TORONTO, ON.        |   |M3J 2X7|VINCE MONGIA  ANNA DeBATTISTA |416-645-04| | 0.00|1|
AWA100|AWARDS CANADA                 |527 MARION ST.                |                              |WINNIPEG,MB         |   |R2J 0J9|GARTH DEMETRIOFF              |204-237-76| | 0.00|1|
B&D100|B & D ROCK GEMS               |237A MUIR ROAD                |                              |KELOWNA,B.C         |   |V1X 2T5|DOUG MILLARD                  |250-862-77| | 0.00|1|
BAB033|*BABCOCK                      |433 St. George St.            |PO BOX 208                    |DRESDEN, ONT.       |   |N0P 1M0|BRENT  BABCOCK                |519-683-24| | 0.00|1|BABCOCK@MNSI.NET
BAK034|*BAKELAAR LTD                 |160 MAIN ST. W.               |P.O. BOX 83                   |LISTOWEL, ONT.      |   |N4W 1K8|TIM & KAREN BAKELAAR          |519-291-32| | 0.00|1|
BAK040|*A BAKELAAR                   |BOX 24                        |421 MAIN ST. S.               |EXETER, ONT.        |   |N0M 1S6|ADRIAN  BAKELAAR              |519-235-27| | 0.00|1|
BAL100|ANASTASIIA BULICHENKO         |BALLOONS TILLSONBURG          |194 TALBOT STREET             |COURTLAND, ON       |N0J| 1E0   |ANASTASIIA BULICHENKO         |416-303-43| | 0.00|1|anastasiiabulichenko@gmail.com
BAN036|*HENRY BANMAN                 |Box 188                       |                              |PILOT MOUND, MAN.   |   |R0G 1P0|HENRY & CAROL BANMAN          |204-825-23| | 0.00|1|
BAR010|*BARNEY'S                     |50 WESTMOUNT ROAD N.          |WESTMOUNT PLACE               |WATERLOO, ONT.      |   |N2L 2R5|BARNEY & SHARRON ELLIGSON     |519-747-19| | 0.00|1|
BAR040|*BARCLAY'S LTD.     A167***   |106 - 2187 OAK BAY AVE.       |                              |VICTORIA, B.C.      |   |V8R 1G1|GEOFF & CHRISTINE BEATTIE     |250-592-11|O| 0.00|1|
BAR045|*BARRENLAND JLRY 2006 LTD..   |P.O. BOX 1380                 |                              |YELLOWKNIFE, NWT    |   |X1A 2P1|BONNIE HUMPHREYS              |867-873-30| | 0.00|1|
BAR048|*BARRINGTON PLACE JLRS ** A112|P.O.  BOX 389                 |(SHELBURNE COUNTY)            |BARRINGTON PASSAGE,N|S  |B0W 1G0|JOHN SHAAR                    |902-637-34|O| 0.00|1|jsshaar@yahoo.ca
BAR051|*BARTHAU LTD   A4   **        |5758 MAIN ST., UNIT 5         |                              |STOUFFVILLE, ON     |   |L4A 2T1|DAVID or DARREN BARTHAU       |905-640-46|O| 0.00|1|david@barthau.com
BAS025|BASTION JEWELLERS             |143 COMMERCIAL STREET         |                              |NANAIMO, B.C.       |   |V9R 5G5|JEAN CARTER                   |250-754-45| | 0.00|1|
BAT035|*BATEMAN JLRS. A175 **        |234 2ND AVE. SOUTH            |                              |SASKATOON, SASK.    |   |S7K 1K9|CAMERON KRIPKI / JOHN SCARFE  |306-244-82|O| 0.00|1|
BAZ043|*ED BAZLIK                    |Box 232                       |219 Kelsey Blvd.              |CHURCHILL, MAN.     |   |R0B 0E0|ED BAZLIK                     |204-675-23| | 0.00|1|
BEA084|*BEAUPRE  "A"                 |Iroquois Shopping Centre      |Box 279                       |IROQUOIS, ONT.      |   |K0E 1K0|JEFF BEAUPRE                  |613-652-43| | 0.00|1|
BEL061|*BELK'S JEWELLERS             |1172 HOLLAND MILLS RD         |                              |NEW HAMBURG, ONT.   |   |N3A 3G3|STEVE & BEV BELK              |519-662-35| | 0.00|1|steveandbevbelk@gmail.com
BEN040|THE BENCH JEWELLERY CO. LTD.  |169 4TH AVE.                  |                              |KAMLOOPS,BC.        |   |V2C 3N3|ROBERT OR JOANNE POPIL        |250-377-88| | 0.00|1|
BEN045|BENCHMEN JEWELLERY INC.       |9575561 CANADA INC.           |56 KING STREET EAST           |BROCKVILLE,ON.      |   |K6V 1B1|WOUTER NICOLAAS VAN DER MOLEN |613-299-65| | 0.00|1|wjewellerycanada@gmail.com
BEN048|*BENNARDO   (A)               |126 GREAT NORTHERN ROAD       |                              |SAULT STE MARIE, ONT|   |P6B 4Z1|ANTONIO & JOSEPHINE BENNARDO  |705-759-61| | 0.00|1|bennardo@shaw.ca
BER079|BERKE'S JLRS 1992  (A)        |BOX 1509                      |213 SECOND AVE. W.            |HANNA, ALTA.        |   |T0J 1P0|WAYNE ADAMARCZUK              |403-854-34| | 0.00|1|
BER089|Bij. Bernier Ltd.             |138 - 22nd STREET             |                              |EDMUNDSTON, N.B.    |   |E3V 2R2|MR ROBERT PICARD              |506-735-66| | 0.00|1|
BIJ100|BIJOUTERIE CHRISTINE DI-OR    |111 BRUNSWICK AVE. UNIT 6     |                              |DALHOUSIE,NB.       |   |E8C 1G5|MARCEL ROBICHAUD              |506-684-54| | 0.00|1|
BIJ110|BIJOUX DE REVE                |180 BLV HEBERT                |                              |EDMUNDSTON,NB       |   |E3V 2S7|JACQUELINE GAUVIN             |506-739-97| | 0.00|1|
BIR117|BIRKS GROUP                   |ATTN:  CELINE   A/P           |2020 ROBERT-BOURASSA,SUITE 200|MONTREAL, QUE.,     |   |H3A 2A5|JOHN LOGAN                    |514-397-25| | 0.00|1|
BLA053|*BLACKBURN JLRS. LTD.         |768 MAIN STREET               |BOX 880                       |PINCHER CREEK, ALTA.|   |T0K 1W0|DORIS BLACKBURN               |403-627-32| | 0.00|1|blackburnjewellers@telus.net
BLU040|BLUE DIAMOND JEWELLERS        |5015 50 STREET                |                              |STONY PLAIN,AB.     |   |T7Z 1Y4|DON MORO SANDY MORO           |780-968-00| | 0.00|1|
BOB044|*BOB'S WATCH REPAIR   *CC     |37 PARK STREET N.             |                              |PETERBOROUGH, ONTARI|O  |K9J 3V5|ROBERT & WENDY FALLS          |705-742-87| | 0.00|1|BOBWATCHREPAIR@GMAIL.COM
BOC105|*BOCIAN                       |1235 CENTRAL AVENUE           |                              |PRINCE ALBERT, SASK.|   |S6V 4V9|ALEJO BOCIAN                  |306-922-40| | 0.00|1|
BOG100|*BOGART'S LTD. #A171          |6 GALWAY BLVD                 |UNIT ARDEEN AVE., SUITE 106   |ST. JOHN'S, NL      |   |A1H 0N3|RICHARD ROONEY                |709-739-50|O| 0.00|1|
BOG110|*BOGART'S  #10 #A171          |AVALON MALL                   |48 KENMOUNT ROAD              |ST.JOHN'S,NFLD.     |   |A1A 1W3|                              |709-753-02|O| 0.00|1|bogarts10@bogartsjewellers.com
BOG115|*BOGART'S JEWELLERS #15 **    |CORNER BROOK PLAZA            |44 MAPLE VALLEY ROAD          |CORNER BROOK, NL    |   |A2H 6L8|PATTY WHITEHORNE              |709-634-65|O| 0.00|1|
BOG120|*BOGART'S #20   #A171         |PEARLGATE PLAZA               |21 MERCHANT DRIVE             |MOUNT PEARL, NFLD.  |   |A1N 5A5|SHARON CLINCH                 |709-757-46|O| 0.00|1|bogarts20@bogartsjewellers.com
BOG130|*BOGART'S #30   #A171         |TRINITY CONCEPTION SQUARE     |120 COLUMBUS DRIVE            |CARBONEAR, NFLD.    |   |A1Y 1B3|                              |709-596-12|O| 0.00|1|bogarts30@bogartsjewellers.com
BOG140|*BOGART'S ** #40 #A171        |GANDER SHOPPING CENTRE        |132 BENNETT DRIVE             |GANDER, NFLD.       |   |A1V 2H2|                              |709-256-45|O| 0.00|1|bogarts40@bogartsjewellers.com
BOG150|*BOGART'S #50 #A171           |EXPLOITS VALLEY MALL          |19 CROMER AVE.                |GRAND FALLS,NFLD.   |   |A2A 2K5|                              |709-489-83|O| 0.00|1|bogarts50@bogartsjewellers.com
BOG160|*BOGART'S  #60  #A171         |AVALON MALL                   |48 KENMOUNT ROAD              |ST. JOHN'S, NFLD.   |   |A1B 1W3|                              |709-570-23|O| 0.00|1|davannas@bogartsjewellers.com
BOG170|*BOGART'S  #70   #A171        |40 ABERDEEN AVE.              |SUITE #105                    |ST JOHN'S, NFLD.    |   |A1A 5T3|                              |709-739-46|O| 0.00|1|bogarts70@bogartsjewellers.com
BOG180|*BOGART'S JEWELLERS #80 #A171 |TRURO MALL                    |245 ROBIE ST.                 |TRURO,NS.           |   |B2N 5N6|MELISSA FREELAND              |902-895-69| | 0.00|1|bogarts80@bogartsjewellers.com
BOR055|BORK'S                        |360 ENFORD RD.  UNIT 2A       |                              |RICHMOND HILL, ONT. |   |L4C 3G1|JOHN BORK                     |905-884-16| | 0.00|1|
BOU078|BOULEVARD DIAMONDS  **A176    |#2133, 10200 102 AVE.         |EDMONTON CITY CENTRE WEST     |EDMONTON, ALTA.     |   |T5J 4B7|RICHARD THAVER                |780-990-12|O| 0.00|1|
BOV075|*BOVEN'S GIFTWARE             |491104  50 STREET             |                              |ATHABASCA, AB.      |   |T9S 1E3|BERNADINE BOVEN               |780-675-21| | 0.00|1|
BOW090|*BOW VALLEY JEWELLERS         |155 CRANFORD GREEN S.E.       |                              |CALGARY,AB.         |   |T3M 1V2|TEREZA HODGINS                |403-234-08| | 0.00|1|bowvalleyjewellers@gmail.com
BRA060|*J.C. BRADLEY JEWELLERS A127**|#100 3200 30TH AVE.           |                              |VERNON, BC          |   |V1T 2C5|RICHARD PIERSON               |236-426-49|O| 0.00|1|
BRA516|BRADFORD JLRY & GEMS (AA)(X)  |BOX 316                       |5 HOLLAND STREET EAST         |BRADFORD, ONT.      |   |L3Z 2A9|PETER DYKIE                   |905-775-46| | 0.00|1|bradfordjewelery@gmail.com
BRA518|JAMES BRADSHAW                |1151 BIRMINGHAM               |                              |HALIFAX,NS          |   |B3J2J6 |JAMES BRADSHAW                |902-425-01| | 0.00|1|
BRA520|*BRANCIER JEWELLERS           |1015 BRONTE STREET S          |UNIT B3                       |MILTON, ON.         |   |L9T 8X3|MARK & NADIRA BRANCIER        |905-876-43| | 0.00|1|
BRE055|*THE BREEZE GALLERY           |328 REID STREET               |                              |QUESNEL, B.C.       |   |V2J 2M4|STAN KRUMM                    |250-992-60| | 0.00|1|
BRE070|*BRENNAN LTD                  |                              |210 MAIN ST.S.                |KENORA, ONT.        |   |P9N 1T2|A.E. BRENNAN                  |807-468-79| | 0.00|1|
BRI074|BRILLIANT GOLD JLRY INC.      |280 GUELPH ST., UNIT 2        |                              |GEORGETOWN, ONT.    |   |L7G 4B1|JIM VU                        |905-873-66| | 0.00|1|
BRO064|TED BROCKIE                   |430 4TH ST. E                 |                              |FORT FRANCES,ON.    |   |P9A 1T1|TED BROCKIE                   |807-276-49| | 0.00|1|
BRO075|*A.P. BROWN LTD.              |82 WEST MAIN ST               |                              |WELLAND, ONT.       |   |L3C 4Z9|DOUG BROWN                    |905-734-38| | 0.00|1|
BRO095|*F. J. BROWN & SON            |36 MAIN STREET                |                              |CAMBRIDGE, ONT.     |   |N1R 1V4|TOM BROWN                     |519-621-49| | 0.00|1|
BRO105|*R. BROWN LTD.                |                              |62 CEDAR ST.                  |SUDBURY, ONT.       |   |P3E 1A5|JENNIFER ZUILIANI             |705-674-19| | 0.00|1|
BRU077|*BRUINIX                      |73B DUNDAS ST. W.             |                              |TRENTON, ON.        |   |K8V 3P4|BILL BRUINIX                  |613-392-59| | 0.00|1|bill@bruinixjewellers.com
BRU085|*BRUNEL GOLDSMITH             |228 KING STREET               |                              |MIDLAND, ON.        |   |L4R 3M2|SHELDON EAST                  |705-526-00| | 0.00|1|brunelgoldsmith@hotmail.com
BRY068|*BRYANT'S                     |                              |66 MAIN STREET                |PENETANGUISHENE, ONT|   |L9M 1T3|GLEN BRYANT                   |705-549-89| | 0.00|1|
BUR070|BURGEO ACADEMY                |P.O. BOX 310                  |                              |BURGEO, NL.         |   |A0N 2H0|DAWN PINK                     |709-660-67| | 0.00|1|
BUR071|*BOB BURKE LTD.               |320 THAMES STREET             |#1106                         |LONDON, ONT.        |   |N6A 0E1|BOB BURKE                     |519-439-04| | 0.00|1|bobburkejewellery@gmail.com
BUR081|*DAVID BURKE'S                |BOX 609                       |69 HASTINGS ST.               |BANCROFT, ONT.      |   |K0L 1C0|DAVID BURKE                   |613-332-26| | 0.00|1|
BUR095|DAVE DOUGLAS                  |1535 GABRIELLA COURT          |SUITE 301                     |THUNDER BAY, ONT.   |   |P7B 0G7|MIKE DOUGLAS                  |807-344-84| | 0.00|1|
BUR101|BURKE JEWELLERY               |LARA AND COLIN BURKE          |BOX 358                       |BARRY'S BAY, ONT.   |   |K0J 1B0|COLIN OR LARA                 |613-635-35| | 0.00|1|
BUR121|*T H BURNS JEWELLERS LTD.     |66 FOSTER ST.                 |                              |PERTH, ONT.         |   |K7H 1S1|TOM BURNS                     |613-267-44| | 0.00|1|burnsjeweller@gmail.com
BUR122|BURN'S JEWELLERS LTD.         |115 BRIDGE STREET             |                              |CARLETON PLACE,ON.  |   |K7C 2V4|                              |613-267-44| | 0.00|1|BURNSJEWELLER@GMAIL.COM
BUS074|*W. BUSCH                     |                              |148 THIRD AVE                 |TIMMINS, ONT.       |   |P4N 7C5|HELMUT BUSCH                  |705-264-20| | 0.00|1|
BUZ076|BUZZA BROS. LTD.              |921 2ND AVE. E.               |                              |OWEN SOUND, ONT.    |   |N4K 2H5|DOUG ELDER                    |519-376-55| | 0.00|1|
C&D087|C & D JEWELLERY               |MOUNTAIN PLAZA MALL           |651 UPPER JAMES ST BLDG "B"   |HAMILTON, ONT.      |   |L9C 5R8|DIANE DUKRICH CAROL OLIVERIO  |905-574-06| | 0.00|1|
CAI079|*N.F. CAINE'S JLRS.LTD.**A178 |BOX 309                       |4930 50TH STREET,             |ROCKY MT. HOUSE, AB |   |T4T 1A3|RON CAINE                     |403-845-34|O| 0.00|1|
CAI445|CAINES JEWELLERS LTD.**A178   |BOX 2155                      |                              |WHITECOURT, AB.     |   |T7S 1P8|RON CAINE                     |780-778-33|O| 0.00|1|
CAL079|*CALGARY LTD.                 |1201-17TH AVE. S. W.          |                              |CALGARY, ALTA.      |   |T2T 0C1|BERNARD FLORENCE              |403-245-31| | 0.00|1|
CAM090|*CAMERON'S   (CC)             |                              |239 MAIN STREET               |ANTIGONISH, N.S.    |   |B2G 2C1|MS. OLOMA HAWLEY, OWNER       |902-863-12| | 0.00|1|
CAN080|CANADIAN HERITAGE GOLDSMITH   |27 HERITAGE PLACE             |                              |REGINA, SK.         |   |S4S 2Z7|LOIS GRIFFIN                  |   -   -  | | 0.00|1|
CAN086|CANADIAN JLRS. ASSOCIATION    |ATTN:TANYA PARRISH            |27 QUEEN ST. E., SUITE 600    |TORONTO, ONT.       |   |M5C 2M6|                              |416-368-76| | 0.00|1|
CAR120|*CARTERS JLRS LTD.            |1131 A MAIN STREET            |P O BOX 2059                  |SMITHERS, B.C.      |   |V0J 2N0|BARON CARTER                  |250-847-97| | 0.00|1|
CAR123|CARTWRIGHT JEWELERS LTD       |SUSAN CARTWRIGHT              |#13 -+ 2680 GOLF COURSE DR.   |BLIND BAY,BC        |   |V0E 1H1|SUSAN CARTWRIGHT-COATES       |604-626-26| | 0.00|1|susancartwright@gmail.com
CAR125|*CARTERS JLRS.LTD.(TERRACE)   |                              |1131 A MAIN ST.               |SMITHERS, B.C.      |   |V0J 2N0|BARON CARTER                  |250-635-90| | 0.00|1|
CAR130|*CARTERS JLRS.LTD.(PR.GEORGE) |                              |1131 A MAIN ST.               |SMITHERS, B.C.      |   |V0J 2N0|J. MILLER                     |250-614-91| | 0.00|1|
CAR135|*CARTERS JLRS.LTD. (QUESNEL)  |                              |1131 A MAIN ST.               |SMITHERS, B.C.      |   |V0J 2N0|BARON CARTER                  |250-991-01| | 0.00|1|
CEL075|BIJ CELEBRITE INC.            |600 ST-ANNE STREET            |SUITE 140                     |BATHURST, N.B.      |   |E2A 2N6|TRICIA AUBE                   |506-548-22| | 0.00|1|
CEL100|CELESTIAL GOLD                |109 MAIN STREET               |P.O. BOX 387                  |ATIKOKAN, ONT.      |   |P0T 1C0|KATHIE BRIGHAM                |807-597-20| | 0.00|1|
CEL250|*CELTIC CREATIONS             |LONSDALE QUAY PUBLIC MARKET   |208 - 123 CARRIE CATES COURT  |N. VANCOUVER, B.C.  |   |V7M 3K7|HELEN RITCHIE                 |604-903-87| | 0.00|1|
CHA092|W.K.CHAN JEWELLERS            |OUTLET COLLECTION UNIT#127    |.                             |WINNIPEG MN         |R3P|2T3    |DAVID CHAN                    |204-296-65| | 0.00|1|dywchan@wkchan.com
CHA093|*CHAPLEAU VILLAGE SHOPS       |                              |P.O. BOX 100                  |CHAPLEAU, ONTARIO   |   |P0M 1K0|LUCY BIGNUCOLE                |705-864-11| | 0.00|1|
CHA105|CHARLOTTE JLRS.& CUSTOM DESIGN|9624791 CANADA LIMITED        |341 GEORGE ST. N.             |PETERBOROUGH,ON.    |   |K9H 3P9|CHARLENE CRISCIONE            |705-743-35| | 0.00|1|
CHM124|CRESCENT LTD. #270            |YARMOUTH MALL                 |76 STARRS ROAD                |YARMOUTH, N.S.      |   |B5A 2T5|MARK R COMEAU                 |902-742-46| | 0.00|1|
CHM126|CRESCENT LTD. #275            |21 MIC MAC BLVD.              |MIC MAC MALL                  |DARTMOUTH, N.S.     |   |B3A 4K6|PATRICIA BURKE                |902-463-47| | 0.00|1|
CHM128|CRESCENT LTD. #277            |421 LaHAVE STREET             |BRIDGEWATER MALL              |BRIDGEWATER, N.S.   |   |B4V 3A2|CHRIS BEDFORD                 |902-543-30| | 0.00|1|
CHM129|CHARM JLRY. LTD. #129         |670 UNIVERSITY AVENUE         |CHARLOTTETOWN MALL            |CHARLOTTETOWN PEI   |   |C1E 1H6|CAROLE FITZPATRICK            |902-368-37| | 0.00|1|
CHM130|CHARM JEWELLERY LTD.  **      |140 PORTLAND STREET           |                              |DARTMOUTH, N.S.     |   |B2Y 1J1|RICHARD CALDER                |902-463-71| | 0.00|1|
CHM131|CHARM JLRY LTD.  #131         |138 MAIN STREET               |GATEWAY MALL                  |SUSSEX,  N.B.       |   |E4E 3E1|NORMA LOVELESS                |506-432-59| | 0.00|1|STORE131@CHARMDIAMONDCENTRES.COM
CHM135|CRESCENT LTD. #280            |519 WESTMORLAND ROAD          |McALLISTER PLACE              |SAINT JOHN, N.B.    |   |E2J 3W9|RICK WESTFIELD                |506-633-80| | 0.00|1|
CHM145|CRESCENT #282                 |REGENT MALL                   |1381 REGENT ST.               |FREDERICTON, N.B.   |   |E3C 1A2|MARY FISHER                   |506-450-08| | 0.00|1|
CHM150|CRESCENT #283                 |CHAMPLAIN PLACE               |477 PAUL ST.                  |DIEPPE, N.B.        |   |E1A 4X5|CHRISTINA COMEAU              |506-854-12| | 0.00|1|
CHM170|CRESCENT LTD. #357            |430 TOPSAIL RD.               |VILLAGE MALL                  |ST.JOHN'S, NFLD.    |   |A1E 4N1|GARY KENNEDY                  |709-364-20| | 0.00|1|
CHM175|CRESCENT LTD. #358            |48 KENMOUNT RD.               |AVALON MALL                   |ST.JOHN'S,NFLD.     |   |A1B 1W3|WENDY CROCKER                 |709-722-58| | 0.00|1|
CHM180|CHARM JEWELLERY LTD. ** (X)   |"NEWFOUNDLAND"                |140 PORTLAND ST.              |DARTMOUTH, N.S.     |   |B2Y 1J1|RICHARD CALDER                |   -   -  | | 0.00|1|
CHM186|CRESCENT #286 **              |HALIFAX SHOPPING CENTRE       |7001 MUMFORD ROAD             |HALIFAX, N.S.       |   |B3L 4N9|SELINA TOM                    |902-453-47| | 0.00|1|
CHM200|CHARM JEWELLERY LTD. ** (X)   |"CRESCENT"                    |140 PORTLAND ST.              |DARTMOUTH, N.S.     |   |B2Y 1J1|RICHARD CALDER                |   -   -  | | 0.00|1|
CHM201|CHARM LTD. #110 **            |1658 BEDFORD HWY  SUITE 103   |BEDFORD PLACE MALL            |BEDFORD, N.S.       |   |B4A 1E9|JAMES DEAGLE                  |902-835-20| | 0.00|1|
CHM204|CHARM LTD. #111  **           |MIC MAC MALL                  |21 MIC MAC BLVD.              |DARTMOUTH, N.S.     |   |B3A 4N3|JOHN WISNIEWSKI               |902-469-04| | 0.00|1|
CHM210|CHARM LTD. #114  **           |COUNTY FAIR MALL              |9256 COMMERCIAL ST.           |NEW MINAS, N.S.     |   |B4N 4A9|EWA TRACZ                     |902-681-66| | 0.00|1|
CHM211|CHARM LTD. #352  ***          |AVALON MALL                   |48 KENMOUNT ROAD              |ST. JOHN'S, NFLD.   |   |A1B 1W3|WAYNE WHITE                   |709-726-84| | 0.00|1|
CHM212|CHARM LTD. #115 **CLOSED***   |LANCASTER MALL                |621 FAIRVILLE BLVD.           |SAINT JOHN, N.B.    |   |E2M 4X5|MELANIE CONSTANTINE           |506-672-73| | 0.00|1|
CHM213|CHARM LTD. #350  **           |430 TOPSAIL ROAD              |VILLAGE MALL                  |ST. JOHN'S, NFLD.   |   |A1E 4N1|GAIL BAKER                    |709-364-33| | 0.00|1|
CHM215|CHARM LTD. #353            *  |STEPHENVILLE PLAZA            |MAIN & QUEEN ST.              |STEPHENVILLE, NFLD. |   |A2N 3A3|GERRI BEATON                  |709-643-55| | 0.00|1|
CHM216|CHARM LTD. #107  **           |COUNTY FAIR MALL              |475 GRANVILLE ST.             |SUMMERSIDE, P.E.I.  |   |C1N 4K7|ORALIE MacKAY                 |902-436-44| | 0.00|1|
CHM221|CHARM LTD. #122               |1381 REGENT STREET UNIT C12   |REGENT MALL                   |FREDERICTON, N.B.   |   |E3C 1A2|JOHN LITTLEJOHN               |506-459-28| | 0.00|1|
CHM222|CHARM LTD. #117            ** |DUKE/BARRINGTON ST.           |SCOTIA SQUARE LOWER MALL      |HALIFAX, N.S.       |   |B3J 1N9|FERNE SELIG                   |902-422-35| | 0.00|1|
CHM223|CHARM LTD. #118               |TRURO MALL                    |245 ROBIE STREET              |TRURO, N.S.         |   |B2N 5N6|WINNIE HOBSON                 |902-895-86| | 0.00|1|
CHM224|CHARM LTD. #354            ** |69 MANITOBA DRIVE             |SUITE 111, RANDOM SQUARE MALL |CLARENVILLE, NFLD.. |   |A5A 1K3|LINDA RUSSELL                 |709-466-20| | 0.00|1|STORE354@CHARMDIAMONDCENTRES.COM
CHM226|CHARM LTD. #126 **            |HIGHLAND SQUARE S/C           |689 WESTVILLE ROAD            |NEW GLASGOW, N.S.   |   |B2H 2J6|MARY JO GROVER                |902-928-12| | 0.00|1|
CHM227|CHARM LTD. #356               |CORNERBROOK PLAZA             |44 MAPLE VALLEY RD.           |CORNERBROOK, NFLD.  |   |A2H 6L8|ROGER KING                    |709-634-08| | 0.00|1|
CHM228|CHARM LTD. #119  **           |BRIDGEWATER MALL              |421 LaHAVE ST.                |BRIDGEWATER, N.S.   |   |B4V 3A2|PATRICK CARROLL               |902-543-02| | 0.00|1|
CHM229|CHARM LTD. #120        **     |McALLISTER PLACE              |519 WESTMORLAND ROAD          |SAINT JOHN, N.B.    |   |E2J 3W9|SUSAN TRACEY                  |506-633-48| | 0.00|1|
CHM231|CHARM LTD. #123               |HALIFAX SHOPPING CENTRE       |7001 MUMFORD ROAD             |HALIFAX, N.S.       |   |B3L 4N9|CLARE GRACEWOOD               |902-455-01| | 0.00|1|
CHM232|CHARM LTD. #124               |CHAMPLAIN PLACE               |477 PAUL STREET               |DIEPPE, N.B.        |   |E1A 4X5|LYNN ANDERSON                 |506-858-79| | 0.00|1|
CHM235|CHARM LTD. #125       ***     |435 BROOKSIDE DRIVE, UNIT 19  |BROOKSIDE MALL                |FREDERICTON, N.B.   |   |E3A 8V4|JENNIFER JEWETT               |506-451-90| | 0.00|1|
CHM236|CHARM LTD. #128               |MAYFLOWER MALL                |800 GRAND LAKE ROAD           |SYDNEY, N.S.        |   |B1P 6S9|STEPHANIE TOMKO               |902-564-75| | 0.00|1|
CHM238|CHARM LTD. #435 **            |1000 ISLANDS MALL             |2399 PARKDALE AVE.            |BROCKVILLE, ONT.    |   |K6V 3G9|HEATHER STRANGES              |613-342-11| | 0.00|1|
CHM239|CHARM LTD. #437  **           |DOWNTOWN CHATHAM CENTRE       |100 KING STREET W.            |CHATHAM, ONT.       |   |N7M 6A9|SALLY HORNICK                 |519-355-09| | 0.00|1|
CHM240|CHARM LTD. #121  **           |BATHURST MALL                 |1300 ST. PETER AVE.           |BATHURST, N.B.      |   |E2A 3A6|SHELBY SMYTH                  |506-548-53| | 0.00|1|
CHM241|CHARM LTD. #438               |CATARAQUI TOWN CENTRE         |945 GARDINERS ROAD            |KINGSTON, ONT.      |   |K7M 7H4|RANDALL HUGHES                |613-384-00| | 0.00|1|
CHM244|CHARM #443                    |LYNDEN PARK MALL              |84 LYNDEN ROAD                |BRANTFORD, ONT.     |   |N3R 6B8|RON FERELL                    |519-752-81| | 0.00|1|
CHM245|CHARM LTD. #441               |BILLINGS BRIDGE PLAZA         |2269 RIVERSIDE DRIVE, UNIT #56|OTTAWA, ONT.        |   |K1H 7X6|PATSY CRAIG                   |613-260-26| | 0.00|1|
CHM246|CHARM LTD #444                |355 HESPLER RD.               |CAMBRIDGE CENTER SUITE 116A   |CAMBRIDGE, ONT.     |   |N1R 6B3|DINO POLICICCHIO              |519-740-42| | 0.00|1|
CHM247|CHARM LTD. #445               |1 WATER STREET                |CORNWALL SQUARE               |CORNWALL, ONT.      |   |K6H 6M2|KATHY LEPAGE                  |613-933-04| | 0.00|1|
CHM248|CHARM LTD. #446               |WHITE OAKS MALL               |1105 WELLINGTON ROAD          |LONDON, ONT.        |   |N6E 1V4|NANCY PROVOST                 |519-668-05| | 0.00|1|
CHM250|CHARM LTD. #431 **(SIGN)**    |1200 ST. LAURENT STREET       |ST. LAURENT SHOPPING CENTRE   |OTTAWA, ONT.        |   |K1K 3B8|JIM MOLLARD                   |613-745-03| | 0.00|1|
CHM251|CHARM LTD. #127               |AMHERST CENTRE MALL           |142 SOUTH ALBION STREET       |AMHERST, N.S.       |   |B4H 4H4|RANDY THURBER                 |902-667-14| | 0.00|1|
CHM252|CHARM LTD.#148 **             |ATTN: KALLIE                  |148 PORTLAND STREET           |DARTMOUTH, N.S.     |   |B2Y 1J1|BARRY CORKUM                  |902-463-71| | 0.00|1|
CHM253|CHARM LTD. #432               |STATION MALL                  |293 BAY STREET                |SAULT STE MARIE, ONT|   |P6A 1X3|SHERRY DAVIDSON               |705-254-47| | 0.00|1|
CHM254|CHARM LTD. #434 **            |LAMBTON MALL                  |1380 LONDON ROAD              |SARNIA, ONT.        |   |N7S 1P8|DAVID LAIRD                   |519-542-71| | 0.00|1|
CHM256|CHARM DIAMOND CENTRES #448    |MAPLEVIEW SHOPPING CENTRE UBB7|900 MAPLE AVENUE              |BURLINGTON, ONT.    |   |L7S 2J8|GERRY R LEWICKI               |905-681-19| | 0.00|1|
CHM258|CHARM DIAMOND CENTRES #450    |NORTHGATE SQUARE S/C UNIT 181 |1500 FISHER STREET            |NORTH BAY, ONTARIO  |   |P1B 2H3|MICHAEL TRUDEL                |705-474-60| | 0.00|1|
CHM259|CHARM DIAMOND CENTRES #451    |INTERCITY S/C  UNIT D003      |1000 FORT WILLIAM ROAD        |THUNDER BAY, ONT.   |   |P7B 6B9|PHIL DOUCETTE                 |807-623-11| | 0.00|1|
CHM260|CHARM #442                    |TECUMSEH MALL                 |7654 TECUMSEH RD. EAST        |WINDSOR, ONT.       |   |N8T 1E9|CATHERINE (FADIN) AJI         |519-944-80| | 0.00|1|
CHM261|CHARM #661                    |SOUTHLAND MALL                |2915 GORDON ROAD UNIT 3       |REGINA, SASK.       |   |S4S 6H7|GARTH McKAGUE                 |306-585-65| | 0.00|1|
CHM262|CHARM #662                    |MIDTOWN PLAZA, UNIT #220      |101-1ST AVE. SOUTH            |SASKATOON, SASK.    |   |S7K 1J9|SCOTT BORODY                  |306-683-19| | 0.00|1|
CHM264|CHARM #664                    |SOUTHCENTRE MALL              |100 ANDERSON RD. S.E.         |CALGARY, ALTA.      |   |T2J 3V1|COLLEEN FUDGE                 |403-271-96| | 0.00|1|
CHM267|CHARM LTD. #667               |3625 SHAGANAPPI TRAIL  N.W.   |MARKET MALL                   |CALGARY, ALTA.      |   |T3A 0E2|EVA PITT                      |403-288-55| | 0.00|1|
CHM270|CHARM #452                    |STONE ROAD MALL               |435 STONE ROAD WEST, UNIT 21A |GUELPH, ONT.        |   |N1G 2X6|TOM DOWSLING                  |519-824-01| | 0.00|1|
CHM287|CRESCENT LTD. #287            |963 CENTRAL AVE               |UNIT #17                      |GREENWOOD, NS       |B0P|1N0    |MERANDA                       |   -   -  | | 0.00|1|
CHM332|CHARM #132                    |CORNWALLIS HOUSE              |5475 SPRING GARDEN RD.        |HALIFAX, N.S.       |   |B3J 3T2|CAROL ANN MACLEOD             |902-429-46| | 0.00|1|
CHM402|CHARM lTD. # 402              |31 CAMERON LANE               |                              |BRANTFORD,ON.       |   |N3R 7V2|                              |   -   -  | | 0.00|1|
CHM453|CHARM #453 **                 |EASTGATE SQUARE               |75 CENTENNIAL PARKWAY N.      |STONEY CREEK, ONT.  |   |L8E 2P2|SANDRA INKSTER                |905-578-28| | 0.00|1|
CHM454|CHARM #454 **                 |ERIN MILLS TOWN CTR,UNIT R219A|5100 ERIN MILLS PARKWAY       |MISSISSAUGA, ONT.   |   |L5M 4Z5|PATTI VONGIVEST               |905-828-66| | 0.00|1|
CHM455|CRESCENT #455 **              |GEORGIAN MALL, UNIT #B012B    |509 BAYFIELD STREET           |BARRIE, ONT.        |   |L4M 4Z8|RICHARD POULIN                |705-719-03| | 0.00|1|
CHM456|CHARM LTD. #456               |645 LANDSDOWNE ST. WEST       |LANDSDOWNE PLACE MALL UNIT 127|PETERBOROUGH, ONT.  |   |K9J 7Y5|GLENN FORRESTER               |705-749-61| | 0.00|1|
CHM458|CHARM #458  **                |THE PEN CENTRE                |221 GLENDALE AVE. ST.         |ST. CATHARINES, ON  |   |L2T 2K9|BRIAN CUNNINGHAM              |905-684-00| | 0.00|1|
CHM460|CHARM DIAMOND CENTRE #460     |1349 LASALLE BLVD.            |SUDBURY CENTRE                |SUDBURY, ON         |   |P3A 1Z2|DARLANNE                      |705-521-16| | 0.00|1|
CHM461|CHARM DIAMOND CENTRE #461     |QUINTE MALL                   |390 NORTH FRONT STREET        |BELLEVILLE,ON       |   |K8P 3E1|                              |613-962-07| | 0.00|1|
CHM463|CHARM DIAMOND STORE #463      |419 KING ST. W.               |                              |OSHAWA,ON.          |   |L1J 2K5|PATSY                         |   -   -  | | 0.00|1|
CHM668|CHARM DIAMOND CENTRE #668     |UNIT 702 KINGSWAY GARDEN MALL |109 ST.& PRINCESS ELIZABETH DR|EDMONTON, AB        |   |T5G 3A6|PATRICIA VALLEE               |780-479-22| | 0.00|1|
CHM669|CHARM DIAMOND CENTRE  #669    |BOWER PLACE MALL              |4900 MOLLY BANISTER DR.UNIT242|RED DEER, ALTA      |   |T4R 1N9|                              |403-314-00| | 0.00|1|
CHM670|CHARM DIAMOND CENTRE (670)    |3310 - 8th ST. E. UNIT 0480   |THE CENTRE AT CIRCLE & 8TH    |SASKATOON, SK       |   |S7H 5M3|RICK DeMARS                   |306-373-17| | 0.00|1|
CHM672|CHARM # 672                   |CRU-26-1570  18TH STREET      |                              |BRANDON, MB         |   |R7A 5C5|                              |204-571-95| | 0.00|1|
CHO050|*MARV. CHONY                  |108 CENTENNIAL SQUARE         |                              |THUNDER BAY, ONT    |   |P7E 1H3|MARV CHONEY                   |807-623-77| | 0.00|1|canon400@tbaytel.net
CHO115|WM. CHOW JEWELLERS LTD.       |2241 WEST 41ST AVE.           |                              |VANCOUVER,B.C.      |   |V6M 2A3|ELAINE & HANK LEW             |604-266-59| | 0.00|1|
CHU060|CHUK KAM FINE JEWELLERY       |1545815 ALBERTA LTD.          |BAY 119, 328 CENTARE ST. S.E  |CALGARY,AB          |T2G| 4X6   |RAYMOND WU                    |403-261-69| | 0.00|1|
CIT110|*CITIZEN TIME & GOLD          |723 JOHNSON STREET            |                              |VICTORIA, B.C.      |   |V8W 1M8|DANIEL LEUNG                  |250-388-47| | 0.00|1|
CIT115|CITY JEWELLERS POLO PARK      |242 - 1485 PORTAGE AVE.       |                              |WINNIPEG,MB.        |   |R3G 0W4|PAMELA CURPEN  VANIDA HAMSA   |204-957-59| | 0.00|1|
CJG130|THE CANADIAN JLRY. GROUP      |386 BROADWAY                  |SUITE 503                     |WINNIPEG,MB         |   |R3C 3R6|PAMELA FORSYTH                |204-947-97| | 0.00|1|
CLA101|*CLARKE'S OF GLADSTONE (2005) |BOX 310, 18 DENNIS ST. E.     |                              |GLADSTONE, MAN.     |   |R0J 0T0|CAROL STEWART                 |204-385-24| | 0.00|1|
CLA110|PETER CLARKE                  |A DIVISION OF 1841451 ONT.LTD.|1756 LANGAN DRIVE             |KERWOOD,ON.         |   |N0M 2B0|PETER CLARKE                  |   -   -  | | 0.00|1|
CLA149|*CLASSIQUE    (CCAD)          |BOX 896                       |807 GEORGE STREET             |HEARST, ONT.        |   |P0L 1N0|MAURICE,YVETT,GERALD GAUDREAU |705-372-10| | 0.00|1|
CLE150|CLEO'S JEWELLERY              |1 LOVERS LANE ROAD            |                              |COCAGNE, N.B.       |   |E4R 2S4|CLEOPHAS RABIEHAUD            |506-576-70| | 0.00|1|
CLO120|CJL DIAMOND BROKERS           |UNIT #184, 5201 - 43 STREET   |                              |RED DEER, AB.       |   |T4N 1C7|LEN NEDERLOF                  |403-346-27|O| 0.00|1|len@cjldiamonds.ca
COL142|COLLINS OF KERRISDALE LTD.    |2144 WEST 41ST AVE.           |                              |VANCOUVER, B.C.     |   |V6M 1Z1|LORRAINE & JULIO JUARRO       |604-263-31| | 0.00|1|
COL160|COLUMBIA AWARDS               |                              |3822 - 97 STREET              |EDMONTON, AB        |   |T6E 5S8|ED KORBYL                     |780-438-32| | 0.00|1|
COM105|*COMEAU'S     (CC)            |160 WATER STREET              |                              |CAMPBELLTON, N.B.   |   |E3N 1B4|ROMEO COMEAU                  |506-753-53| | 0.00|1|COMEAUJEWELLERY@GMAIL.COM
CON107|*CONGERS                      |1907 GARFILED AVE             |                              |OTTAWA, ON.         |   |K2C 0W6|DAVE CONGER                   |613-722-45| | 0.00|1|
CON108|CONNIE'S                      |BOX 520                       |                              |LYNN LAKE, MAN.     |   |R0B 0N0|K LARSEN & C COCKERILL        |204-356-29| | 0.00|1|
COO107|*COOK'S JLRS   A126   **      |527 3RD. AVE WEST             |                              |PRINCE RUPERT, B.C. |   |V8J 1L9|RICK McCHESNEY                |250-624-52|O| 0.00|1|COOKS@CITYTEL.NET
COO160|*COOK'S   A126   **  CLOSED!!!|ATTN:  RICK McCHESNEY         |246 CITY CENTRE               |KITIMAT, B.C.       |   |V8C 1T6|RICK McCHESNEY                |250-632-33|O| 0.00|1|
COO172|*COOK'S   A126   **           |ATTN:  RICK McCHESNEY         |134 - 4741 LAKELSE AVENUE     |TERRACE, B.C.       |   |V8G 4R9|RICK McCHESNEY                |250-635-51|O| 0.00|1|
COR130|                              |                              |                              |                    |   |       |                              |   -   -  | | 0.00|1|
COU130|*COUSINEAU FINE JLRY.(CC)     |38 PINE STREET NORTH          |                              |TIMMINS, ONT.       |   |P4N 6K6|MIKE COUSINEAU                |705-264-98| | 0.00|1|
COU175|COURTLAND TREASURES           |69 TALBOT                     |                              |COURTLAND,ON.       |   |N0J 1E0|                              |519-688-21| | 0.00|1|
COW   |                              |                              |                              |                    |   |       |                              |   -   -  | | 0.00|1|
COW112|COWIE & SONS LTD.    (X)      |61 KING STREET                |                              |SAINT JOHN, N.B.    |   |E2L 1G5|RON   COWIE                   |506-634-13| | 0.00|1|
CRA122|CRAFTIME SEWING MACHINES      |13 MILL STREET                |                              |ELMIRA, ONT.        |   |N3B 2K1|ERLA BRUBACHER                |519-669-41| | 0.00|1|
CRA154|*CRANNA                       |BOX 910                       |6256 MAIN STREET              |OLIVER, B.C.        |   |V0H 1T0|FRANK BARNAY                  |250-498-36| | 0.00|1|
CRA229|                              |                              |                              |                    |   |       |                              |   -   -  | | 0.00|1|
CRE150|CLOSED!! CREATIVE CUSTOM GOLD |115 4TH AVE. SOUTH            |P O BOX 28                    |THREE HILLS,AB      |   |T0M 2A0|DOUG WADE                     |403-823-07| | 0.00|1|
CRE155|*CREATIVE FRAMING  (CC)       |o/a HUDSON JEWELLERS          |152 ROUTE 560                 |UPPER WOODSTOCK, NB |   |E7M 3E5|ELLIS & SANDRA HUDSON         |506-328-65| | 0.00|1|hudsonjewellers@gmail.com
CRO119|CROSS MY HEART JEWELLERS LTD. |5004A UNIT 6 DAHL DRIVE       |                              |WHITECOURT,AB       |   |T7S 1X6|BILLIE WILSON ANITA KREWOSIK  |780-778-19| | 0.00|1|
CRO120|CROWELY'S-MARY MARTIN *APR#   |PO BOX 79060 RPO NOTTINGHAM   |                              |SHERWOOD PARK,AB    |   |T8A 5S3|MARY MARTIN                   |780-994-34| | 0.00|1|mary@crowleysjewellers.com
CUM420|CUMBERLAND ASSOC.INC.(CCD)    |THE MOUNTIE STORE             |68 MAIN STREET NORTH SUITE 313|MARKHAM, ON         |   |L3P 5OH|NOREEN & PHIL GROSSMITH       |905-472-22| | 0.00|1|
CUR205|*CURRY'S 1978 LTD.  *** A200  |10019 - 100TH AVENUE          |                              |GRANDE PRAIRIE, ALTA|   |T8V 0V2|MICHAEL OUELETTE              |780-532-21|O| 0.00|1|
DAC121|*DACK'S                       |115 BRIDGE STREET             |                              |CARLETON PLACE, ONT.|   |K7C 2V4|KEITH & ELIZABETH DACK        |613-257-14| | 0.00|1|
DAN   |                              |                              |                              |                    |   |       |                              |   -   -  | | 0.00|1|
DAN118|*DANA'S GOLDSMITHING INC.A117*|186 QUEEN STREET              |                              |PORT PERRY, ONT.    |   |L9L 1B8|DANA SMITH                    |905-985-29|O| 0.00|1|
DAR100|DARREN JAMES                  |1875 BOUNDARY RD              |VANCOUVER, BC                 |                    |V5M| 3Y7   |DARREN JAMES                  |604-341-12| | 0.00|1|
DAV085|DAVER HOLDINGS LTD.           |P.O. BOX 9412 STN. MAIN       |                              |SASKATOON,SK.       |   |S7K 7E9|DON VERBONAC                  |306-244-35| | 0.00|1|
DAV120|DAVIDS JEWELLERS              |57 - 11900 HANEY PLACE        |HANEY PLACE MALL              |MAPLE RIDGE, BC     |   |V2X 8R9|DAVID & CAROL MOYS            |604-467-24| | 0.00|1|
DAV135|*DAVIDSON'S GLEBE ***A165     |790 BANK STREET               |                              |OTTAWA, ONT.        |   |K1S 3V6|JUDY RICHARDS                 |613-232-97|O| 0.00|1|
DAV168|BRIAN DAVIS INC.              |500 EXMOUTH STREET            |                              |SARNIA, ONT.        |   |N7T 5P4|BRIAN E. T. DAVIS             |519-491-58| | 0.00|1|
DAV170|KEITH DAVIS JLRY.             |#17 - 390 SPRINGBANK DRIVE    |                              |LONDON,ON.          |   |N6J 1G9|KEITH DAVIS                   |519-433-55| | 0.00|1|
DEB129|*DEB'S GIFTWARE               |BOX 387                       |                              |ASHERN, MAN.        |   |R0C 0E0|DEBORAH UNRAU                 |204-768-34| | 0.00|1|
DEL139|*E.H. DELAMONT LTD.           |915 BAKER ST.                 |                              |CRANBROOK, B.C.     |   |V1C 1A4|GORDON DELAMONT OR RAE (GIRL) |250-426-27| | 0.00|1|
DEM131|DeMOISSAC   (CF)              |BOX 460                       |                              |BIGGAR, SASK.       |   |S0K 0M0|ROSS HOLT                     |306-948-24| | 0.00|1|
DES093|DESIGN JEWELLERS LTD.         |#2874, 8770 170 Street        |WEST EDMONTON MALL            |EDMONTON, AB.       |   |T5T 3J2|BELA DAVIDOFF                 |780-489-00| | 0.00|1|
DIA048|DIAMANI FINE JEWELLERY        |432 CLARENCE ST.              |                              |LONDON,ON.          |   |N6A 3M8|MARIO CHIRICO                 |519-438-19| | 0.00|1|diamani99@gmail.com
DIA113|DIAMOND BEACH/GIMLI FLORIST (A|BOX 1608                      |177E 1ST AVE.                 |GIMLI, MAN          |   |R0C 1B0|CARMEN KAEGI                  |204-642-80| | 0.00|1|
DIA119|PATRICK THOMPSON ENTERPRISES  |o/a DIAMOND DESIGN            |BOX 23037, RPO CHURCHILL SQ   |ST. JOHN'S, NFLD    |   |A1B 4J9|PATRICK THOMPSON              |709-754-94| | 0.00|1|
DIA123|*DIAMONDS FOR YOU             |1139117 ALTA. LTD.            |#210, 4420 RAILWAY AVENUE     |VERMILION, ALTA.    |   |T9X 1G1|ROBT ERNST & ANNE McMINIS     |780-853-44| | 0.00|1|
DIA135|D OF D   A192 ***             |P.O. BOX 2907                 |709 6TH AVE.                  |HUMBOLT, SK.        |   |S0K 2A0|OLIVIA & RICHARD COFFYNE      |306-682-41|O| 0.00|1|dofdolivia@sasktel.net
DIA186|BIJ DIAMOR LTD.  (A)  (X)     |#10 RUE BLAINVILLE            |                              |STE. THERESE, QUE.  |   |J7E 1W9|YVES LAHAISE                  |450-435-52| | 0.00|1|
DIG040|DIGISPLINT CANADA             |489 MAIN ST. S.,              |                              |EXETER, ONT.        |   |N0M 1S1|DEREK BAKELAAR                |519-235-29| | 0.00|1|
DUB085|DUBE DESIGNS,FINE JEWELLERY I.|658 RIBERSIDE DRIVE           |                              |TIMMINS, ONT.       |   |P4N 3V8|MARC & JACKIE DUBE            |705-264-74| | 0.00|1|JMDUBE@FIBREOP.CA
DUR150|*DURRANT'S                    |                              |33 SELKIRK ROAD               |COLLINGWOOD, ONT.   |   |L9Y 0X2|J W OR GEORGINA DURRANT       |705-445-37| | 0.00|1|
DYN115|DYNASTY JEWELLERS             |C/O HOANG NGUYEN              |#7 501 CARTWRIGHT ST.         |SASKATOON,SK        |   |S7T 1E1|ELVERA FRASER                 |306-752-52| | 0.00|1|
DYN116|DYNASTY JEWELLERS (CCF)       |C/O HOANG NGUYEN              |P.O. BOX 220                  |MELFORT,SK.         |   |S0E1A0 |ELVERA FRASER OR GAIL         |306-752-52| | 0.00|1|
EAS100|EASTWOOD JEWELLERS            |700 PEMBROKE ST. E.           |                              |PEMBROKE,ON.        |   |K8A 3M2|JOHN MURACK                   |613-735-46| | 0.00|1|
ELG155|*ELGIN LTD.                   |                              |260 ELGIN ST.                 |OTTAWA, ONT.        |   |K2P 1L9|ALLEN QUINN                   |613-234-56| | 0.00|1|
ELG165|*ELGIN JEWELLERS A189 **      |690 GODERICH ST.              |P.O. BOX 1708                 |PORT ELGIN, ONT.    |   |N0H 2C0|KAREL & MARIE EBENSTREIT      |519-832-24|O| 0.00|1|
ELL176|ELLIOT LAKE JEWELLERS         |1866588 oNTARIO INC.          |186 ONTARIO AVE               |ELLIOT LAKE,ON.     |   |P5A 1Y4|YVES BERYBE/JACQUELINE DESROSI|705-461-75| | 0.00|1|
END159|*ENDERBY 1991 LTD. A183 **    |BOX 517                       |608 CLIFF AVE.                |ENDERBY,  B.C.      |   |V0E 1V0|JUDY DANGEL                   |250-838-71|O| 0.00|1|
END163|ENDO                          |713 RICHMOND STREET           |                              |LONDON, ONT.        |   |N6A 3H1|KEVIN ENDO                    |519-642-32| | 0.00|1|
EPS160|EPSILON CREATIONS             |50 STAFFORD ST.               |                              |WINNIPEG,MB.        |   |R3M 2V7|                              |204-453-20| | 0.00|1|
ERI150|ERIKA'S JEWELLERY             |47 - 490 VETERANS DRIVE       |                              |BARRIE, ONT.        |   |L4N 9N4|ERICA DEWAR                   |705-730-01| | 0.00|1|
ERI160|ERIE                          |                              |14 JARVIS ST.                 |FORT ERIE, ONT.     |   |L2A 2S1|PETER WAYTENE                 |905-871-27| | 0.00|1|
ETE789|ETERNAL DIAMONDS CORP         |976 LA SALLE BLVD.            |                              |SUDBURY, ON         |   |P3A 1X5|GERRY & DEBBIE AUBIN          |705-525-46| | 0.00|1|
EUR185|*EUROPEAN GOLDSMITH LTD A141**|109-2900 PANDOSY STREET       |                              |KELOWNA, B.C.       |   |V1Y 1V9|JOHN & KIM BERG               |250-860-66|O| 0.00|1|kimberg@shaw.ca
EXC165|*EXCELSOR JEWELLERS LTD.      |                              |#147A NORTH FIRST AVENUE      |WILLIAMS LAKE, B.C. |   |V2G 1Y7|JOE AMARAL                    |250-392-26| | 0.00|1|excelsiorjewellers@gmail.com
EXE133|*EXCEL JLRS.** A173           |#370, 20202-66TH AVE.         |                              |LANGLEY, B.C.       |   |V2Y 1M9|JANE TRAC AND THOM HUYNH      |604-539-77|O| 0.00|1|
EXE150|EXECUTIVE JEWELS              |665 WATERLOO STREET           |WINNIPEG,MB.                  |                    |   |R3N 0T3|CHERYL                        |204-997-38| | 0.00|1|
FAC120|*FACETS GIFTS                 |172 ARGYLE ST. N., UNIT 7     |                              |CALEDONIA, ON..     |   |N3W 2J7|JANETTE McINTYRE              |905-765-89| | 0.00|1|
FAN166|FANTASY                       |#512 - 2331 - 66ST N.W.       |                              |EDMONTON,AB         |   |T6K 4B4|AKK MALTI-ARJUN               |780-909-44| | 0.00|1|
FAN167|*H.E. FANCY JLRY.LTD.         |BOX 127                       |318 ST.GEORGE ST.             |ANNAPOLIS ROYAL, N.S|.  |B0S 1A0|HAROLD & FAYEONA FANCY        |902-532-51| | 0.00|1|
FAN443|*FANCY JLRS #2                |P.O. 1240                     |57 WATER STREET               |DIGBY, N.S.         |   |B0V 1A0|HAROLD & FAY FANCY            |902-245-24| | 0.00|1|fancy2@bellaliant.com
FIA171|*FIANCEE  JLRS                |216 PRINCESS ST.              |                              |KINGSTON, ONT.      |   |K7L 1B2|RULA VEKIOS                   |613-542-81| | 0.00|1|
FIF202|*FIFTH AVENUE JLRS.  *CC      |#510-1055 HILLSIDE DR.        |                              |KAMLOOPS, B.C.      |   |V2E 2S5|LANIE SMITH                   |250-372-77| | 0.00|1|
FIL530|FILION JEWELLERS              |604 MONTREAL ROAD             |                              |CORNWALL,ON.        |   |K6H 1C2|ALAIN FILION                  |613-937-77| | 0.00|1|FILIONJEWELLERS@GMAIL.COM
FIN185|*FINE THINGS INC.             |88E MANITOBA DRIVE            |TERRA NOVA PLAZA              |CLARENVILLE, NFLD.  |   |A5A 1K7|LORI COLE & CORY CURTIS       |709-466-79| | 0.00|1|FINETHINGSNL2023@OUTLOOK.COM
FIR101|*FIRE AND ICE                 |310 GUELPH STREET, UNIT 5     |                              |GEORGETOWN, ONT.    |   |L7G 4B1|BRIAN EDGAR, SAM CRACCHIOLO   |905-873-44| | 0.00|1|
FIR150|FIREWORKS GALLERY             |1569 BARRINTON STREET         |                              |HALIFAX,NS.         |   |B3J 1Z7|JUDY ANDERSON (OWNER)         |902-420-17|O| 0.00|1|
FLA175|FLANNERY JEWELLERS LTD.       |1168 SMYTHE ST. PLAZA         |                              |FREDERICTON, NB     |   |E3B 3H5|MIKE FLANNERY                 |506-453-11| | 0.00|1|
FLA180|FLASHPOINT CUSTOM GOLDSMITH   |PORT HARDY SHOPPING CENTRE    |BOX 848                       |PORT HARDY, B.C.    |   |VON 2P0|J. BRENT                      |250-949-89| | 0.00|1|
FLO174|*FLONDRA LTD.   A15   **      |213 - 3RD AVENUE              |                              |TIMMINS, ONTARIO    |   |P4N 1C9| LINDA FLONDRA                |705-264-66|O| 0.00|1|
FOR188|*FOREST OF JEWELS             |428 RIVERBEND SQUARE          |                              |EDMONTON, ALTA.     |   |T6R 2X2|LAWRENCE BRENDEL              |780-438-36| | 0.00|1|FORESTOFJEWELS@SHAW.CA
FOR189|*RONALD FORTIER INC.          |1975 KING STREET W.           |                              |SHERBROOKE, QUE.    |   |J1J 2E6|MIREILLE FORTIER              |819-563-64| | 0.00|1|
FOR209|*FORT RICHMOND JLRS.          |70 - 2866 PEMBINA HWY         |                              |WINNIPEG, MAN.      |   |R3T 2J1|JIM FLATHER, OWNER            |204-269-82| | 0.00|1|
FOS191|*FOSTER'S LTD.                |622 - 3RD AVENUE SOUTH        |                              |LETHBRIDGE, ALTA.   |   |T1J 0H5|NEIL FOSTER(ANDREW A/P)       |403-327-44| | 0.00|1|
FOU140|FOUND TREASURES  *(PUR0)      |BOX 1532                      |113 MAIN STREET               |UNITY,SK.           |   |S0K 4L0|TRENA KLEIN                   |306-210-89| | 0.00|1|
FOU150|FOUR-D SIGNS & TROPHIES LTD.  |1722 - 91ST STREET            |                              |N. BATTLEFORD, SASK.|   |S9A 0A5|DAVID BUNNELL                 |306-446-42| | 0.00|1|
FRA175|*FRAN'S JLRS & GIFT BOUTIQUE  |BOX 291                       |623 ASH GROVE                 |OAKBANK, MAN.       |   |R0E 1J0|MS. FRAN KOWALCHUK            |204-444-29| | 0.00|1|
FRA233|*FRANK'S                      |8 KING ST. S.                 |                              |WATERLOO, ONT.      |   |N2J 1N8|BOB FRANK                     |519-886-48| | 0.00|1|
FRE205|FREDERICK'S FINE JLRY & GIFTS |LEWISPORTE MALL               |465 MAIN ST., BOX 775         |LEWISPORTE, NFLD.   |   |A0G 3A0|FRED BALL                     |709-535-66| | 0.00|1|fb@personainternet.com
FRE217|*FRENCH'S JEWELLERY 1988      |BOX 6027                      |5018A-50TH AVE.               |WETASKIWIN, ALTA.   |   |T9A 0S4|BRENT ANDERSON                |780-352-21| | 0.00|1|
FRO190|*FRONTENAC WATCH REPAIR       |186 PRINCESS ST.              |                              |KINGSTON, ON.       |   |K7L 1B1|GEORGE DAFNAF                 |613-542-46| | 0.00|1|
FRO215|*FRONTIER JEWELLERS  LTD.     |9939-100 AVE.                 |                              |FORT ST. JOHN, B.C. |   |V1J 1Y4|HELEN CRAIK                   |250-785-36| | 0.00|1|
G&G200|G & G COINS                   |28 UNIVERSITY EAST            |                              |WINDSOR, ON.        |   |N9A 2Y4|ANDY GERVAIS                  |519-256-07| | 0.00|1|
GAT093|*GATEWAY JEWELLERS            |TRI-CITY MALL                 |#203 6503 51st STREET         |COLD LAKE, ALTA.    |   |T9M 1C8|GARY KRIPKI                   |780-594-02| | 0.00|1|kripki@telus.net
GEL198|*GELMICI JEWELLERS LTD        |S SAUNDERS, GJ.               |7199-123-50 ST.               |EDSON, AB.          |   |T7E 1V4|STACEY SAUNDERS               |780-723-36| | 0.00|1|
GEM218|*GEMINI                       |776 QUEEN STREET              |                              |KINCARDINE,ON       |   |N2Z 2Y6|DAVID HICKS                   |519-396-77| | 0.00|1|
GEM250|GEMSTONE    (A)               |BOX 1869                      |                              |ALTONA, MB          |   |R0G 0B0|KEN HAMM                      |204-324-64| | 0.00|1|gemstone@mymts.net
GIF224| GIFTS OF GOLD                |                              |BOX 20022                     |YORKTON, SASK.      |   |S3N 4A9|MIKE DOLL & TERRY POLLOCK     |306-783-55| | 0.00|1|giftsofgold@sasktel.net
GIL207|*GILBERT'S   *(SIGN)*         |                              |743 QUEEN ST.                 |KINCARDINE, ONT.    |   |N2Z 1Z9|MELISSA PEPPER                |519-396-26| | 0.00|1|
GIR220|GIRARD GAMES                  |4118 CABOT PLACE              |                              |VICTORIA,BC.        |   |V8N 4V8|LORI LALLI                    |250-478-82| | 0.00|1|girardgames@shaw.ca
GLO125|GLOBAL REWARDS INT'L MARKETING|o/a GLOBAL REWARDS INC.       |233 BALIKUN HEIGHTS           |KANATA, ON.         |   |K2V 0A6|SUZANNE BOAL                  |613-831-92| | 0.00|1|
GLO150|GLOBAL WATCH COMPANY          |3114 BOUNDARY ROAD            |                              |BURNABY,BC          |   |V5M 4A2|DAISY KORAJIAN                |604-454-12| | 0.00|1|
GMG193|*GMG JEWELLERS LTD.           |#1-105-21ST ST. EAST          |                              |SASKATOON, SASK.    |   |S7K 0B3|GERRY & JAN GRIFFITHS         |306-665-84| | 0.00|1|
GOD210|*GODLEY'S                     |4913-1ST STREET WEST          |BOX 73                        |CLARESHOLM, ALTA.   |   |T0L 0T0|VANESSA KOSHNEY               |403-625-27| | 0.00|1|
GOL199|THE GOLD BIN                  |33221 FIRST AVE.              |                              |MISSION, B.C.       |   |V2V 1G7|ROBERT MACKOVIC               |604-826-73| | 0.00|1|
GOL202|*337797 ONTARIO LTD. (CC)     |o/a GOLD DIRECT JEWELLERS     |1643 LASALLE BLVD.UNIT 120    |SUDBURY, ONT.       |   |P3A 1Z8|SANDI & CLAUD LeBLANC         |705-525-46| | 0.00|1|
GOL214|*GOLDEN ENTERPRIZES           |24 EDWARD STREET,             |                              |BRACEBRIDGE, ONT.   |   |P1L 1H5|PAUL LE MAY                   |705-645-74| | 0.00|1|dpw@cogeco.ca
GOL215|GOLDEN TREE JLRS.             |#215 - 19705 FRASER HWY.      |                              |LANGLEY, B.C.       |   |V3A 7E9|BOB BHINDI                    |604-530-72| | 0.00|1|
GOL216|*1438033 ONTARIO INC          |GOLD & ICE                    |119 KING GEORGE ROAD          |BRANTFORD, ONT.     |   |N3R 5K7|MAKRAM GOBRAN                 |519-770-42| | 0.00|1|
GOL218|*GOLD & ICE                   |200 BROADWAY STREET           |                              |TILLSONBURG, ONT.   |   |N4G 5A7|MAKRAM GOBRAN                 |519-842-39| | 0.00|1|ELONA_S@ROGERS.COM
GOL235|GOLD FEVER        (CCD)       |P.O.BOX 1109                  |1A 5916 50 AVE.N.             |FORT NELSON, B. C.  |   |V0C 1R0|LORELEI PORCKA                |250-774-28| | 0.00|1|GOLDFEVER@NORTHWESTEL.NET
GOL249|GOLDEN GEM JEWELLERY LTD.     |105 HWY 33 W                  |                              |KELOWNA, BC         |V1X| 1X6   |KEN LY                        |250-765-09| | 0.00|1|
GOL285|CLOSED                        |                              |                              |DAVIDSON, SASK.     |   |S0G 1A0|DEBORAH DOELL                 |306-567-20| | 0.00|1|gij@sasktel.net
GOL286|GOLDEN IMAGE JEWELLERY        |301 WASHINGTON AVE.           |PO BOX 697                    |DAVIDSON,SK.        |   |S0G 1A0|DONNA BESSEY                  |306-567-91| | 0.00|1|besseydonna@gmail.com
GOL289|GOLD FORM MFG. LTD            |161 HOLLAND AVE.              |                              |OTTAWA, ONT.        |   |K1Y 0Y2|SHANE ALEXANDER/ ALEX MAXWELL |613-725-22| | 0.00|1|ben@goldform.ca
GOL290|A GOLDEN REPAIR               |809  2ND AVE. EAST            |                              |OWEN SOUND,ON.      |   |N4K 2H2|ANDRE GREER                   |519-416-46| | 0.00|1|agoldenrepair@ymail.com
GOL293|GOLD ORIGINALS BY CHARLOTTE   |204 A MAIN STREET             |                              |WHITEHORSE, YT      |   |Y1A 2A9|CHARLOTTE & GERRY BRIEMON     |867-668-79| | 0.00|1|
GOL296|THE GOLD POKE INC.            |5116  51ST STREET             |PO BOX 7437                   |DRAYTON VALLEY,AB   |   |T7A 1S6|SARAH PARIS                   |780-542-60| | 0.00|1|
GOL299|GOLD TECK JLRY                |39 DALLYN AVE.                |                              |KAPUSKASING, ONT.   |   |P5N 1S7|CHANTAL LEPAGE                |705-335-45| | 0.00|1|
GOL300|*THE GOLD ROOM   A131         |12014-72ND AVE.               |                              |SURREY, B.C.        |   |V3W 2L9|DOUG & NANCY DAVEY            |604-590-51| | 0.00|1|dougdavey@shaw.ca
GOL303|IAN M HENDERSON LTD.          |O/A THE GOLD SHOP             |BOX 395 STATION A             |WINDSOR,ON.         |   |N9A 6L7|IAN M HENDERSON               |519-258-85| | 0.00|1|
GOL315|GNM FINE JEWELLERS A122*      |375 MAIN STREET               |                              |STEINBACH, MB.      |   |R5G 1Z4|AMANDA LANTEIGNE              |204-326-39|O| 0.00|1|amanda@gold-n-memories.com
GOL319|GOLD 'N TREASURES (ROBLIN) LTD|131 MAIN STREET               |                              |ROBLIN, MAN.        |   |R0L 1P0|KIM CAMPBELL                  |204-937-29| | 0.00|1|
GOL335|THE GOLDWORKS                 |412 - 13 STREET NORTH         |                              |LETHBRIDGE, ALTA.   |   |T1H 2S2|DAVE MERESKI                  |403-320-08| | 0.00|1|
GOL337|GOLDWORKS SALES & SERVICE     |#3 - 704 MAIN ST. S.          |                              |AIRDRIE, ALTA.      |   |T4B 3M1|LAURIE                        |403-948-22| | 0.00|1|
GOL340|*GOLD STAR JLRS LTD.          |7107-120TH STREET             |                              |NORTH DELTA, B.C.   |   |V4E 2A9|TOM BELEGRIS                  |604-596-54| | 0.00|1|
GOL345|1696156 ALBERTA INC.          |o/a GOLD STAR JEWELLERS       |113A 8330 82 AVE.             |EDMONTON,AB.        |   |T6C 4E3|AMIT VERMA                    |780-760-22| | 0.00|1|
GOL350|GOLD STAR JLRY CO.            |53 HURONTARIO ST.             |                              |COLLINGWOOD, ONT.   |   |L9Y 2L7|ROSE & JOE HOANG              |705-444-08| | 0.00|1|
GOL361|TCG                           |C/O CJI                       |217 PEMBROKE ST. W.           |PEMBROKE, ONT.      |   |K8A 5N1|KEN E. YATES                  |613-732-31| | 0.00|1|
GOL370|GOLD BRICK JEWELLERS 2012     |#108  4210 50TH AVENUE        |                              |ST. PAUL, AB        |   |T0A 3A2|JANICE PHELPS                 |780-645-35| | 0.00|1|
GOL375|GOLD BRICK                    |11000-8TH STREET              |                              |DAWSON CREEK, B.C.  |   |V1G 4K6|JACKIE BORLOZ                 |250-782-64| | 0.00|1|
GOL380|GOLD BRICK                    |WESTLAND MARKET MALL          |BAY#29 128-70 MCLEOD AVE      |SPRUCE GROVE,AB     |   |T7X 3C7|JACKIE  BORLOZ                |780-962-93| | 0.00|1|
GOR220|*GORDON'S GOLD                |OAKRIDGE CENTRE               |760 HYDE PARK ROAD            |LONDON, ONT.        |   |N6H 5W9|LORETTA                       |519-473-39| | 0.00|1|INFO@GORDONSGOLD.CA
GOR230|*S. D. GORDON JLRS. LTD.      |13 SECOND STREET W.           |                              |CORNWALL, ONT.      |   |K6J 1G3|STUART GORDON                 |613-932-87| | 0.00|1|sdgordon@cogeco.ca
GOR275|G F J.     (AA)   (X)         |928 INEZ CRES.                |                              |PRINCE GEORGE,BC.   |   |V2M 5A4|GORDON SMITH                  |250-563-61| | 0.00|1|
GRA218|*GRAHAM LTD.   (CCD)          |261-FIFTH ST.                 |                              |COURTENAY,BC.       |   |V9N 1J5|MELANIE & GREG COULTER        |250-334-45| | 0.00|1|
GRA229|*R. GRANDIS                   |4230 PETROLIA LINE            |P.O. BOX 460                  |PETROLIA, ONT.      |   |N0N 1R0|REG GRANDIS                   |519-882-13| | 0.00|1|
GRE170|THE GREAT CANADIAN KIT SHOP   |883563 AB LTD.                |15 HERITAGE WAY               |ST ALBERT, AB       |   |T8N 5W4|CHRIS PECKOVER  MIKE PRYMYCH  |780-720-48| | 0.00|1|peckover@shaw.ca
HAG224|*HAGERSVILLE JLRS. LTD.       |11 MAIN ST. N.                |PO BOX 208                    |HAGERSVILLE, ONT.   |   |N0A 1H0|JANICE & JOHN LUTTJEHUIZEN    |905-768-33| | 0.00|1|
HAG300|*HAGEMANN JEWELLERS           |3119 - 30TH AVENUE            |                              |VERNON, B.C.        |   |V1T 2C4|RAINER HAGEMANN               |250-545-15| | 0.00|1|
HAL210|*A M HALL JLRS LTD.           |478 MCCALLUM STREET           |                              |KINGSTON,ON.        |   |K7K 7L9|LARRY & HEATHER HALL          |905-372-32| | 0.00|1|
HAL225|A. HALMO JLRS. LTD.  (A)      |1357 RENDEZVOUS DRIVE         |                              |WINDSOR,ON.         |   |N8P 1K7|CYRIL HALMO (ACCTS VICKI HALMO|519-254-32| | 0.00|1|info@halmojewellers.ca
HAL226|*R. H. J.  (CC)               |140 QUEENSWAY E               |                              |SIMCOE, ON          |   |N3Y 4Y7|MARK & CHERYL HALMO           |519-426-39| | 0.00|1|rhj@kwic.com
HAL270|THE VAULT                     |DIAMONDS IN MILTON            |227 MAIN ST. E.               |MILTON, ON.         |   |L9T 1N9|MIKE MANGOTICH                |905-875-29| | 0.00|1|
HAM237|HAMILTON CLOCK                |49 GREENWAY CIRCLE            |                              |BRIGHTON,ON.        |   |K0K 1H0| CATHERINE HAMILTON           |519-986-21| | 0.00|1|hamiltons007@gmail.com
HAM267|*HAMMOND JEWELLERS  A157  **  |20832 LOUGHEED HWY.           |                              |MAPLE RIDGE, B.C.   |   |V2X 2R3|DOUG  DAVEY                   |604-467-68| | 0.00|1|hammondjewellers@telus.net
HAR225|HARBOUR GIFTS                 |1140 ROUTE 776, UNIT 1        |                              |GRAND MANON, N.B.   |   |E5G 4E8|VERNE HORSMAN                 |506-662-31| | 0.00|1|
HAR232|*HARDEN'S JLRS. LTD. **       |300 EAGLESON RD.              |                              |KANATA, ONT.        |   |K2M 1C9|BRENT HARDEN                  |613-592-19| | 0.00|1|
HAR243|*HARLING'S B. C. LTD.         |UNITED KINGDOM BUILDING       |SUITE 256 - 409 GRANVILLE ST. |VANCOUVER, B.C.     |   |V6C 1T2|LESLIE HAYCOCK                |604-687-19| | 0.00|1|CHRISTIAN@HARLINGS.COM
HAR259|*HARMONY HOUSE JLRS LTD.      |157 QUEEN STREET              |                              |DUNNVILLE, ONT.     |   |N1A 1H6|KEVIN LINCOLN - MGR           |905-774-40| | 0.00|1|
HAR261|*HARMONY HOUSE                |37 MAIN ST. W.                |                              |GRIMSBY, ONT.       |   |L3M 1R3|BERT LINCOLN/ LINDA IN ACCTS  |905-945-44| | 0.00|1|
HAR265|HARMONY FINE JEWELLERS        |446 BRANT STREET              |                              |BURLINGTON,ON.      |   |L7R 2G4|                              |905-932-67| | 0.00|1|
HAR275|*J.P. HARRIS   A20   **       |123 KING ST. E.               |P.O. BOX 115                  |BURFORD, ONTARIO    |   |NOE 1A0|PAUL HARRIS                   |519-449-29|O| 0.00|1|
HAR285|HARRIS & WICK LTD.  (A)       |171 - 3RD AVE. EAST           |                              |PRINCE RUPERT, B.C. |   |V8J 1K4|DAN HARRIS & BRIAN WICK       |250-627-70| | 0.00|1|
HAR301|*R.A. HARTMAN LTD.            |31 ARTHUR STREET              |                              |ELMIRA, ONT.        |   |N3B 2M4|STEPHEN T. MEYER              |519-669-33| | 0.00|1|
HAR311|*NORMAN HARVEY LTD.           |110 MAIN ST.E.                |                              |NORTH BAY, ONT.     |   |P1B 1A8|GERRY BENTLEY                 |705-474-20| | 0.00|1|
HEA125|HEART AND SOUL BALANCE        |BOX 310                       |18 DENNIS ST. EAST            |GLADSTONE,MB        |   |R0J 0T0|KYNDA POLLARD                 |204-385-24| | 0.00|1|heartandsoulbalance@gmail.com
HEA130|*CROWLEY'S HEART TO HEART-SIGN|1692 MURPHY ROAD, UNIT 3      |                              |SARNIA, ONT.        |   |N7S 2Z3|MR. DANA CROWLEY              |519-542-15| | 0.00|1|crowleysheart1@gmail.com
HEF150|HEFFERMAN'S LTD.              |245-2 THE BOARDWALK           |                              |WATERLOO, ONT.      |   |N2T 0A6|JIM HEFFERMAN                 |519-885-44| | 0.00|1|melmcintyre1001@gmail.com
HEI200|*DANIEL M. HEINIMANN          |o/a MARCUSS SWISS & CO.       |129 BROADWAY STREET           |TILLSONBURG, ONT.   |   |N4G 3P7|DANIEL M HEINIMANN            |519-842-41| | 0.00|1|daniel.heinimann@gmail.com
HEI257|*HEINRICH JLRS.(SASK)LTD.A140*|CENTRE AT CIRCLE & 8TH MALL   |B510-3310 8TH ST. E.          |SASKATOON, SASK.    |   |S7H 5M3|DENNIS HEINRICH               |306-374-71|O| 0.00|1|HEINRICHSJEWELLERY@SASKEL.NET
HEM249|HEMPEN LTD.                   |220 MAIN ST.S.                |                              |NEWMARKET, ONT.     |   |L3Y 3Z3|THOMAS HEMPEN                 |905-895-61| | 0.00|1|
HEN250|*HENNE'S JLRY.   (A)          |459 N. CHRISTINA ST.          |                              |SARNIA, ONT.        |   |N7T 5W3|MARKUS HENNE                  |519-336-31| | 0.00|1|
HEN260|*KEN HENRICH LTD.             |948 2ND AVE.E                 |                              |OWEN SOUND, ONT.    |   |N4K 2H6|TIM HENRICH                   |519-376-58| | 0.00|1|
HEN264|*RON HENRY JEWELLERS *A21     |19 MAIN STREET EAST           |UNIT 1-5                      |HUNTSVILLE, ON.     |   |P1H 2C6|HEATHER LEONARD               |705-789-37|O| 0.00|1|ronhenryjewellers@vianet.ca
HEP270|ED HEPBURN JEWELLERS          |76 WALTON STREET              |                              |PORT HOPE,ON.       |   |L1A 1N3|ED HEPBURN                    |   -   -  | | 0.00|1|
HER241|HERBIN JEWELLERS LTD. A86 *** |                              |453 MAIN STREET               |WOLFVILLE, N.S.     |   |B4P 1E3|PETER HERBIN                  |902-542-57|O| 0.00|1|admin@herbinjewellers.com
HER358|HERNANI GOLDSMITH INC.        |P.O. BOX 23328                |                              |GRANDE PRAIRIE, ALTA|   |T8V 7G7|HERNANI & GIZELLA QUILALA     |780-538-07| | 0.00|1|
HES243|*HESS JLRS.   A91   **        |150 CHURCHILL BLVD.           |CHURCHILL PLAZA               |SAULT STE MARIE, ONT|.  |P6A 3Z9|RALPH HESS                    |705-946-02|O| 0.00|1|ralphhess@bellnet.ca
HIC250|HICKS JEWELLERS INC.**A196 APR|BOX 2048                      |108 SECOND ST. W.             |BROOKS,ALTA.        |   |T1R 1C7|LINDA HICKS                   |403-362-36|O| 0.00|1|
HIL244|*J D HILL (BRANTFORD) LTD     |429 ST. PAUL AVE.             |                              |BRANTFORD, ONT.     |   |N3R 4N8|JAMES OR LISA HILL            |519-752-17| | 0.00|1|INFO@JDHILLJEWELLERS.COM
HIM265|HIMMELMAN'S LTD.              |o/a HIMMELMAN'S TROPHIES GIFTS|236 LINCOLN ST, BOX 279       |LUNENBURG, N.S.     |   |B0J 2C0|PAUL R SMITH                  |902-634-88| | 0.00|1|
HOG200|HOGAN DIAMOND JEWELLERS       |314 INGLEWOOD DRIVE           |                              |FREDERICTON,NB.     |   |E3B 2K6|BERNIE HOGAN                  |506-459-12| | 0.00|1|BERNIEHOGAN2004@YAHOO.CA
HOO250|*HOOPER'S LTD.  A23   **      |39 KING STREET W.             |                              |BOWMANVILLE, ONTARIO|   |L1C 1R2|RON HOOPER                    |905-623-57|O| 0.00|1|ronhooper@bellnet.ca
HOP239|HOPE JEWELLERS                |49 MAIN ST. SOUTH             |P.O. BOX 1629                 |ALEXANDRIA, ONT.    |   |K0C 1A0|A WALLACE HOPE                |613-525-23| | 0.00|1|
HOP259|*R.A. HOPPER                  |BOX 88                        |94  GERRISH ST.               |WINDSOR, NOVA SCOTIA|   |B0N 2TO|BOB HOPPER                    |902-798-28| | 0.00|1|
HOU297|*HOUSE OF TREASURES  (CC)     |P.O. BOX 1230                 |                              |VALLEYVIEW, ALTA.   |   |T0H 3N0|ANITA PARADIS                 |780-524-26| | 0.00|1|
HOV253|HOVIG GOLDSMITH DESIGNER LTD. |o/a BISHOP'S                  |1598 LONSDALE AVE.            |N VANCOUVER, B.C.   |   |V7M 2J3|HOVIG & SONA KOCHKARIAN       |604-988-47| | 0.00|1|
HUX255|*R.G HUXLEY JLRS. LTD.        |240 RICHMOND ST.              |                              |LONDON, ONT.        |   |N6B 2H6|RON D.HUXLEY                  |519-679-84| | 0.00|1|DEBBIE@RGHUXLEYJEWELLERS.COM
IMA254|*IMAGE JEWELERS LTD.          |9627 - 167th AVE.             |                              |EDMONTON, ALTA.     |   |T5Z 3S3|D'ARCY & GAIL BUJACZEK        |780-475-29| | 0.00|1|
IND220|*INDEPENDENT JLRS SUPER STORE |11248 - 170 STREET            |                              |EDMONTON, ALTA.     |   |T5S 2X1|GERRY GILROY, PRESIDENT       |780-484-63| | 0.00|1|
IND267|*INDEPENDENT  #1   A103   **  |493 NOTRE DAME AVE.           |                              |WINNIPEG, MAN       |   |R3B 1R8|ERNIE   EPP                   |204-774-55|O| 0.00|1|
ING258|*G.T. INGHAM & SONS           |BOX 6017                      |                              |INNISFAIL, ALTA.    |   |T4G 1S7|GARTH INGHAM                  |403-227-30| | 0.00|1|
ING375|*INGLIS JEWELLERS             |202 PROVOST STREET            |                              |NEW GLASGOW, N.S.   |   |B2H 2R3|GREG JOHNSON                  |902-695-99| | 0.00|1|
ING376|*INGLIS                       |620 COVERDALE ROAD            |                              |RIVERVIEW, N.B,     |   |E1B 3K6|PHIL                          |506-386-99| | 0.00|1|
ING378|*INGLIS JEWELLERS INC.        |66 INGLIS PLACE               |                              |TRURO, N.S.         |   |B2N 4B4|PAUL CLARK                    |902-897-99| | 0.00|1|
ING380|INGLIS JEWELLERS INC.         |307 CHARLOTTE ST              |                              |SYDNEY,NS.          |   |B1P 1C6|ANNE TOOLE                    |902-843-99| | 0.00|1|
IRE259|*IRELAND'S JLRY A118** (SIGN) |16-4TH AVENUE                 |IRELANDSJEWELLERY@GMAIL.COM   |SIOUX LOOKOUT, ONT. |   |P8T 1B3|RALPH IRELAND                 |807-737-16|O| 0.00|1|
ISL100|ISLAND JEWELLERS              |712 CONCEPTION BAY HIGHWAY    |                              |CONCEPTION BAY S, NF|   |A1X 3A5|BRADLEY WALSH                 |709-834-75| | 0.00|1|
JAC382|JACQ'Y JAYE'S GIFTS & BEYOND  |224 FRANKLIN ST. S.           |BOX 383                       |OUTLOOK, SASK.      |   |S0L 2N0|JACQ'Y CARLSON                |306-867-86| | 0.00|1|
JAG250|JAGOE'S FINE JEWELLERY LTD.   |SHEDIAC ROAD PLAZA            |120 SHEDIAC RD.  UNIT 125     |MONCTON, N.B.       |   |E1A 2R9|HAROLD JAGOE                  |506-383-46| | 0.00|1|
JAM250|JAMES AND SON JEWELLERY STUDIO|1551 BIRMINGHAM STREET        |                              |HALIFAX,NS          |   |B3J 2J6|KIP JAMES                     |902-425-01| | 0.00|1|jamesandsonjewellery@gmail.com
JAN300|*JANINA'S                     |11502 WESTGATE DRIVE          |UNIT 112                      |GRANDE PRAIRIE,AB   |   |T8V 4E9|JANINA & ANDREI PODOLSKI      |780-539-99| | 0.00|1|
JAR261|*J A R ENTERPRISES            |501 KRUG STREET               |                              |KITCHENER, ONT.     |   |N2B 1L3|JACKIE FOLEY & RON ANDRAZA    |519-742-93| | 0.00|1|
JAS235|THE JASMINE CO LTD.           |207 MAIN STREET NORTH         |                              |DAUPHIN, MAN.       |   |R7N 1C3|KATHY & DUANE KOMARNISKI      |204-638-31| | 0.00|1|
JAS268|JASPER JEWELS                 |794542 ALBERTA LTD.           |P.O. BOX 217, 400 CONNAUGHT DR|JASPER,AB.          |   |TOE 1E0|ANDREE & PHILIPPE PLOURDE     |780-852-30| | 0.00|1|
JAY100|JAY'S                         |BOX 1167                      |                              |FERNIE, B.C.        |   |V0B 1M0|DALE NICHOLSON                |250-423-78| | 0.00|1|
JAY150|*JAYLYN JEWELLERS             |#12 - 2510 BEVAN AVE.         |                              |SIDNEY, B.C.        |   |V8L 1W3|JEROME REILANDER              |250-656-55| | 0.00|1|
JBJ262|MARILYN BIGLOW                |4375 THERESA AVE              |                              |HANMER, ON.         |   |P3P 1M3|MICHAEL BIGELOW (DECEASED)    |705-969-48| | 0.00|1|
JED267|*JEDCO MFG. LTD.              |202,10310 JASPER AVE          |(MELTON BUILDING)             |EDMONTON, ALTA.     |   |T5J 2W4|DALE MARTIN & JERRY McCOY     |780-429-17| | 0.00|1|jedcoltd@telus.net
JEN236|CJMB ENTERPRISES LTD.         |o/a JENN'S PERFECT PRESENTS   |BOX 1689                      |WYNYARD, SASK.      |   |S0A 4T0|BILL & CARLA FREEZE           |306-554-24| | 0.00|1|
JEW228|THE JEWELLER'S BENCH          |#4-312-5th AVE WEST           |                              |COCHRANE, ALTA.     |   |T4C 2E3|AMPHORN & VEASANA UY          |403-932-28| | 0.00|1|
JEW260|*JEWELLERY BY SANDERS  A85  **|403 KING STREET WEST          |                              |OSHAWA, ONTARIO     |   |L1J 2K4|JOE & SONJA SANDERS           |905-433-09|O| 0.00|1|joethejeweller@bellnet.ca
JEW265|THE JEWELLERY BOX CLOSED!     |382 MAIN ST. S.               |BOX 185                       |EXETER, ONT.        |   |N0M 1S6|MARY HULLEY                   |519-235-45| | 0.00|1|
JEW271|*JLRY.BOX & GIFTWARE          |BOX 1599                      |10314-100 STREET              |FAIRVIEW, ,ALTA.    |   |T0H 1L0|JACKIE DOLL                   |780-835-51| | 0.00|1|
JEW273|JEWELRY CLASSIQUE             |204 CENTRE ST.                |                              |MEADOW LAKE,SK.     |   |S9X 1L6|RHONDA & CLAY COWAN           |306-236-43| | 0.00|1|jewelclass@sasktel.net
JEW274|JEWELLERY CONNECTION INC.     |#7 FRONTIER MALL              |                              |NORTH BATTLEFORD, SK|   |S9A 3G8|DAVID ODISHAW                 |306-445-38| | 0.00|1|
JEW278|JEWELLERY PLUS                |246 WATER STREET              |                              |SUMMERSIDE, P.E.I.  |   |C1N 1B3|PHILLIP SULLIVAN              |902-888-25| | 0.00|1|ACCOUNTING@JEWELLERYPLUS.COM
JEW330|*THE JEWEL BOX                |94 KING ST. W.                |                              |BROCKVILLE, ONT.    |   |K6V 5V7|BILL JENKINSON & KENT GILDER  |613-345-51| | 0.00|1|thejewelbox@cogeco.net
JEW333|*THE JEWEL BOX                |17 GOVERNMENT RD. W.          |                              |KIRKLAND LAKE, ONT. |   |P2N 2E3|KATHRYN OR JANET BARNES       |705-567-41| | 0.00|1|
JEW338|*JEWEL BOX LTD.               | 340 GILMOUR ST.              |                              |OROMOCTO, N.B.      |   |E2V 1E6|JOHN & ANN RITCHIE            |506-357-64| | 0.00|1|
JEW350|JEWELS OF JARVIS              |123 TALBOT ST. EAST           |                              |JARVIS, ONT.        |   |N0A 1J0|LINDA MILLER                  |519-587-42| | 0.00|1|
JEW370|*JEWELS ON NINTH              |539 FORREST CROWNE DRIVE      |KIMBERLEY, BC                 |                    |   |V1A 0A4|HEATHER/BRIAN MASICH          |250-489-57| | 0.00|1|
JEW450|THE JEWELLERY FACTORY INC.    |558 -10TH AVE.                |                              |REGINA, SASK.       |   |S4N 5P2|GINA & TONY SIWIC             |306-522-39| | 0.00|1|
JEW495|*JEWELLERY PLUS 1994 LTD.     |PO BOX 949                    |153 CONCEPTION BAY HWY        |BAY ROBERTS, NL     |   |A0A 2X0|SHARON CROCKER,               |709-786-68| | 0.00|1|
JOC272|JOCK'S                        |BOX 1000                      |                              |WADENA, SASK.       |   |S0A 4J0|KAY MATTHEWS                  |306-338-32| | 0.00|1|
JOE275|*JOELLA'S JEWELLERY & GIFTS   |113 HOLLAND ST. W.            |P.O. BOX 40  "STATION MAIN"   |BRADFORD, ONT.      |   |L3Z 2A7|ROSEMARY MORE (OWNER)         |905-775-23| | 0.00|1|
JOH283|JOHN'S                        |                              |10603 105 STREET              |WESTLOCK, AB.       |   |T7P 1M4|MARJORIE STERLING MILLER      |780-349-06| | 0.00|1|gold24@telusplanet.net
JOH288|*JOHNSON'S TV & GIFTS (A)     |P.O. BOX 1269                 |116 6TH AVENUE                |COCHRANE, ONTARIO   |   |P0L 1C0|MARC JOHNSON & ALICE JOHNSON  |705-271-60| | 0.00|1|
JOH295|*JOHNSON LTD.** (A163)        |157 KENT ST. WEST             |                              |LINDSAY, ON         |   |K9V 2Y5|JOHN & JANET GENNARO          |705-324-52|O| 0.00|1|JJGENNARO@SYMPATICA.CA
JOH323|*DON JOHNSON JLRS.LTD.        |30024 HILLSIDE RD.            |                              |COOKS CREEK, MB     |   |R5M 0B4|DON JOHNSON                   |204-679-24| | 0.00|1|djj@mts.net
JON120|*JONATHAN'S GOLD & DIAS. A114 |#132,11801-100 ST             |GRANDE PRAIRIE MALL           |GRANDE PRAIRIE ALTA.|   |T8V 3Y2|ORM OR PARKER SHULTZ          |780-532-71|O| 0.00|1|
JOS199|*JOSE DESIGNS                 |SUITE 3, 1920 - 152ND STREET  |                              |SOUTH SURREY, BC.   |   |V4A 4N6|JOSE LATCHINIAN               |604-541-15| | 0.00|1|bal@joseandco.ca
JOY288|*JOY GIFTS LTD.  A24   **     |9 KELTIC DR.                  |                              |SYDNEY, N.S.        |   |B1S 1P4|GLEN TUTTY                    |902-539-11|O| 0.00|1|joygift@ns.sympatico.ca
JSJ269|*J S JEWELLERY 2002 LTD.      |BOX 4161                      |5032A - 50th STREET           |BARRHEAD, ALTA.     |   |T7N 1A2|CELESTE STOIK &  WILLA ADAMS  |780-674-50| | 0.00|1|
JUB158|*JUBILEE JLRS #005 **(SIGN)   |ST LAURENT S/C, BOX 86        |527-1200 ST LAURENT BLVD      |OTTAWA, ONT.        |   |K1K 3B8|MR HAIDER CHARANIA            |613-747-17| | 0.00|1|
JUS101|G & P GOLDSMITHS/ JUST SILVER |ATTN:  GAYLE HOWLETT          |519 WESTMORLAND ROAD          |SAINT JOHN,  N.B.   |   |E2J 3W9|GAYLE HOWLETT                 |506-642-37| | 0.00|1|
KAN275|KANAKA DIAMOND & GOLD INC.    |#5 - 20691 LOUGHEED HWY       |                              |MAPLE RIDGE, BC     |   |V2X 2P9|TARA BLOKZYL                  |604-465-37| | 0.00|1|
KAR285|KARAT JEWELLERS               |285 GENEVA STREET             |FAIRVIEW MALL                 |ST CATHERINES,ON.   |   |L2N 2G1|                              |905-646-62| | 0.00|1|
KAS090|*KASSIE'S JEWELLERY           |BOX 1384                      |630 MAIN STREET               |MOOSOMIN,SASK.      |   |S0G 3N0|MICHELLE SHAW, OWNER          |306-435-29| | 0.00|1|
KAV100|KAVAR                         |9 JERONE PARK DRIVE           |                              |DUNDAS, ON.         |   |L9H 6G9|JACQUES KONIALIAN             |   -   -  | | 0.00|1|jkonialian@hotmail.com
KEI053|KEIGHLEY'S LTD.               |201 COLBORNE ST.              |                              |BRANTFORD, ONT.     |   |N3T 2G8|BILL KEIGHLEY, JANICE SULLIVAN|519-753-06| | 0.00|1|
KEL245|*KELLER'S LTD.      (AA)      |7180 LANTZVILLE RD.           |BOX 334                       |LANTZVILLE, B.C.    |   |V0R 2H0|JOE KELLER                    |250-390-90| | 0.00|1|
KEN240|*KEN'S LTD.                   |PINE CENTRE MALL              |BOX 22052                     |PRINCE GEORGE, B.C. |   |V2N 2S0|KENNETH FISHER                |250-564-40| | 0.00|1|HAYLEY@KENSGOLDSMITHING.COM
KEN287|KENT LTD                      |25 UNIT 119 CARTIER BLVD.     |                              |RICHIBUCTO, N.B.    |   |E4W 3W7|DORCA PELLERIN                |506-523-97| | 0.00|1|
KIM201|KIMBERLEY JEWELLERY APPRAISAL |303 BAGOT ST., SUITE 5B       |                              |KINGSTON, ONT       |   |K7K 5W7|FLORENCE KIMBERLEY            |613-546-22| | 0.00|1|
KIN298|*KING'S FINE JLRY LTD         |510 3850 SHERWOOD DRIVE       |                              |SHERWOOD PARK,AB    |   |T8H 0Z9|BRIAN NELSON                  |780-438-55| | 0.00|1|
KIN299|KING'S FINE JLRY LTD. (CORP)  |510 3850 SHERWOOD DRIVE       |                              |SHERWOOD PARK,AB    |   |T8H 0Z9|GLENDA                        |780-438-55| | 0.00|1|
KNA183|KNAPPETT JEWELLERS *** A193   |219 MAIN ST. S.               |                              |NEWMARKET, ON.      |   |L3Y 3Y9|PAUL KNAPPETT                 |905-895-80|O| 0.00|1|paulknappett@gmail.com
KNA292|*KNAR                         |56 WYNDHAM STREET N.          |                              |GUELPH, ONT.        |   |N1H 4E6|GREG BUZBUZIAN                |519-821-26| | 0.00|1|GREG.B@KNAR.COM
KNA293|*KNAR LTD     (WATERLOO)      |56 ST. GEORGE SQUARE          |                              |GUELPH, ONTARIO     |   |N1H 4E6|JEFF BUZBUZIAN                |519-888-92| | 0.00|1|
KOR394|*KORSTEN LTD.  A25 ** SIGN    |163 BROADWAY                  |                              |ORANGEVILLE, ONTARIO|   |L9W 1K2|PAUL & CHRISTINE KORSTEN      |519-941-17|O| 0.00|1|KORSTENJEWELLERS@GMAIL.COM
KPK100|K P K GOLDSMITH INC(CC)       |WOODGROVE CENTRE              |150 - 6631 N. ISLAND HIGHWAY  |NANAIMO, B.C.       |   |V9T 4T7|KEN KULIASA                   |250-390-41| | 0.00|1|
KRA300|*H M KRAUSE JLRS.             |3016  30TH AVE                |                              |VERNON,BC           |   |V1T 2B9|HARRY/MAUREEN KRAUSE          |250-542-19| | 0.00|1|
KRI296|STAR-SET JEWELLERS            |754487 ONTARIO INC.           |125 JOHN ST. N.               |ARNPRIOR, ONT.      |   |K7S 2N5|DAVID FREW                    |613-623-53| | 0.00|1|
KSS305|K. S. SIRENS     (X)          |1978 WINDSOR ROAD             |                              |KELOWNA, B.C.       |   |V1Y 4R5|SELINA STEPHENS               |250-712-11| | 0.00|1|
KUR250|*KURTIS SALES LTD.            |151 FROBISHER DR              |UNIT C-212, BOX 15            |WATERLOO, ONT.      |   |N2V 2C9|KURT HORNUNG                  |519-747-49| | 0.00|1|
KUT305|KUT 'N' KURL (JAVAL)          |636 COMP.#14                  |                              |LAC LA BICHE, ALTA. |   |T0A 2C2|VAL BOUCHARD                  |780-623-45| | 0.00|1|
LAG250|*L A GOLD     A105     **     |BOX 119                       |3-655 MAIN ST                 |WINKLER, MB         |   |R6W 4A4|DENNIS KEHLER                 |204-325-52|O| 0.00|1|
LAG260|L & A GOLDSMITHS              |108 ELLEN ST.                 |                              |MIRAMICHI,NB.       |   |E1V 2N1|LORI MURRAY                   |506-251-46| | 0.00|1|lagoldsmith24k@outlook.com
LAI299|*MR. VICTOR LAIR              |238 DURHAM ST. E.             |BOX 1270                      |WALKERTON, ONT.     |   |N0G 2V0|VICTOR LAIR                   |519-881-17| | 0.00|1|
LAN047|LANCE BABCOCK INVESTMENTS LTD |o/a LANCE'S JEWELLERS         |52 LONDON DRIVE               |CHATHAM,ONT.        |   |N7L 5J1|LANCE BABCOCK                 |519-351-10| | 0.00|1|TIKI@SYMPATICO.CA
LAN305|LANKA JLRS.    ** A169        |STE 346 - 32555 LONDON AVE.   |                              |MISSION, B.C.       |   |V2V 6M7|KEN LANKA SELVARAJA           |604-826-57|O| 0.00|1|ken@lankajewels.ca
LAR300|LARRY'S JEWELLERY             |205 MAIN ST. SOUTH            |                              |KENORA, ON.         |   |P9N 1T3|LARRY & LAURIE MALBRANCK      |807-468-23| | 0.00|1|
LAR350|*L'ARTISON BIJOUTIER          |300 BOUL. DES ACADIENS        |                              |BERTRAND, N.B.      |   |E1W 1C6|RENE BERUBE                   |506-764-30| | 0.00|1|
LAU302|*LAUENER BROS.                |1355 CEDAR ST.                |                              |TRAIL, B.C.         |   |V1R 4C3|                              |250-368-95| | 0.00|1|
LAU305|LAURA TEDESCO JEWELLERY (SIGN)|195 LOCKE ST. SOUTH #1        |                              |HAMILTON,ON.        |   |L8P 4B5|LAURA TEDESCO                 |905-528-44| | 0.00|1|laura@lauratedesco.com
LAW490|*LAWLOR JEWELRY  A142   **    |4710-50TH STREET,  BAY 1      |                              |STETTLER, ALTA.     |   |T0C 2L0|GORD OR SHARON LAWLOR         |403-742-56|O| 0.00|1|
LEB300|*Bill Le Boeuf   A27   **     |52 DUNLOP STREET W            |P.O. BOX 267                  |BARRIE, ONTARIO     |   |L4M 4T4|ADAM LEBOEUF                  |705-728-33|O| 0.00|1|
LED306|*BIJ. LEDUC INC. (A)          |144-A, AVENUE PRINCIPALE      |                              |ROUYN-NORANDA, QUE. |   |J9X 4P5|YVON  LEDUC                   |819-762-54| | 0.00|1|
LED310|LEDUC GOLDSMITH  **           |4705 50TH AVE.                |                              |LEDUC,AB.           |   |T9E 6Y5|RANDY & KEVIN SZOTT           |780-986-85|O| 0.00|1|rndszott@shaw.ca
LES301|*LESSER BROS. LTD.            |146 THAMES STREET SOUTH       |                              |INGERSOLL, ONT.     |   |N5C 2T4|GORDON OR FRANK LESSER        |519-485-21| | 0.00|1|lesserjewellers@gmail.com
LEW315|LLOYD LEWIS                   |93 LEMOINE ST.                |                              |BELLEVILLE, ON.     |   |K8P 4G8|LLOYD AND JANICE LEWIS        |613-969-88| | 0.00|1|
LLO348|*LLOYD'S JLRS. LTD.           |BOX 310                       |606 MAIN ST.                  |SWAN RIVER, MAN.    |   |R0L 1Z0|SCOTT SWAIKO                  |204-734-29| | 0.00|1|lloydsjewellersltd@mts.net
LOC110|ODYSSEY PARK LTD              |14 NORFOLK COUNTY RD 13       |COURTLAND, ON                 |                    |N0J| 1E0   |BRAD LOCKHART                 |519-550-56| | 0.00|1|
LOG100|LOGOWORKS                     |342 NEPTUNE CRESCENT          |                              |LONDON,ON.          |   |N6M 1A1|JOHN OR STEPHANIE             |866-465-83| | 0.00|1|
LON332|LONDON LTD.                   |309 CHARLOTTE ST.             |                              |SYDNEY, N.S.        |   |B1P 1C6|RAY JOHNSTON                  |902-539-54| | 0.00|1|
LUC325|LUCIA'S GEMS & GIFTS          |BOX 718                       |612 CONNAUGHT DR.             |JASPER,AB           |   |T0E 1E0|VERA FORABOSCO                |780-852-39| | 0.00|1|
LUC328|*LUCY'S                       |1865 PARIS ST.  UNIT B        |                              |SUDBURY, ONT.       |   |P3E 3C5|LUCY                          |705-522-56| | 0.00|1|
LUN330|*LUNDING'S                    |BOX 1748                      |                              |SWAN RIVER, MAN.    |   |R0L 1Z0|PER & SHARON LUNDING          |204-734-20| | 0.00|1|
LYO320|*LYON'S JEWELLERY             |5017 - 50TH AVE.              |                              |PONOKA, ALTA.       |   |T4J 1R7|FRANK FARKAS (DALES OF E'TON) |780-425-02| | 0.00|1|
M&R327|CLOSED BUSINESS SOLD M&R330   |37A MEREDITH ST.              |                              |GORE BAY, ONT.      |   |P0P 1H0|JIM & JOE WOODS               |705-282-22| | 0.00|1|
M&R330|M AND R JEWELRY               |48B MEREDITH ST.              |P.O. BOX 197                  |GORE BAY,ON.        |   |P0P 1H0|CAROL & KEN WORSLEY           |705-282-22| | 0.00|1|MRJEWELRY21@GMAIL.COM
MAD001|KEN MADDEN                    |40 HAMBLY ROAD                |                              |NAPANEE,ON.         |   |K7R 3K8|                              |   -   -  | | 0.00|1|
MAD328|*MADDOCKS-MYERS LTD.          |240 GRAND AVE EAST            |                              |CHATHAM, ONT.       |   |N7L 4K1|HELEN & DENNIS MYERS          |519-436-09| | 0.00|1|maddocksmyers1@gmail.com
MAR118|PAUL MARA & CO.               |619 FORT ST.                  |                              |VICTORIA, B.C.      |   |V8W 1G1|MARCIA & DOUGLAS MARA  ROBERT |250-475-14| | 0.00|1|marsha@paulmarajewellers.com
MAR363|*MARKOR JEWELLERS   A73 **    |544 RUE ST. PHILLIPE          |                              |ALFRED, ONTARIO     |   |K0B 1A0|MICHEL LALONDE                |613-679-28|O| 0.00|1|bijouteriemarkor@hotmail.com
MAR364|*MARKWART LTD. A182           |BOX 579                       |1111-100TH STREET             |TISDALE, SASK.      |   |S0E 1T0|KIM MARKWART                  |306-873-24|O| 0.00|1|MARKWARTJEWELLERS@SASKTEL.NET
MAR367|*MARKWART #2                  |ATTN: BROTHERS JLRY LTD.      |BOX 579    #3 HWY.TISDALE MALL|TISDALE, SASK.      |   |S0E 1T0|TRENT & KIM MARKWART          |306-873-40|O| 0.00|1|
MAR369|                              |                              |                              |                    |   |       |                              |   -   -  | | 0.00|1|
MAR383|MARQUIS GIFTS                 |145 2ND AVE. WEST             |                              |QUALICUM BEACH, B.C.|   |V9K 2R8|                              |250-752-02| | 0.00|1|
MAR385|STEVE MARSHMAN FINE JEWELLERY |6835 HWY. 62 NORTH            |SOMMERVILLE CENTRE            |BELLEVILLE,ON.      |   |K8N 4Z5|STEVE & AMY MARSHMAN          |613-779-12| | 0.00|1|STEPHENMARSHMAN@HOTMAIL.COM
MAR386|MARTIAL ARTS CANADA           |KEN ANDREWS                   |                              |                    |   |       |                              |519-983-38| | 0.00|1|
MAR388|*KEVIN MARTIN INC.  (A)       |37 KING ST. WEST              |                              |DUNDAS, ONT.        |   |L9H 1B7|KEVIN MARTIN                  |905-628-83| | 0.00|1|JEWELERMAN101@GMAIL.COM
MAR390|MARSH AND SON JEWELLERY       |0367226 BC LTD                |3392 NORWELL DRIVE            |NANAIMO,BC          |   |V9T 3Y7|RITA TAYLOR                   |250-585-16| | 0.00|1|
MAR394|*MARTIN'S JEWEL & GIFT SHOP   |176 KING ST. W.               |                              |DUNDAS, ONT.        |   |L9H 1V4|MICHELLE EDWARDS              |905-627-17| | 0.00|1|
MAR404|*RINO MARTIN JLRS.            |116-A rue de l'eglise         |                              |EDMUNDSTON, N.B.    |   |E3V 1J8|ROMEO MARTIN, OWNER           |506-735-52| | 0.00|1|BIJOUTERIERINOMARTIN@GMAIL.COM
MAT338|MATTAWA                       |BOX 980                       |313 MAIN ST.                  |MATTAWA, ONT.       |   |P0H 1V0|CLERMONT DUVAL, OWNER         |705-744-53| | 0.00|1|
MAU340|MAURITIAN JLRS.               |366 MAIN STREET               |TOWN PLAZA                    |SELKIRK, MB         |   |R1A 1T6|J R CURPEN                    |204-482-38| | 0.00|1|
MAY220|LEN MAYCOCK CORP & ENGR       |32 - 2951 CRAIGOWEN ROAD      |                              |VICTORIA, B.C.      |   |V9B 1N1|MRS WILLIE MAYCOCK, OWNER     |250-595-81| | 0.00|1|
MAY359|MARLENE'S MAYHEW JEWELLERS    |BOX 94                        |11 DUNDAS ST. E.              |NAPANEE, ONT.       |   |K7R 3L4|MARLENE SWEET                 |613-354-39| | 0.00|1|marlenealoe@live.ca
MAY369|*X.P. MAYHEW JLRS.  (SIGN)    |97 MAIN ST.                   |UNIT 3 MODULE 1 COMP 4        |PICTON, ONT.        |   |K0K 2T0|MR X P MAYHEW                 |613-476-34| | 0.00|1|mayhewjewellers@gmail.com
MCC394|*McCULLOUGH LTD.              |5 COLETTE DRIVE               |                              |WHITBY, ONT.        |   |L1N 6G6|JAYNE & BARRY DAVIS           |905-432-62| | 0.00|1|mcculloughjewellers@sympatico.ca
MCG268|*McGRATH LTD.  A156 **        |3129 PORTAGE AVENUE           |                              |WINNIPEG, MAN.      |   |R3K 0W4|AL McGRATH                    |204-669-66| | 0.00|1|al.mcgrathdiamonds@shawbiz.ca
MCI367|433010 ONTARIO LTD.           |o/a McINTYRE TWO              |238 MAIN STREET               |PARKHILL, ONT.      |   |N0M 2K0|VATSALA PATEL                 |519-294-63| | 0.00|1|
MCM362|MC MISC.  (X)                 |                              |                              |                      |   |       |                              |   -   -  | | 0.00|1|
MCM404|*McMICHAEL JEWELLERS          |58 HASTINGS STREET NORTH      |BOX 936                       |BANCROFT, ONT.      |   |K0L 1C0|MATT & CATHY McMICHAEL        |613-332-22| | 0.00|1|mcmichaeljewellers@hotmail.com
MEL340|*MELLE LTD.                   |1223 4TH STR.                 |                              |ESTEVAN, SASK.      |   |S4A 0W8|TERRANCE MELLE (OWNER)        |306-637-40| | 0.00|1|
MEL360|*R K MELOCHE SALES INC.       |54 CHALET COURT               |                              |LONDON, ON.         |   |N6K 3C7|RICHARD & CAROL MELOCHE       |519-657-99| | 0.00|1|
MER351|*MERESKI LTD.   *A61   **     |P.O. BOX 10                   |227-24TH STREET               |FORT McLEOD, ALTA.  |   |T0L 0Z0|KAREN CHRISTIE                |403-553-25|O| 0.00|1|
MET485|METZGER STUDIO                |76 DUNLOP ST. E.              |                              |BARRIE, ONTARIO     |   |L4M 1A4|BEVERLY AND MICHAEL METZGER   |705-722-37| | 0.00|1|
MIC218|MICHAEL VIOLETTE ENT. LTD.    |3102 EDGEMONT BLVD.           |                              |NORTH VANCOUVER, BC |   |V7R 2N6|SHERRY VIOLETTE               |604-983-32| | 0.00|1|
MIC341|ISLAND JEWELLERS              |o/a MICHAEL'S                 |712 CONCEPTION BAY HWY        |CONCEPTION BAY S, NF|   |A1X 3A5|MIKE WALSH                    |709-834-75|O| 0.00|1|michaelsjewelry@nf.aibn.com
MIC342|*MICHAEL'S JLRS.              |141 - 1600 15TH AVE.          |                              |PRINCE GEORGE, B.C. |   |V2L 3X3|MIKE OR CAREN TOBIN           |250-564-17| | 0.00|1|
MIK358|*MIKE HAMM JEWELLERY REPAIR   |o/a MIKE'S JEWELLERY REPAIR   |98 MAIN ST. WEST              |SAINT JOHN, N.B.    |   |E2M 3N3|MIKE HAMM                     |506-672-43| | 0.00|1|mikesjewellery@bellaliant.com
MIN360|*MINI ACCESSORIES             |161 LOCHIEL STREET            |                              |SARNIA, ON.         |   |N7T 4C3|PAUL MAMECK                   |519-336-97| | 0.00|1|
MIN365|MINICHIELLO                   |#405 - 470 GRANVILLE ST.      |THE ROGERS BUILDING           |VANCOUVER, B.C.     |   |V6C 1V5|? MINICHIELLO                 |604-685-44| | 0.00|1|
MIT358|*M & J                        |#2, 4910-45 STREET            |                              |RED DEER, ALTA.     |   |T4N 1K6|SEAN & GRANADA ROBINSON       |403-346-25| | 0.00|1|
MIT368|MITTON'S JEWELLERS            |BOX 567                       |10 MAIN ST. E.                |RIDGETOWN, ONT.     |   |N0P 2C0|CRAIG MITTON                  |519-674-55| | 0.00|1|mittons.jewellers@gmail.com
MOA350|GRANT MOASE JLRS.             |233 WATER STREET              |                              |SUMMERSIDE, P.E.I.  |   |C1N 1B4|GRANT MOASE                   |902-436-38| | 0.00|1|
MOK100|MOKADA JEWELLERY DESIGN STUDIO|1-530 WATERFRONT DRIVE        |                              |WINNIPEG, MAN.      |   |R3B 0N4|MONA STOTT, DANIELLE STOTT    |204-415-52| | 0.00|1|mona@mokada.ca
MON095|*MONK'S LTD.                  |3370 DRINKWATER ROAD          |                              |DUNCAN,BC.          |   |V9L 5Z2|RON & JACKIE MONK             |250-474-35| | 0.00|1|monksjewellers@shawbiz.ca
MOR384|MORIN INC.  (CC)              |BOX 1655                      |4764-10,  R.R.#15             |CHELMSFORD, ONT.    |   |P0M 1L0|MICHELINE MORIN               |705-855-52| | 0.00|1|
MOR414|STEWART MORRISON              |12309 TALBOT TRAIL            |                              |MORPETH,ON.         |   |N0P 1X0|STEWART MORRISON              |519-401-43| | 0.00|1|
MOS095|MOSAIC GOLD & DIAMONDS PR-1320|BOX 159, #510 CORNERSTONE     |                              |SLAVE LAKE, ALTA.   |   |T0G 2A0|MICHELLE MARTIN-SLAVE LAKE JLR|780-849-59| | 0.00|1|
MOS175|*BEN MOSS (HEAD OFFICE)       |300 - 201 PORTAGE AVE.        |                              |WINNIPEG, MAN.      |   |R3B 3K6|BRENT TREPEL, PRESIDENT       |204-947-66| | 0.00|1|
MOS177|BEN MOSS STORE # 34           |STE 210A - 6455 MCLEOD TR.S.W.|CHINOOK CENTRE                |CALGARY,AB.         |   |T2H 0K8|                              |403-253-93| | 0.00|1|
MTJ100|MT JEWELLERS & GOLDSMITHS LTD.|875 HIGHLAND ROAD WEST,UNIT 38|                              |KITCHENER,ON.       |   |N2N 2Y2|THUC LAM                      |519-578-80| | 0.00|1|
MUR153|MURDOCH'S                     |#340 - 15850 26 AVENUE        |                              |SURREY, BC          |   |V3Z 2N6|AMANDA MURDOCH                |604-536-43| | 0.00|1|
MUR155|35887 YUKON INC.              |MURDOCH'S                     |PO BOX  31822,207 MAIN ST.    |WHITEHORSE, YT      |   |Y1A 6L3|SHERRY LINDLEY                |867-667-26| | 0.00|1|
MUR170|*P.D. MURPHY LTD. #98         |                              |9 MISSISSAGA ST.E             |ORILLIA, ONT.       |   |L3V 6H9|JOHN(OWNER) ARLENE (ACCOUNTS) |705-326-96| | 0.00|1|
MUR172|*P.D. MURPHY LTD. #95         |30 MANITOBA ST.               |                              |BRACEBRIDGE, ONT.   |   |P1L 1S1|                              |705-645-21| | 0.00|1|
MUR176|*P.D. MURPHY LTD. #93         |26 JAMES STREET               |                              |PARRY SOUND, ONTARIO|   |P2A 2X2| PHILLIP OR JOHN MURPHY       |705-746-94| | 0.00|1|
MUR178|*P D MURPHY #92               |531 BRYNE DRIVE, UNIT B1      |                              |BARRIE, ONT.        |   |L4N 9Y3|                              |705-719-14| | 0.00|1|
MUS190|*DANIEL A MUSCAT ENTERPRISES  |O/A MUSCAT JLRS.              |721 TALBOT ST.                |ST. THOMAS, ONT.    |   |N5P 1E1|DAN MUSCAT                    |519-631-36| | 0.00|1|
NAD366|*NADON STORE LTD.  A33   **   |MODEL CITY MALL               |                              |KAPUSKASING , ONT.  |   |P5N 2E9|JOE NADON                     |705-335-39|O| 0.00|1|chiefs77@hotmail.ca
NAM100|THE NAME TREE                 |1058554 ONTARIO LTD.          |232 SILVERBIRCH BLVD.         |MT HOPE, ON         |   |L0R 1W0|SHARON LOOTSMA                |289-407-23| | 0.00|1|thenametree@gmail.com
NAS370|NASH JEWELLERS A181 **        |655 WONDERLAND ROAD NORTH     |                              |LONDON, ONT.        |   |N6H 0J5|JOHN NASH                     |519-663-11|O| 0.00|1|colin@nashjewellers.com
NAS380|*NASSELQUIST                  |400-29 MAIN STREET, SUITE A   |                              |FLIN FLON, MN.      |   |R8A 1J5|TREASURE DANELIUK             |204-687-46| | 0.00|1|
NEM223|*NEMETH LTD.**A179            |150 - 115 VERMILLION ROAD     |                              |WINNIPEG, MAN.      |   |R2J 4A9|JOE NEMETH                    |204-257-44|O| 0.00|1|nemeth@mts.net
NIE376|*NIELSEN'S WATCHES & JLRY. LTD|406 GEORGE ST.                |                              |PETERBOROUGH, ONT   |   |K9H 3R5|MR TONY BUSTOS                |705-742-98| | 0.00|1|
NIF380|*4540408 ALBERTA INC.         |o/a THE NIFTY NOOK            |BOX 240, 131 MAIN STREET      |MELITA, MAN.        |   |ROM 1L0|JIM & TERRIE LYNN FORSTER     |204-522-81| | 0.00|1|
NOR225|NORTHERN GOLD & DIAMONDS LTD. |#7 BELL TOWER PLAZA           |9899 - 112 AVE.               |GRANDE PRAIRIE, AB. |   |T8V 7T2|PIOTR PODOLSKI                |780-539-07| | 0.00|1|ngd2002@hotmail.ca
NOR400|NORTHWOOD GALLERY AND GIFTS   |273 SCOTT STREET              |                              |FORT FRANCES,ON.    |   |P9A 1G8|PENNY FLATT                   |807-274-92| | 0.00|1|INFO@NORTHWOODSGALLERYANDGIFTS.CA
NOR408|*NORTON'S LTD.  A35   **      |BOX 263                       |CONFEDERATION COURT MALL      |CHARLOTTETOWN, P.E.I|.  |C1A 7K4|PETER NORTON                  |902-894-39|O| 0.00|1|PETER@NORTONS.CA
NUG200|NUGGET JLRS.                  |778 FORT STREET               |                              |VICTORIA,BC.        |   |V8W 1H2|PETER SOREL                   |250-385-84| | 0.00|1|
NUN100|NUNAVUT ARCTIC COLLEGE        |NUNATTA CAMPUS                |"NURSING PROGRAM"  BOX 600    |IQALUIT, NU         |   |X0A 0H0|JASMINA ARCHAMBAULT           |867-979-72| | 0.00|1|
OAK382|*OAKDEN JEWELLERS             |BOX 238                       |                              |HAMIOTA, MAN.       |   |R0M 0T0|LARRY OAKDEN                  |204-764-25| | 0.00|1|
OCO100|O'CONNOR LTD.                 |212 FRONT STREET              |                              |BELLEVILLE, ONTARIO |   |K8N 2Z2|GERRY O'CONNOR OR J. BARRETT  |613-968-74| | 0.00|1|
OKA200|OKANAGAN DIAMOND GALLERY      |482 BENNARD AVE               |                              |KELOWNA,BC          |   |V1Y 6N7|ANITA SIEMANS                 |778-484-55| | 0.00|1|
OLD382|*OLDE COUNTRY JLRS.           |BOX 1251                      |12 KING ST. W.                |HAGERSVILLE, ONT.   |   |N0A 1H0|KIM MEYER                     |905-768-35| | 0.00|1|meyerk@live.ca
OLL350|*OLLIVERS                     |BEDDINGTON TOWN CENTRE        |#216 8120 BEDDINGTON BLVD NW  |CALGARY, ALTA.      |   |T3K 2A8|GARY OLLIVER                  |403-295-95| | 0.00|1|
OLS382|DEREK OLSON 1989 INC.         |o/a oLSON gOLDSMITHS          |2333 ALBERT STREET            |REGINA, SASK.       |   |S4P 2V8|SCOTT OLSON                   |306-352-68| | 0.00|1|scottolson@sasktel.net
ONE390|*1231589 ONTARIO INC.  A111 **|O/A O'NEILL'S FINE JEWELLERY  |29 JOHN STREET NORTH          |AYLMER, ONT.        |   |N5H 2A7|DENNIS O'NEILL                |519-773-81|O| 0.00|1|oneils@amtelecom.net
ONE400|ONE BRAND PARTNER INC.        |8140-46 STREET                |                              |EDMONTON,AB.        |   |T6B 2M8|DEAN                          |403-230-36| | 0.00|1|
ONT100|ON TIME JEWELLERS             |5432 TECUMSEH ROAD EAST       |                              |WINDSOR,ON.         |   |N8T 1C7|VRAIGE FOSSIAN                |519-945-72| | 0.00|1|
OPT390|OPTIONS IN GOLD               |560 D 11TH AVENUE             |                              |CAMPBELL RIVER, BC  |   |V9W 4G4|AUGUST BRANTVIEW              |250-286-79| | 0.00|1|
ORI026|*ORION LTD.                   |BOX 550                       |50 QUEEN STREET N.            |TILBURY, ON.        |   |N0P 2L0|DAVID FANTIN                  |519-682-23| | 0.00|1|orionjewellers@cogeco.net
OSL380|*OSLUND JEWELLERS             |DIV OF 64825 B.C. LTD.        |#203 - 311 MAIN STREET        |PENTICTON, B.C.     |   |V2A 5B7|RALPH & SHARLENE OSLUND       |250-492-83| | 0.00|1|
OUE   |                              |                              |                              |                    |   |       |                              |   -   -  | | 0.00|1|
OUE442|OUELLETTE TRENTON HOLDINGS    |                              |103B DUNDAS ST. W.            |TRENTON, ON.        |   |K8V 3P4|WENDY OUELLETTE               |613-392-33| | 0.00|1|hdrolf103@gmail.com
P&A150|P & A JEWELLER                |1148 GLENORA DR.              |                              |LONDON,ON.          |   |N5X 2R5|PETER DELVASTO                |519-434-65| | 0.00|1|
PAC288|PACHAUER'S LTD.   (A)         |20151 FRASER HWY, UNIT 111    |                              |LANGLEY, B.C.       |   |V3A 4E4|KURT PACHAUER                 |604-514-95| | 0.00|1|
PAR397|PARIS JEWELLERS               |54 GRAND RIVER ST. NORTH      |                              |PARIS, ONT.         |   |N3L 2M2|ED McGUIRE                    |519-442-21| | 0.00|1|
PAR400|*PARK JLRS.   (CC)            |1082 COLE HARBOUR ROAD        |                              |DARTMOUTH, N.S.     |   |B2V 1E7|JERRY BLACKWOOD               |902-462-25| | 0.00|1|
PAR414|N.R. PARK & SONS * A115       |26 - 2ND AVE. N.              |                              |YORKTON, SASK.      |   |S3N 1G2|GARY & SHIRLEY LAMB           |306-782-29|O| 0.00|1|parksj@sasktel.net
PAU405|PAULAN JLRY.                  |107-198 EAST ISLAND HWY.      |                              |PARKSVILLE,BC.      |   |V9P 2G6|TIM VINH                      |250-248-64| | 0.00|1|
PBC281|*P B CUSTOM                   |o/a E BUTT WATCH REPAIR       |BOX 1254, 110 - 1ST AVE. EAST |NIPAWIN, SASK.      |   |S0E 1E0|PATRICIA OR ELMER BUTT        |306-862-30| | 0.00|1|
PEA379|PEARLS INC.   (A)             |1362 GORMAN STREET            |                              |NORTH BAY, ON.      |   |P1B 2Y4|CATHY LING                    |705-497-60| | 0.00|1|pearls@cogeco.ca
PEL420|YVETTE PELLETIER              |PO BOX 283                    |                              |NIPPIGON, ON        |P0T| 2J0   |YVETTE                        |807-887-15| | 0.00|1|
PEN100|PENNY'S JEWELLERY             |56 KING STREET EAST           |BROCKVILLE, ON                |                    |K6V| 1B1   |PENNY DUFFY                   |613-342-99| | 0.00|1|
PEN412|*PENNERS' LTD.                |                              |104 MAIN STREET S.            |KENORA, ONT.        |   |P9N 1S9|JOAN & DAVID PENNER           |807-468-83| | 0.00|1|
PEN430|*PENNER INC.                  |10-436 VANSICKLE ROAD         |                              |ST. CATHARINES, ONT |   |L2S 0A4|BRENDA ROEST                  |905-688-05| | 0.00|1|
PET406|PETAR'S JLRY.                 |268 GENEVA STREET             |                              |ST. CATHARINES,ON.  |   |L2N 2E8|MRS. PETAR                    |905-937-73| | 0.00|1|
PFA148|PFAFF JLRS.                   |430 CLARENCE ST.              |                              |LONDON, ONT.        |   |N6A 3M8|ANDREW & DON FINCH            |519-432-51| | 0.00|1|
PHO410|848646 ONTARIO LTD. (A)       |PHOENIX  (A)                  |UNIT 2 HURONIA MALL           |MIDLAND, ONTARIO    |   |L4R 4K4|MR TAN                        |705-526-70| | 0.00|1|
PIER01|RUDY PIERCE                   |91 MOFFATT LANE               |                              |STRATHROY,ON.       |   |N7G 3Z8|                              |519-245-43| | 0.00|1|
PIR400|*PIRATES COVE, JEWELS & TREAS.|255 MAIN ST                   |BOX 250                       |LIVERPOOL, N.S.     |   |B0T 1KO|J M REYNOLDS & J E REYNOLDS   |902-354-25| | 0.00|1|
PLA285|THE PLAID PLACE SHOPS LTD (A) |1903 BARRINGTON STREET        |                              |HALIFAX, N.S.       |   |B3J 3L7|LISA LISLEY                   |902-429-68| | 0.00|1|lisa@plaidplace.com
POA409|*JAMES O. POAG   A93   **     |94 FRANK STREET               |                              |STRATHROY, ON.      |   |N7G 2R6|JAMES POAG                    |519-245-10|O| 0.00|1|
POM410|*BIJ POMMIER JLRS.  A132   ** |6 SECOND AVE EAST             |                              |CORNWALL, ONT.      |   |K6H 1Y3|ANDRE POMMIER                 |613-932-40|O| 0.00|1|ANDRE@POMMIERJEWELLERS.COM
PON202|FUN-KEY ENTERPRISES LTD.      |O/A PONDEROSA JLRY            |BOX 1821                      |MERRITT, B.C.       |   |V1K 1B8|TIM OVENS                     |250-378-44| | 0.00|1|
PON410|PONTY & COMPANY  (A)          |222-224 RED RIVER ROAD        |                              |THUNDER BAY, ONT.   |   |P7B 1A6|AL AZZOLINI                   |807-345-46| | 0.00|1|
POR411|PORT DOVER JEWELLERY & GIFTS  |PO BOX 274                    |343 MAIN ST.                  |PORT DOVER,ON.      |   |N0A 1N0|DEBBIE O'DUYER                |519-583-26| | 0.00|1|PORTDOVERJEWELLERY@HOTMAIL.COM
POW412|*POWERS JLRY.   A107   **     |158 B BROADWAY                |BOX 7216                      |GRAND FALLS, N.B.   |   |E3Z 2J9|RUDY & LYNDA POWERS           |506-473-21|O| 0.00|1|rudypow@nb.aibn.com
PRA510|*PRAIRIE GOLD & GIFTS**(CCF)  |#105 11070 - 100 AVE.         |                              |GRAND PRAIRIE, AB.  |   |T8V 7L5|BARRY OR DEB MARTIN           |780-538-30| | 0.00|1|prairiegoldjewellery@telus.net
PRE413|*PRECISION JLRS CUST. DESIGN  |983125 ONTARIO INC            |2755 HOWARD AVENUE            |WINDSOR, ONT.       |   |N8X 3X7|JOHN SHIHA & DAN THOMAS       |519-253-60| | 0.00|1|
PRE423|*PRECISION JLRS INC           |58 RICHMOND STREET            |                              |AMHERSTBURG, ONT.   |   |N9V 1E9|JOANNE                        |519-736-25| | 0.00|1|
PRE425|*PREMIER JLRS.  A139   **     |346 SOUTHGATE CENTRE          |                              |EDMONTON, ALTA.     |   |T6H 4M6|LYLE HANCE                    |780-430-07|O| 0.00|1|
PRE430|*605889 ONTARIO LTD.          |o/a PRESTIGE JLRY. LTD.       |443 QUEENSWAY S, GLENWOODS #21|KESWICK, ONT.       |   |L4P 3J4|SERKIS BOZUK                  |905-476-37| | 0.00|1|
PRE435|BIJOUTERIE PRESTIGE           |10344036 CANADA LTD.          |1019 FRONT STREET             |HEARST,ON.          |   |P0L 1N0|GUYLAINE RIOUX                |705-372-38| | 0.00|1|
PRE443|*PRESTON LTD.*A186            |979 SHOPPERS ROW              |                              |CAMPBELL RIVER, BC  |   |V9W 2C4|BRIAN PRESTON                 |250-286-64|O| 0.00|1|
PRO261|PROVIDENCE MOTHERHOUSE        |1200 PRINCESS STREET          |P.O. BOX 427                  |KINGSTON,ON         |   |K7L 4W4|SISTER YVETTE GIRARD          |613-544-45| | 0.00|1|
PRO300|PROVINCIAL SETTING            |78 BOOTH STREET               |                              |ST.CATHARINES,ON.   |   |L2N 1X4|LEON AND CAROL JAMES          |905-646-56| | 0.00|1|cjjames@bellnet.ca
PUR415|*PURDY'S JLRY  A172 **APRV #  |BOX 610                       |61 BOLTON STREET              |BOBCAYGEON, ONT.    |   |K0M 1A0|DAVID & MARY LYNN LINDSAY     |705-738-23|O| 0.00|1|
QUI400|D.C. QUINN'S                  |121 HUDSON AVENUE N.E.        |P.O. BOX 1503                 |SALMON ARM, B.C.    |   |V1E 4P6|DENNIS QUINN                  |250-832-52| | 0.00|1|
RAB417|*RABETHGE'S   A39   **        |BOX 1025                      |43 BRIDGE ST.                 |CAMPBELLFORD, ONT.  |   |K0L 1L0|CHRIS & AMBER RABETHGE        |705-653-25|O| 0.00|1|rabethges@gmail.com
RAE438|RAE'S LTD.                    |1125 - 101ST ST.              |BOX 95                        |N.BATTLEFORD, SASK. |   |S9A 0Z5|MRS. BEA RAE                  |306-445-37| | 0.00|1|
RAN185|RANDOLPH DAVID JEWELLERY      |300-360 TRANS CANADA HWY S.W. |                              |SALMON ARM, B.C.    |   |V1E 1B6|RANDOLPH DAVID McNALLY        |250-832-64| | 0.00|1|
RAN420|PAUL RANDOLPH JLRY. LTD. (CCF)|303 BAGOT ST.                 |BOX 402                       |KINGSTON, ONT.      |   |K7K 5W7|BRIAN SMITH                   |613-549-07| | 0.00|1|
RCG103|R C GOLDSMITH                 |BOX 4137                      |5005 51ST AVE.                |OLDS, AB.           |   |T4H 1P7|                              |403-556-14| | 0.00|1|
RCM110|RCMP VETERANS ASSOC. CANTEEN  |11140 - 109 STREET            |                              |EDMONTON, ALTA.     |   |T5G 2T4|KIM BECHTOLD                  |780-412-55| | 0.00|1|
RCM135|MOUNTIE SHOP & RCMP FOUNDATION|1230 OLD INNES ROAD           |UNIT 408 DOCKS 9 & 10         |OTTAWA, ON.         |   |K1B 3V3|GINETTE ST-ONGE               |613-741-81| | 0.00|1|
RCM140|THE MOUNTIE SHOP-PRTC         |ATTN; VAL LUNDIN              |1100-45337 CALAIS CRESCENT    |CHILLIWACK, B.C.    |   |V2R 5S7|VALERIE                       |604-703-25| | 0.00|1|
RCM145|THE MOUNTIE SHOP SU           |14200 GREEN TIMBERS WAY       |RM#AIC260,MAILSTOP #1002      |SURREY, BC          |   |V3T 6P3|MARIE-MILLIE MASSICOTTE       |778-290-21| | 0.00|1|
RCM420|R.C.M.P. "DEPOT" CANTEEN(X)   |BOX 6500                      |DEWDNEY AVENUE WEST           |REGINA,SASKATCHEWAN |   |S4P 3J7|BARBARA ROSS                  |306-780-66| | 0.00|1|
RCM487|SURREY RCMP REC CLUB          |14355 57th AVENUE             |                              |SURREY, B.C.        |   |V3X 1A9|PASCALE JOHNSTONE-VISSER      |604-599-77| | 0.00|1|
RED420|RED SERGE GIFTS    (CC)       |16601 - 61ST AVENUE           |                              |CLOVERDALE BC.      |   |V3S 1W2|COLLEEN WILLIAMS              |604-575-45| | 0.00|1|redserge@outlook.com
REE182|*REESOR'S LTD                 |UNIT 33 - 1570 18TH STREET    |                              |BRANDON, MAN.       |   |R7A 5C5|                              |204-726-91| | 0.00|1|carol@reesors.com
REF026|REFLECT PROMOTIONAL PRODUCTS  |#110, 41 ROYAL VISTA DRIVE N.W|                              |CALGARY, AB.        |   |T3R 0H9|RONALD BARNES,STEVEN HOPE, +  |403-230-36| | 0.00|1|
REI410|*D.M. REID JEWELLERS LTD.     |55 WEBSTER ST.                |                              |KENTVILLE,NS        |   |B4N 1H4|DAVE REID                     |902-678-66| | 0.00|1|
REM150|*REMINISCENCE                 |1117982 ALBERTA LTD.          |10233 -101 AVE.#200 POBOX 2069|LAC LA BICHE, ALTA. |   |T0A 2C0|ANNA & WADE CARROLL           |780-623-30| | 0.00|1|remini@telus.net
REN203|*RENAISSANCE JLRS.INC.        |C/O LARRY BLACKETT            |370 GOGETTE ST.               |BIG RIVER, NB.      |   |E2A 6R6|LARRY BLACKETT                |506-546-92| | 0.00|1|renaissance@nb.aibn.com
REN500|RENAISSANCE GOLDSMITHS (A)(X) |BOX 7288                      |                              |PEACE RIVER, ALTA.  |   |T8S 1S9|HARRY SHIMOON                 |780-624-56| | 0.00|1|
RIC420|RICHARDSON'S JEWELLERY A204 * |4716 - 50TH AVENUE            |SUITE 100                     |BONNYVILLE,AB.      |   |T9N 1A3|WAYNE FISHER                  |780-343-99| | 0.00|1|
RIC423|*RICHARDSON'S(CAM-ALTA)LTD.   |DUGGAN VILLAGE MALL           |34-6601-48TH AVE.             |CAMROSE, ALTA.      |   |T4V 3G8|JAMES CARDIFF                 |780-672-88| | 0.00|1|
RIC443|*RICHARDSON JLRS.   A69   **  |#1 5405 - 44ST                |                              |LLOYDMINSTER,AB.  . |   |T9V 0A9|WAYNE FISHER                  |780-875-02|O| 0.00|1|riclloyd@telusplanet.net
RIC483|*RICHARDSON'S  *I             |MEDICINE HAT MALL             |#208-3292 DUNMORE RD. S.E.    |MEDICINE HAT, ALTA. |   |T1B 2R4|ROBIN & ANNMARIE DAWE         |403-526-67| | 0.00|1|
RIC488|*691381 ALBERTA LTD.          |O/A RICHARDSON'S              |BOX 39, 5009-50 AVE           |ST. PAUL, AB  .     |   |T0A 3A0|GARY & ANGELINE WARD          |780-646-08| | 0.00|1|
RIN398|RINGS PHARMACY                |6 COURTOREILLE ST.            |SUITE 1                       |HAY RIVER, N.W.T.   |   |X0E 1G2|LARRY OR LES RING             |867-874-67| | 0.00|1|
ROB425|ROBERTS REPAIRS & CUST.DESIGNS|638 16TH AVENUE NW            |                              |CALGARY, ALBERTA    |   |T2M 0J7|DAVID ROBERTS                 |403-289-89| | 0.00|1|gemkid@shaw.ca
ROB429|ROBERTS CREDIT JLRS. LTD.     |4416 QUEEN STREET             |                              |NIAGARA FALLS, ONT. |   |L2E 2L3|ANNA GORFIELD                 |905-354-25| | 0.00|1|
ROG431|ROGER'S JEWELLERS  (CC)       |154 OAK ST. W.                |                              |NORTH BAY,ON        |   |P1B 2S7|MIKE BEAUCHESNE               |705-494-94| | 0.00|1|mike@rogersjewellers.ca
ROG438|ROGAR JEWELLERS *CC           |o/a SOPHIE'S GOLD & GIFT SHOP |2550C SHAUGNESSY ST.          |PORT COQUITLAM,BC   |   |V3C 3G2|ROBYN ZAKARIAN & GARO DANDLIAN|604-941-91| | 0.00|1|
ROL429|ROLAND'S JEWELRY              |388 FORREST DRIVE             |                              |SHERWOOD PARK, AB   |   |T8A 6L2|MICHELLE WAKAL                |780-974-08| | 0.00|1|michelle@rolandsjewelry.ca
ROS100|ROSSER REEVES (A)             |13588 TECUMSEH RD. E.         |                              |TECUMSEH, ON        |   |N8N 3N7|CAROL WEEPERS                 |519-979-36| | 0.00|1|
ROY475|*ROYALTY GOLDSMITHS           |VICTORIA SQUARE               |2223 VICTORIA AVENUE EAST     |REGINA, SASK.       |   |S4N 6E4|DEREK NIEWINSKI/LINDSEY     E |306-522-46| | 0.00|1|royalgold@sasktel.net
RUT440|*RUTLEDGE JLRS.               |P.O. BOX 1478                 |82 BROCK ST. W.               |UXBRIDGE, ONT.      |   |L9P 1N6|SCOTT                         |905-852-78| | 0.00|1|
SAN441|*SANDY'S GIFTS                |BOX 1150                      |                              |FAIRVIEW, ALTA.     |   |T0H 1L0|                              |780-835-25| | 0.00|1|
SAR400|                              |                              |                              |                    |   |       |                              |   -   -  | | 0.00|1|
SAR440|*SARINI FINE JEWELLERY        |106 SECOND AVE. S., BOX 403   |                              |VULCAN, ALTA.       |   |T0L 2B0|SANDRA COOKE-LOCKEN           |403-485-66| | 0.00|1|
SAV464|*SAVOY'S LTD.                 |290 QUEEN ST. E.              |                              |SAULT STE MARIE, ONT|   |P6A 1Y7|RICHARD ROSSETT, JOHN ANTOINE |705-253-97| | 0.00|1|richard@savoysjewellers.com
SAV466|*SAVOY'S LTD.                 |STATION MALL                  |293 BAY ST.                   |SAULT STE MARIE, ONT|.  |P6A 1X3|RICHARD ROSSETT, JOHN ANTOINE |705-942-34| | 0.00|1|
SCA420|SCARLET SERVICE AWARDS        |o/a A/A                       |BOX 128B, R. R. #4            |SASKATOON, SASK.    |   |S7K 3J7|C. A. (KATHY) FORBES          |306-260-07| | 0.00|1|
SCH480|*J.K. SCHMIDT JLRS. INC.      |                              |2477C MAIN STREET             |WESTBANK, B.C.      |   |V4T 1K5|TROY SCHMIDT                  |250-768-73| | 0.00|1|
SCO453|*SCOTT'S LTD.                 |BOX 147                       |219-4TH AVE. W.               |COLEVILLE, SK.      |   |S0L 0K0|EDWIN & DONNA BROTZEL         |306-965-25| | 0.00|1|
SEA456|*S. J. LTD.                   |P.O. BOX 968                  |47 MAIN STREET SOUTH          |SEAFORTH, ONT.      |   |N0K 1W0|RAY ANSTETT                   |519-527-02| | 0.00|1|NANCY_ANSTETT@YAHOO.CA
SEC396|BIJOUTERIE SECRET             |15 - 25 BOUL ST. PIERRE QUEST |                              |CARAQUET, NB.       |   |E1W 1B8|MR ULYSSE BREAU               |506-727-58| | 0.00|1|
SEC400|BIJOUTERIE SECRET             |11-3409 PRINCIPALE            |                              |TRACADIE SHEILA,N.B.|   |E1X 1C7|MR ULYSSE BREAU               |506-395-32| | 0.00|1|
SEC500|THE SECRET BUTTERFLY BOUTIQUE |BOX 354                       |293 MAIN ST. NW               |ROBLIN, MB          |   |R0L 1P0|ANGELA MARTENS                |204-937-80| | 0.00|1|
SER410|621217 N.B. INC.  (AA)        |o/a SERENITY DIAMONDS         |620 COVERDALE ROAD, UNIT 3    |RIVERVIEW, N.B.     |   |E1B 3K6|KEVIN,LYNN STEEVES            |506-386-22| | 0.00|1|
SET103|*SETH TOBIN LTD.              |#101 - 2324 FERRY AVENUE      |                              |PRINCE GEORGE, BC   |   |V2N 0B1|SETH TOBIN      TRACY SEITER  |250-561-26| | 0.00|1|st392@telus.net
SHA100|SHAMAS AMIN                   |2092 SEABROOK DR              |                              |OAKVILLE, ON        |L6L| 2T9   |SHAMAS AMIN                   |647-937-32| | 0.00|1|
SHA454|SHAMIN LTD (GALLERIA)         |4737 KINGSWAY                 |                              |BURNABY, B.C.       |   |V5H 2C3|MR SHAHRAZ KASSAM             |604-433-45| | 0.00|1|
SHA455|SHAN-I-VAL ENGR.  (AA) (X)    |47 TANAGER LANE               |R. R. #2                      |GODFREY, ONT        |   |K0H 1T0|LAURAL McKAY                  |613-273-25| | 0.00|1|
SHA457|*SHARON'S WATCH               |BOX 640                       |                              |100 MILE HOUSE, B.C.|   |V0K 2E0|SHARON McMULLAN               |250-395-25| | 0.00|1|
SHA460|*W.J. SHAW   **               |1029 BRODIE DR.,              |R.R.#4, BOX 44                |ORILLIA, ON.        |   |L3V 6H4|MR. SHAW                      |705-326-24| | 0.00|1|
SHE476|*GOLD DUST HOLDINGS LTD.      |O/A SHERRING LTD              |91 BROADWAY ST E.             |YORKTON, SASK.      |   |S3N 0L1|LORNA SHERRING                |306-782-46| | 0.00|1|LORNA@SHERRINGGOLD.COM
SHI365|SHIMMER DESIGN STUDIOS        |406 - 645 FORT STREET         |                              |VICTORIA, B.C.      |   |V8W 1G2|ED & JULIA PICKARD            |250-380-13| | 0.00|1|
SID456|ROY SIDDALL                   |PO BOX 61                     |                              |MIRAMICHI,NB        |   |E1V 3M2|ROY                           |506-627-98| | 0.00|1|
SIG401|LIKANG GROUP LIMITED          |O/A YOUR SIGNATURE JEWELLER   |1920 DUNDAS ST. E.  UNIT 108  |LONDON, ONT.        |   |N5V 3P1|KENT LEE                      |519-659-15| | 0.00|1|
SIL118|SILVERSIDE   A117***          |227 QUEEN STREET              |                              |PORT PERRY, ONT.    |   |L9L 1B9|DANA SMITH                    |905-985-29| | 0.00|1|
SIL410|SILVERI JEWELLERS             |(TLK HOLDINGS INC.)           |995 PAISLEY ROAD, UNIT 16     |GUELPH, ONT.        |   |N1K 1X6|LISA SILVERI & TODD KOEBEL    |519-824-97| | 0.00|1|silverijewellery@gmail.com
SIM145|*SIMONE LTD.                  |800 WORDSWORTH AVE.           |                              |TRAIL, BC.          |   |V1R 2E9|BRENDA SIMONETTA              |250-365-50| | 0.00|1|
SIM458|*SIMON IMPORTS LTD.           |213 1120 GRANT AVE.           |                              |WINNIPEG, MAN.      |   |R3M 2A6|SIMON WALLER                  |204-475-84| | 0.00|1|
SIM460|SIMON'S JEWELLERY LTD.        |#58/59 NORTHGATE MALL         |489 ALBERT ST. N.             |REGINA, SK.         |   |S4R 3C4|SIMON OR KINGSLEY CHAN        |306-949-77| | 0.00|1|
SIM465| CLOSED                       |#1460 ESTEVAN SHOPPING MALL   |400 KING ST.                  |ESTEVAN, SK.        |   |S4A 2B4|KINGSLEY OR SIMON CHAN        |306-634-99| | 0.00|1|simonsjewellery@gmail.com
SIM471|*J.B. SIMPSON JLRS. INC.      |469 RICHMOND STREET           |                              |LONDON, ONT.        |   |N6A 3E4|MR. J. B. SIMPSON             |519-433-00| | 0.00|1|
SKY500|*SKYWAY JEWELERS              |UNIT #3 - 2501 THIRD LINE     |                              |OAKVILLE,ON.        |   |L6M 5A9|SHASHI & REY MANIAR           |905-827-07| | 0.00|1|
SMI510|*W SMITH & CO.                |116 HAMPTON RD.               |                              |ROTHESAY,NB         |   |E2E 2P8|WAYNE SMITH                   |506-216-22| | 0.00|1|orders.wsmith@hotmail.com
SOK462|*SOKANNE'S                    |284 KING STREET               |                              |SPRUCE GROVE, ALTA. |   |T7X 2C6|GAYLE BUCKEL                  |780-962-17| | 0.00|1|
SON459|SONNY'S                       |#2 - 2220 BOWEN ROAD          |                              |NANAIMO, B.C.       |   |V9S 1H9|SONNY SON THANH               |250-751-03| | 0.00|1|
SON470|*SONYA ROE JLRS               |138 KING ST. W.               |SUITE 101                     |CHATHAM, ONT.       |   |N7M 1E3|SONYA ROE                     |519-354-93| | 0.00|1|
SOU500|SO U JEWELLERY & GIFTWARE     |3577 LABELLE RD.              |                              |BOURGET,ON.         |   |K0A 1E0|SONIA CLOUTIER                |613-601-64| | 0.00|1|
SOY500|SO YOU JEWELLERY              |                              |                              |                    |   |       |                              |613-601-64| | 0.00|1|
SPE468|*SPENCER'S STORE              |BOX 765                       |                              |BURGEO, NFLD.       |   |A0N 2H0|ROY & DENISE SPENCER          |709-886-25| | 0.00|1|
SPE470|*SPENCER'S                    |BOX 278                       |49 WHITEWOOD AVE.             |NEW LISKEARD, ONT.  |   |P0J 1P0|DOUG  & JANET SPENCER         |705-647-55| | 0.00|1|jdspencer24@hotmail.com
SPI190|SPICER HEAD OFFICE CO SFJ A160|MCALLISTER PLACE              |519 WESTMORLAND RD.           |SAINT JOHN, NB.     |   |E2J 3W9|GARY SPICER                   |506-658-95|O| 0.00|1|
SPI475|SPICER COLE FINE JLRS SCFJA164|MCALLISTER PLACE              |519 WESTMORLAND RD.           |ST JOHNS, N.B.      |   |E2J 3W9|STEPHEN COLE                  |506-451-99|O| 0.00|1|
STA296|STAR-SET JEWELLERS            |125 JOHN ST N                 |                              |ARNPRIOR,ON.        |   |K7S 2N5|DAVID FREW                    |613-623-53| | 0.00|1|
STA490|STAR SET A161 **              |845 PEMBROKE ST. E.           |                              |PEMBROKE, ONT.      |   |K8A 3M3|DAVID FREW                    |613-735-71|O| 0.00|1|starsetjewellers@gmail.com
STA495|        CLOSED                |o/a STAR-SET JEWELLERS        |648A O'BRIEN RD.              |RENFREW, ONT.       |   |K7V 0B4|DAVID FREW                    |613-432-31| | 0.00|1|
STAR40|                              |                              |                              |                    |   |       |                              |   -   -  | | 0.00|1|
STE250|R MELHUISH VENTURES INC.      |o/a STEDMANS V & S DEPT STORE |303 MAIN ST, BOX 890          |GERALDTON, ONT.     |   |P0T 1M0|RON & MARILYN MELHUISH        |807-854-01| | 0.00|1|
STE475|*O R STEADMAN AND SON         |29 FRONT ST. SOUTH            |                              |THOROLD, ONT.       |   |L2V 1W8|KEN ATMEKJIAN                 |905-227-54| | 0.00|1|STEADMANS@BELLNET.CA
STE487|*STEKELBOS JLRY REPAIRS       |851 DUFFERIN AVE.             |                              |WALLACEBURG, ONT.   |   |N8A 2V5|DICK BULSINK                  |519-627-40| | 0.00|1|stekelboswc@gmail.com
STE498|*STEPHEN'S JLRS               |940725 ONTARIO LTD.           |385 FREDERICK ST              |KITCHENER, ONT      |   |N2H 2P2|NORM PLATZ                    |519-745-27| | 0.00|1|
STE540|GORD W STEPHENS            (X)|2475 DOBBIN RD, UNIT 22-217   |                              |WEST KELOWNA        |   |V4T 2E9|GORD W STEPHENS               |604-315-00| | 0.00|1|
STE553|*STEVENS JLRS. LTD. A180 **   |                              |BOX 3753   5018 - 50TH AVE    |OLDS, ALTA.         |   |T4H 1P5|PHIL STEVENS                  |403-556-39|O| 0.00|1|
STEA45|                              |                              |                              |                    |   |       |                              |   -   -  | | 0.00|1|
STO475|*STOKES ON TRENT              |8 COLBORNE ST.                |                              |FENELON FALLS, ONT. |   |K0M 1N0|JOE & PAM WILLEMS             |705-887-29| | 0.00|1|
STR479|WIL STRANGE  (A)  (X)         |1776 REGENT ST. S.            |                              |SUDBURY, ONTARIO    |   |P3E 3X8|WIL STRANGE                   |705-522-11| | 0.00|1|
STR560|STRATTON'S JLRY.              |101 802 MAIN ST.              |                              |CANMORE,AB.         |   |T1W 2B7|DAVID STRATTON                |403-762-43| | 0.00|1|
SUG050|*SUGOLD                       |BOX 742, 107 PRESCOTT ST.     |                              |KEMPTVILLE, ONT.    |   |K0G 1J0|MS. SU VILLENEUVE  .          |613-258-11| | 0.00|1|
SUM482|C R SUMNER & SONS LTD         |o/a SUMNER JEWELLERS          |392 RICHMOND STREET           |LONDON,ON.          |   |N6A 3C7|JEFF PEASE                    |519-432-11| | 0.00|1|
SUP490|*SUPERIOR LTD                 |2 HEMLO DRIVE, P.O.BOX 1450   |MARATHON CENTRE MALL          |MARATHON,   ONT.    |   |P0T 2E0|WENDY & RANDY KRYSTIA         |807-229-85| | 0.00|1|
SWA494|*SWANSON JEWELLERS            |83 ONTARIO ST.                |                              |STRATFORD, ON.      |   |N5A 3H1|JEFF IAGOBELLIS(DEB  ACCOUNTS)|519-271-31| | 0.00|1|SWANSONS@WIGHTMAN.CA
SWE435|SWEDISH JEWELLERS INT.        |202 - 121 MAIN ST. S.W.       |                              |AIRDRIE, ALTA.      |   |T4B 0P8|SHARIAR SHAKERI               |403-948-69| | 0.00|1|
T&Y100|T & Y                         |77 hURONTARIO                 |                              |COLLINGWOOD,ON.     |   |L9Y 2L7|TAI & YEN pHAM                |705-445-76| | 0.00|1|
TAN510|*TANY'S JEWELLERY             |NORTHHILL MALL UNIT 17791632  |14 AVENUE NORTH WEST          |CALGARY, AB. .      |   |T2N 1M7|CHINNEE SUY (MRG)             |403-286-66| | 0.00|1|
TAY   |                              |                              |                              |                    |   |       |                              |   -   -  | | 0.00|1|
TAY100|JOHN TAYS                     |276 SPINNAKER DR.             |                              |HALIFAX,NS          |   |B3N 3C6|JOHN TYAS                     |   -   -  | | 0.00|1|
TAY475|*ISLAND RETAIL GROUP LIMITED  |o/a TAYLOR'S JEWELLERS        |134 KENT STREET               |CHARLOTTETOWN, PEI  |   |C1A 8R8|VIRGINIA MAC ISAAC            |902-892-47| | 0.00|1|
TAY490|*D.C. TAYLOR & SONS LTD. A45 *|1171 16TH STREET EAST UNIT 7  |                              |OWEN SOUND, ON.     |   |N4K 1Z4|JOHN TAYLOR                   |519-376-34|O| 0.00|1|JTAYLOR@DCTAYLOR.COM
TAY491|*D.C. TAYLOR & SON LTD. A45 **|(COLLINGWOOD)                 |977 2ND AVE. E.  BOX 8        |OWEN SOUND, ONT.    |   |N4K 5P1|PAUL TAYLOR                   |705-444-11|O| 0.00|1|
TAY494|*D.C. TAYLOR & SONS LTD. A45 *|(HERITAGE MALL STORE)         |977 2ND AVE. E.    BOX 8      |OWEN SOUND, ONT.    |   |N4K 5P1|JEFF TAYLOR                   |519-376-80|O| 0.00|1|
TAY496|*TAYLORS JEWELLERS  A109   ** |17 VICTORIA ST. WEST          |BOX 873                       |ALLISTON, ONTARIO   |   |L9R 1W1|ROSE & KEVIN TAYLOR           |705-435-64|O| 0.00|1|
TAY497|D.C. TAYLOR & SONS **A45      |411 BAYFIELD STREET           |UNIT A1B SPRINGWATER MARKET PL|BARRIE,ON.          |   |L4M 6E5|JEF TAYLOR/NICOLE FAZZARI     |705-725-80| | 0.00|1|barrie@dctaylor.com
TAY499|                              |                              |                              |                    |   |       |                              |   -   -  | | 0.00|1|
TAY519|RAY TAYS  (X)                 |30 BROOKDALE CRESCENT         |SUITE 603                     |DARTMOUTH, N.S.     |   |B3A 4T7|RAY                           |902-463-32| | 0.00|1|
TAY529|JOHN TAYS  (X)                |                              |276 SPINNAKER DR.             |HALIFAX. NS         |   |B3N 3C6|JOHN TAYS                     |902-479-21| | 0.00|1|
THO485|ALEXANDER THOMAS JLRS         |SUITE 100, NORTHGATE SQUARE   |1500 FISHER ST.               |NORTH BAY, ONT.     |   |P1B 2H3|ROLAND GRAF                   |705-497-76| | 0.00|1|
THO489|THOMSEN'S                     |ALGO CENTRE MALL              |151 ONTARIO AVE.              |ELLIOTT LAKE, ONT.  |   |P5A 2T2|HANNA THOMSEN                 |705-848-67| | 0.00|1|
THO502|*BOB THOMPSON                 |193 BANK ST.                  |                              |OTTAWA, ONT.        |   |K2P 1W7|JEFF THOMPSON                 |613-233-47| | 0.00|1|EMAIL@BOBTHOMPSONJEWELLERS.COM
THO508|G W THOMPSON LTD.             |190 KING ST. E.               |                              |HAMILTON, ONT.      |   |L8N 1B4|GORD & LINDA THOMPSON         |905-525-94| | 0.00|1|
THO525|*THONG'S REPAIR LTD. (CC)     |1270 DOGWOOD STREET #40       |                              |CAMPBELL RIVER, B.C.|   |V9W 3A5|BETTY                         |250-287-40| | 0.00|1|
THR490|*THREE GEMS                   |BOX 2174                      |312 2ND ST. W.                |BROOKS, ALTA.       |   |TIR 1C8|TOSH & AIKO SAKURI            |403-362-34| | 0.00|1|
TOM496|TOMPKINS LTD.                 |326 - 7TH STREET SOUTH        |                              |LETHBRIDGE, ALTA.   |   |T1J 2G2|LISA TOMPKINS-DOYLE           |403-327-31| | 0.00|1|
TOT100|*TOTH LTD. CLOSED!            |THE WATCH SHOP                |559 TALBOT ST                 |ST. THOMAS, ONT.    |   |N5P 1C5|DON & THERESA TOTH            |519-631-96| | 0.00|1|
TOT110|TOTH SERVICES                 |14126 BELMONT RD              |BOX 89                        |BELMONT,ON          |NOL| 1B0   |MARCIE TOTH                   |226-377-23| | 0.00|1|TOTHSERVICES@YAHOO.COM
TOU490|                              |                              |                              |                    |   |       |                              |   -   -  | | 0.00|1|
TOU499|*A TOUCH OF GOLD  A5  **      |PO BOX 848                    |500 MAIN ST,DOWNEAST MALL     |MONTAGUE, P.E.I.    |   |C0A 1R0|JENNIFER SCOTT/ASHLEY BAKER   |902-838-31|O| 0.00|1|
TOU630|*TOUCH OF GOLD                |                              |5490 SPRING GARDEN ROAD       |HALIFAX, N.S.       |   |B3J 1G4|SUSAN OUTERBRIDGE             |902-423-56| | 0.00|1|susan@touchofgold.ca
TOU99 |                              |                              |                              |                    |   |       |                              |   -   -  | | 0.00|1|
TOW350|TOWN HILL                     |291 PLEASANT STREET           |                              |MIRAMICHI,NB.       |   |E1V 1Y7|LISA MITCHELL                 |506-623-46| | 0.00|1|townhilljewellery@hotmail.com
TOW497|*TOWN    A94   **             |51 MISSISSAUGA ST.E.          |                              |ORILLIA, ONTARIO    |   |L3V 1V4|MICHAEL & DEBBIE KNIGHT       |705-326-24|O| 0.00|1|TOWNSJEWELLERS@ROGERS.COM
TRA100|TRACKLESS VEHICLES            |48 MAIN STREET                |                              |COURTLAND,ON.       |   |N0J 1E0|JULIE CADMAN                  |519-688-03| | 0.00|1|
TRE501|*#846478 ALTA. LTD. A123   ** |o/a TREASURES        **       |SUITE 100, 4716 50 AVE.       |BONNYVILLE, ALTA.   |   |T9N 1A3|DAVE & WANDA WOYCENKO         |780-826-22|J| 0.00|1|
TRE503|*TREASURES   A134   **        |SUITE B, 4303 - 50TH STREET   |                              |COLD LAKE, ALTA.    |   |T9M 1K6|DAVE & WANDA WOYCENKO         |780-594-00|O| 0.00|1|
TRE528|TREK JLRS.                    |1 - 594 LASALLE BLVD.         |                              |SUDBURY, ONT.       |   |P3A 1W9|NORM & JOYCE AVBIN            |705-673-04| | 0.00|1|
TRE530|*TRES ORS JLRS.               |235 PRINCESS STREET           |                              |KINGSTON, ONTARIO   |   |K7L 1B3| ALAIN FILION (CORNWALL)      |613-542-44| | 0.00|1|
TRI502|*ROLAND TRIEBEL               |UNIT D-9803-93RD  AVE.        |                              |FORT ST. JOHN, B.C. |   |V1J 6W9|ROLAND TRIEBEL                |250-787-19| | 0.00|1|
TRI535|TRIO DIAMOND AND GOLD INC     |# 310 - 333 BROOKSBANK AVE    |                              |NORTH VANCOUVER,BC  |   |V7J 3S8|VALERIA LOCKWOOD              |604-985-95| | 0.00|1|
TRO502|*TROCHU GIFTWARE LTD.         |P.O. BOX 280                  |219 MAIN ST.                  |TROCHU, ALTA.       |   |T0M 2C0|BOB & ANNA THOMPSON           |403-442-39| | 0.00|1|
TRO510|TROFEL LTD.                   |P.O. BOX 362                  |15151 CABOT TRAIL ROAD        |CHETICAMP, N.S.     |   |B0E 1H0|FIDEL LEFORT                  |902-224-27| | 0.00|1|
TRO524|*The Troy Shop                |7108 MACLEOD TRAIL SE         |                              |CALGARY, Alta.      |   |T2H 0L3|DAVID BLITT                   |403-293-11| | 0.00|1|LANNY@TROYSHOPPEJEWELLERS.COM
TRORO4|                              |                              |                              |                    |   |       |                              |   -   -  | | 0.00|1|
TUC503|*TUCK JEWELLERS INC.          |529 SUGARLOAF STREET          |                              |PORT COLBORNE, ON.  |   |L3K 2P9|ROSS TUCK (ROB- SON)          |905-834-38| | 0.00|1|
TWE024|DESIGNIT COMMUNICATION GROUP  |o/a 24 KARAT JEWELLERY        |96 JOHN ST. S.                |HAMILTON, ONT.      |   |L8N 2C1|DAVID ALLEN                   |905-529-24| | 0.00|1|
UNI506|*UNIS JLRS.                   |1569 TECUMSEH RD. E.          |                              |WINDSOR, ONT.       |   |N8W 1C3|KENNETH UNIS                  |519-977-55| | 0.00|1|
VAI495|*A P VAIL LTD.                |149 DAVIS STREET              |                              |SARNIA, ONT.        |   |N7T 1A3|PAUL & CHRIS VAIL             |519-332-10| | 0.00|1|apvailjewellers@on.aibn.com
VAN201|*A E VanderPluijm LTD.        |o/a TOWER JEWELLERS           |181 MAIN STREET               |BATHURST, N.B.      |   |E2A 1A6|PAUL OR SABRINA               |506-547-11| | 0.00|1|towerjewellers@nb.aibn.com
VAN517|VANDENBRINK LTD.              |22 SLOANE CRESCENT            |                              |WINNIPEG, MAN.      |   |R2N 3P8|HANS VANDENBRINK              |204-256-46| | 0.00|1|
VAN519|*VANDENDOOL LTD.(CRP) A49   **|GRANTHAM PLAZA                |400 SCOTT STREET              |ST. CATHARINES, ONT.|   |L2M 3W4|BRIAN VANDENDOOL              |905-937-88|O| 0.00|1|
VAN520|VANDENBERG JLRS.    (X)       |MANULIFE PLACE EAST           |#235 10180-101 ST.            |EDMONTON, AB        |   |T5J 3S4|RALF VANDENBERG               |780-423-08| | 0.00|1|
VAN528|*VANDENDOOL LTD.   A49   **   |GRANTHAM PLAZA                |400 SCOTT STREET              |ST. CATHARINES, ONT.|   |L2M 3W4|BRIAN VANDENDOOL              |905-937-88|O| 0.00|1|
VAN535|VANTAGE JEWELLERS             |A-2866 ST. JOSEPH BLVD.       |                              |ORLEANS,ON.         |   |K1C 1G7|GAMAL MANSOUR                 |613-424-54| | 0.00|1|vantagejewellers@gmail.com
VAN537|*VanTHUYNE   "A"              |95 QUEENSWAY WEST  UNIT 10    |                              |SIMCOE, ON.         |   |N3Y 2M8|MR. ROBERT VANTHUYNE SR.      |519-426-91| | 0.00|1|VANTHUYNEJEWELLERS@LIVE.CA
VAN538|*VAN VALKENBURG & SON   A51 **|4 KING ST. W.                 |                              |FOREST, ONT.        |   |N0N 1J0|CRAIG & GLEN VAN VALKENBURG   |519-786-50|O| 0.00|1|VANS@XCELCO.ON.CA
VEI510|VEILLEUX  (A)                 |BOX 2081                      |1020 FRONT STREET             |HEARST, ONTARIO     |   |P0L 1N0|MINEAU                        |705-372-12| | 0.00|1|
VER400|VERMILION JEWELLERS *CC       |5003 - 50TH AVE               |                              |VERMILION,AB.       |   |T9X 1A7|RITA ELLIOTT                  |780-853-58| | 0.00|1|
VIC435|VICTORIA JEWELLERS LTD.       |UNIT 93 - 1644 HILLSIDE AVE.  |                              |VICTORIA, B.C.      |   |V8T 2C5|SHARIAR SHAKERI               |250-590-22| | 0.00|1|
VIC510|VICTORIA TOBACCO & GIFT  (A)  |BOX 624                       |405 7TH AVENUE                |VIRDEN, MAN.        |   |R0M 2C0|KEITH & BONNIE CRELLER        |204-748-28| | 0.00|1|
VIL533|VILLEMAIRE JLR.               |52 RUE PRINCIPALE             |                              |ROUYN, QUE.         |   |J9X 4P2|RICHARD BUNCLARK              |819-762-49| | 0.00|1|
VIN334|VINTAGE JEWELLERS LIMITED     |131 COMMERCIAL STREET         |                              |GLACE BAY,NS        |   |B1A 3B9|CAMILLE MCMULLIN/JAVITA HYNES |902-849-10| | 0.00|1|
VIN514|*VINCENT                      |BOX 343                       |153 HIGH ST.                  |SOUTHAMPTON, ONT.   |   |N0H 2L0|WALTER & CAROL MACKOWSKI      |519-797-22| | 0.00|1|
VOS199|VOSS ENTERPRISES              |886 BROOKFIELD DR.            |                              |NANAIMO, B.C.       |   |V94 6P4|FRANK VOSSHANS                |250-741-62| | 0.00|1|vosshans@shaw.ca
WAD516|CLOSED MARCH 2021             |140-3RD. AVE. W.              |BOX 400                       |DRUMHELLER, ALTA.   |   |T0J 0Y0|BRUCE WADE                    |403-823-27| | 0.00|1|wadejwl@telusplanet.net
WAI517|*WAINWRIGHT CREDIT JLRS. A78**|318 10TH STREET               |                              |WAINWRIGHT, ALTA.   |   |T9W 1P6|RON DEPNER                    |780-842-32|O| 0.00|1|ron@wcj-diamonds.com
WAL510|*D.S. WALKER LTD.  A148   **  |                              |77 MARGARET AVE               |WALLACEBURG,  ONT.  |   |N8A 1Z8|DAVID WALKER                  |519-627-10|O| 0.00|1|
WAL520|*WALKERS JEWELLERS LTD.       |450 MAIN STREET .             |                              |PENTICTON, B.C.     |   |V2A 5C5|KEN WALKER                    |250-492-70| | 0.00|1|
WAL530|PERRY HUNKA THE ENGRAVER      |1605-8TH AVE                  |                              |WAINWRIGHT, AB      |T9W| 1H5   |PERRY HUNKA                   |780-842-73| | 0.00|1|
WAL539|GORD WALLACE                  |228 - 7610 EVANS ROAD         |                              |CHILLIWACK,BC       |   |V2R 2Z5|GORD WALLACE                  |604-793-57| | 0.00|1|
WAL548|*N.E. WALLACE (1990) LTD.     |BOX 27                        |261 RAGLAN ST. S.             |RENFREW, ONT.       |   |K7V 1R3|DOUG WALLACE                  |613-432-32| | 0.00|1|newallaceltd@hotmail.com
WAL573|*JEFF WALTERS LTD.            |331 BAYFIELD STREET, SUITE 203|                              |BARRIE, ONT.        |   |L4M 3C2|JEFF WALTERS                  |705-739-74| | 0.00|1|
WAR283|*WARRINGTON'S LTD.   A114   **|c/o Jonathan's Gold & Diamonds|#132,11801-100St.G.PrairieMall|GRANDE PRAIRIE, ALTA|.  |T8V 3Y2|ORM OR PAKER SHULTZ           |780-532-35|O| 0.00|1|
WAR553|*PHILLIP WARDS LTD. ** A57    |104 13th ST. N.               |SUITE 280                     |LETHBRIDGE, ALTA.   |   |T1H 2R4|PHIL HEWKO/WARD ROBINSON      |403-328-00|O| 0.00|1|
WAR560|*WARE'S LTD. ***I             |BOX 1448                      |4934 - 50 STREET              |STETTLER, ALTA.     |   |T0C 2L0|DEREK & MARIE WADE            |403-742-26| | 0.00|1|waresltd@telusplanet.net
WEE530|*B WEEKS LTD.                 |5432 TECUMSEH RD. EAST        |                              |WINDSOR, ON.        |   |N8T 1C7|LEVON DAGLIAN/H DOKMECIAN     |519-253-58| | 0.00|1|
WEN531|*WENDT                        |102 ELORA STREET              |BOX 21                        |MILDMAY, ONTARIO    |   |N0G 2J0|                              |519-367-53| | 0.00|1|joross@wightman.ca
WES498|WEST COAST JEWELLERS          |SUITE #720, 736 GRANDVILLE ST.|                              |VANCOUVER, B.C.     |   |V6Z 1G3|GEORGE OR PIERRE NASR         |604-688-76| | 0.00|1|
WES532|WESTERN GEM LAB.              |SUITE 307                     |428 PORTAGE AVE.              |WINNIPEG, MAN.      |   |R3C 0E2|MICHELE LERNER                |204-957-03| | 0.00|1|
WHA544|WHARRAM'S JEWELLERY           |                              |21 TALBOT ST.W.               |LEAMINGTON, ONT.    |   |N8H 1M3|WAYNE WHARRAM                 |519-326-92| | 0.00|1|
WHA562|WHAT ON EARTH                 |42 MICHENER COURT             |                              |FREDERICTON,NB.     |   |E3B 2Y9|PATRICK & CRYSTAL MULHERIN    |506-230-27| | 0.00|1|pmulherin@gmail.com
WHI565|WHITMAN JEWELLERS             |180 SHERRIFF AVENUE           |                              |NORTH BAY, ON.      |   |P1B 7K9|PAUL OR LINDA FORBES          |705-472-21| | 0.00|1|
WIL446|*RON WILKIN   A54   **        |109 ST. ANDREW ST.            |                              |FERGUS, ON.         |   |N1M 1N6|RON,INEZ & GRAHAM WILKIN      |519-843-12|O| 0.00|1|lisa@ronwilkinjewellers.com
WIL540|*WILLIAMS JLRS.(ST CATH)LTD-AA|38 JAMES STREET               |                              |ST. CATHARINES, ONT.|   |L2R 5B8|KEITH & KERRY LICHTY          |905-682-36| | 0.00|1|WILLIAMSJEWELLERS1914@HOTMAIL.COM
WIL567|*WILSON & MARKLE JLRS.        |489 DUNDAS ST.                |                              |WOODSTOCK, ON       |   |N4S 1C3|MORAG                         |519-537-31| | 0.00|1|
WOL501|*WOLFGANG TRAUTMANN GOLDSMITH.|#49 175 DAVID BERGUY DR.      |                              |KITCHENER, ONTARIO  |   |N2E 4H7|WOLFGANG TRAUTMANN            |519-742-41| | 0.00|1|
WON540|WONG KEN'S JLRY.              |#570-10819 MACLEOD TRAIL S.E. |WILLOW PARK VILLAGE           |CALGARY, ALTA.      |   |T2J 5N8|JOHN, PAUL OR GERRI WONG KEN  |403-271-92| | 0.00|1|
WON628|PETER G WONG KEN CONSULTING   |40 WINDERMERE ROAD S.W.       |                              |CALGARY, ALTA.      |   |T3C 3K3|PETER WONG KEN                |403-804-37| | 0.00|1|
WOO076|*WOODS JLRS                   |13A-330 CENTRAL N.            |                              |SWIFT CURRENT, SASK.|   |S9H 0L4|GLENN & VICKI WOODS           |306-773-40| | 0.00|1|
WOO543|GUTHRIE WOODS                 |4 ALBURY CRESCENT             |                              |STITTSVILLE, ONT.   |   |K2S 1G7|GUS WOODS                     |613-831-61| | 0.00|1|
WOO551|*WOODLAND JEWELLERS LTD.*A185 |                              |150 OLIVER ST..               |WILLIAMS LAKE, B.C. |   |V2G 1L8|GEOFF BOURDON                 |250-392-54|O| 0.00|1|
WOO561|*WOODLEY'S JEWELLERS          |109 KING STREET E.            |                              |GANANOQUE, ONT.     |   |K7G 1G3|PETER WOODLEY                 |613-382-32| | 0.00|1|
WRI281|*WRIGHT'S JLRY LTD.    A83  **|#107, 1991 STRACHAN ROAD SE   |                              |MEDICINE HAT, AB.   |   |T1B 0G4|TODD WRIGHT                   |403-526-39|O| 0.00|1|wrightmh@shaw.ca
YOR205|*YORK LTD.  A104   **         |39 3RD ST. N.E.               |                              |WEYBURN, SASK.      |   |S4H 0W1|ALAN & JANICE YORK            |306-842-54|O| 0.00|1|ajy40@hotmail.com
YOU544|*J.H. YOUNG CO. LTD.          |126 LYNDEN ROAD               |                              |BRANTFORD, ONT.     |   |N3R 8A3|BETTY YOUNG                   |519-752-76| | 0.00|1|
YOU555|*YOUNG & CO.                  |3010 COL. TALBOT ROAD         |UNIT 1                        |LONDON, ON          |   |N6P 0B3|BILL YOUNG                    |519-652-24| | 0.00|1|
YOU560|*YOUNG & CO                   |1362 LAMBTON MALL ROAD        |                              |SARNIA, ONT.        |   |N7S 5A1|                              |519-542-41| | 0.00|1|
ZEK527|*ZEKE'S                       |902 ROSSER AVE.               |                              |BRANDON, MAN.       |   |R7A 0L4|JOHN ZEKE                     |204-727-55| | 0.00|1|
ZEK540|*ZEKE'S   (CLOSED OCT.2016)   |TOWN 'N COUNTRY MALL          |1235 MAIN ST. N.              |MOOSE JAW, SASK.    |   |S6H 3M4|DARCY McDONALD (MGR)          |306-691-02|O| 0.00|1|
ZEK546|*ZEKE'S QUALITY               |BOX 896                       |                              |NEEPAWA, MAN.       |   |R0J 1H0|DAVID ZEKE                    |204-476-53| | 0.00|1|
ZEK550|*ZEKES    A102   **           |11422 RAILWAY AVE E.          |FRONTIER MALL                 |NORTH BATTLEFORD,SAS|K  |S9A 3G8|JANICE KNIGHT                 |306-445-68|O| 0.00|1|zekes.nb@sasktel.net
ZEK565|*ZEKE'S ***    A102           |277 BROADWAY ST. E. UNIT 7    |                              |YORKTON, SASK.      |   |S3N 3G7|WENDY SCHMIDT                 |306-786-19|O| 0.00|1|
ZIM550|W. ZIMOCHOD JEWELLERS         |17 QUEBEC STREET              |                              |GUELPH, ONTARIO     |   |N1H 2T1|WALTER ZIMOCHOD               |519-763-71| | 0.00|1|
alt111|                              |                              |                              |                    |   |       |                              |   -   -  | | 0.00|1|
ant044|                              |                              |                              |                    |   |       |                              |   -   -  | | 0.00|1|
jew265|                              |                              |                              |                    |   |       |                              |   -   -  | | 0.00|1|
kra300|                              |                              |                              |                    |   |       |                              |   -   -  | | 0.00|1|
sta296|                              |                              |                              |                    |   |       |                              |   -   -  | | 0.00|1|
