Account,Type,Period,Journal,Source,Description,Amount
100,3,20250228,,,RWARD               0000394425,
100,3,20250331,JE,J-2433,FOR MARCH          0000025675,
100,3,20250430,JE,J-2436,FOR APRIL 2025     000023816u,
100,3,20250531,JE,J-2439,FOR MAY 2025       000003855u,
100,3,20250630,JE,J-2442,FOR JUNE 2025      000002288t,
100,3,20250731,JE,J-2445,FOR JULY 2025      0000115480,
100,3,20250831,JE,J2448,FOR AUGUST         0002410842,
100,3,20250930,JE,J-2451,SEPTEMBER          000010535u,
100,3,20251031,JE,J-2454,FOR OCTOBER 2025   000151894x,
100,3,20251130,JE,J-2457,FOR NOVEMBER 2025  000007883u,
100,3,20251231,JE,J2460,FOR DECEMBER 2025  000014577p,
100,3,20260131,JE,J-2463,FOR JANUARY 2026   000002687u,
110,3,20250228,,,RWARD               0001777593,
110,3,20250331,CR,TOTAL*,PTS JOURNAL         0008843189,
110,3,20250331,DB,TOTAL*,NTS JOURNAL         000298353t,
110,3,20250331,JE,J-2434,R MARCH 2025        000279038p,
110,3,20250430,CR,TOTAL*,PTS JOURNAL         0008037652,
110,3,20250430,DB,TOTAL*,NTS JOURNAL         000383926y,
110,3,20250430,JE,J-2437,R APRIL 2025        000326712s,
110,3,20250430,JE,J21094,FOR WEEEK 4        000054966s,
110,3,20250430,JE,J21095,ACCR.AMT.APRIL     0000184711,
110,3,20250531,CR,TOTAL*,PTS JOURNAL         0007492147,
110,3,20250531,DB,TOTAL*,NTS JOURNAL         000774904u,
110,3,20250531,JE,J-2440,R MAY 2025          000270521s,
110,3,20250630,CR,TOTAL*,PTS JOURNAL         0017922028,
110,3,20250630,DB,TOTAL*,NTS JOURNAL         000616946u,
110,3,20250630,JE,J-2443,R JUNE 2025         000378135u,
110,3,20250731,CR,TOTAL*,PTS JOURNAL         0015030212,
110,3,20250731,DB,TOTAL*,NTS JOURNAL         000743075s,
110,3,20250731,JE,J-2446,R JULY 2025         000314961t,
110,3,20250831,CR,TOTAL*,PTS JOURNAL         0013014213,
110,3,20250831,DB,TOTAL*,NTS JOURNAL         001413931r,
110,3,20250831,JE,J-2449,R AUGUST 2025       000243296w,
110,3,20250930,CR,TOTAL*,PTS JOURNAL         0006941473,
110,3,20250930,DB,TOTAL*,NTS JOURNAL         000765758p,
110,3,20250930,JE,J2452,R SEPTEMBER 2025    000270899t,
110,3,20251031,CR,TOTAL*,PTS JOURNAL         0004694535,
110,3,20251031,DB,TOTAL*,NTS JOURNAL         000759905q,
110,3,20251031,JE,J2455,R OCTOBER 2025      000358721x,
110,3,20251130,CR,TOTAL*,PTS JOURNAL         0009719675,
110,3,20251130,DB,TOTAL*,NTS JOURNAL         000338249w,
110,3,20251130,JE,J-2458,R NOVEMBER 2025     000311476u,
110,3,20251231,CR,TOTAL*,PTS JOURNAL         0016245693,
110,3,20251231,DB,TOTAL*,NTS JOURNAL         000430764u,
110,3,20251231,JE,J2461,R DECEMBER 2025     000406298v,
110,3,20260131,CR,TOTAL*,PTS JOURNAL         0006729056,
110,3,20260131,DB,TOTAL*,NTS JOURNAL         000364110v,
110,3,20260131,JE,J-2464,R JANUARY 2026      000252136t,
110,3,20260228,CR,TOTAL*,PTS JOURNAL         0003947432,
110,3,20260228,DB,TOTAL*,NTS JOURNAL         000301273u,
120,3,20250228,,,RWARD               0008200334,
120,3,20250331,CR,TOTAL*,PTS JOURNAL         000841647q,
120,3,20250331,SC,*TOTAL,ICE CHARGES         0000003696,
120,3,20250331,SJ,TOTAL*,NAL                 0011430429,
120,3,20250430,CR,TOTAL*,PTS JOURNAL         000788533q,
120,3,20250430,JE,J-2436,FOR APRIL 2025     000000400p,
120,3,20250430,SC,*TOTAL,ICE CHARGES         0000005226,
120,3,20250430,SJ,TOTAL*,NAL                 0009991153,
120,3,20250531,CR,TOTAL*,PTS JOURNAL         000682328p,
120,3,20250531,JE,J-2439,FOR MAY 2025       000006690p,
120,3,20250531,SC,*TOTAL,ICE CHARGES         0000006984,
120,3,20250531,SJ,TOTAL*,NAL                 0014054483,
120,3,20250630,CR,TOTAL*,PTS JOURNAL         001869571t,
120,3,20250630,JE,J-2442,FOR JUNE 2025      000003210p,
120,3,20250630,SC,*TOTAL,ICE CHARGES         0000007552,
120,3,20250630,SJ,TOTAL*,NAL                 0015880137,
120,3,20250731,CR,TOTAL*,PTS JOURNAL         001484682w,
120,3,20250731,JE,J-2445,FOR JULY 2025      000008400p,
120,3,20250731,SC,*TOTAL,ICE CHARGES         0000011047,
120,3,20250731,SJ,TOTAL*,NAL                 0005927806,
120,3,20250831,CR,TOTAL*,PTS JOURNAL         001341382y,
120,3,20250831,JE,J-2447,C                   000000257v,
120,3,20250831,JE,J2448,FOR AUGUST         000239634w,
120,3,20250831,SC,*TOTAL,ICE CHARGES         0000015002,
120,3,20250831,SJ,TOTAL*,NAL                 0014657615,
120,3,20250930,CR,TOTAL*,PTS JOURNAL         000510986x,
120,3,20250930,JE,J-2451,SEPTEMBER          000006515p,
120,3,20250930,JE,J2450,C                   000000114x,
120,3,20250930,SC,*TOTAL,ICE CHARGES         0000013669,
120,3,20250930,SJ,TOTAL*,NAL                 0005157219,
120,3,20251031,CR,TOTAL*,PTS JOURNAL         000459100x,
120,3,20251031,JE,J-2454,FOR OCTOBER 2025   000058057r,
120,3,20251031,SC,*TOTAL,ICE CHARGES         0000020221,
120,3,20251031,SJ,TOTAL*,NAL                 0009497098,
120,3,20251130,CR,TOTAL*,PTS JOURNAL         000967810t,
120,3,20251130,JE,J-2457,FOR NOVEMBER 2025  000001007u,
120,3,20251130,JE,J2456,C                   000000894p,
120,3,20251130,SC,*TOTAL,ICE CHARGES         0000024348,
120,3,20251130,SJ,TOTAL*,NAL                 0018185209,
120,3,20251231,CR,TOTAL*,PTS JOURNAL         001644413p,
120,3,20251231,JE,J2460,FOR DECEMBER 2025  000016316u,
120,3,20251231,SC,*TOTAL,ICE CHARGES         0000022231,
120,3,20251231,SJ,TOTAL*,NAL                 0006625785,
120,3,20260131,CR,TOTAL*,PTS JOURNAL         000636319w,
120,3,20260131,SC,*TOTAL,ICE CHARGES         0000017973,
120,3,20260131,SJ,TOTAL*,NAL                 0001578135,
120,3,20260228,CR,TOTAL*,PTS JOURNAL         000387894p,
120,3,20260228,SJ,TOTAL*,NAL                 0006843505,
125,3,20250228,,,RWARD               0000599200,
125,3,20250531,CR,250512,ANADA               000059920p,
125,3,20260131,CR,260106,BON REBATE          000014700p,
130,3,20250228,,,RWARD               0015210042,
130,3,20250331,IC,TOTAL*,ADJUSTMENT          000002109u,
130,3,20250331,PD,TOTAL*,UCTION              000209125t,
130,3,20250331,PJ,CIBC03,LAN                 0000182000,
130,3,20250331,PJ,MADD01,H WM MADDEN         0000001800,
130,3,20250331,RF,TOTAL*,RODUCTION TOTAL     0001949736,
130,3,20250430,IC,TOTAL*,ADJUSTMENT          000005500t,
130,3,20250430,PD,TOTAL*,UCTION              000181962q,
130,3,20250430,PJ,MADD01,H WM MADDEN         0000001900,
130,3,20250430,RF,TOTAL*,RODUCTION TOTAL     000002478r,
130,3,20250531,IC,TOTAL*,ADJUSTMENT          000001064t,
130,3,20250531,PD,TOTAL*,UCTION              000243911s,
130,3,20250531,PJ,IMPE50,ECIOUS METALS       0001366500,
130,3,20250531,PJ,MADD01,H WM MADDEN         0000004700,
130,3,20250531,PJ,MDLD01,D MERCHANTS         0000235950,
130,3,20250531,RF,TOTAL*,RODUCTION TOTAL     0000007733,
130,3,20250630,IC,TOTAL*,ADJUSTMENT          000000635p,
130,3,20250630,PD,TOTAL*,UCTION              000270972r,
130,3,20250630,PJ,BYRE01,INC.               0000043470,
130,3,20250630,PJ,CIBC03,LAN                 0000160210,
130,3,20250630,PJ,MADD01,H WM MADDEN         0000009780,
130,3,20250630,RF,TOTAL*,RODUCTION TOTAL     0000239198,
130,3,20250731,IC,TOTAL*,ADJUSTMENT          000086276v,
130,3,20250731,JE,J21124,K PRODUCTION REPORT 002919546p,
130,3,20250731,PD,TOTAL*,UCTION              000097842q,
130,3,20250731,PJ,BYRE01,INC.               0000154000,
130,3,20250731,PJ,IMPE50,ECIOUS METALS       0005532696,
130,3,20250731,PJ,MADD01,H WM MADDEN         0000012200,
130,3,20250731,PJ,NOBL01,PACKAGING INC.     0001026000,
130,3,20250731,RF,TOTAL*,RODUCTION TOTAL     0029201316,
130,3,20250831,IC,TOTAL*,ADJUSTMENT          000000159u,
130,3,20250831,PD,TOTAL*,UCTION              000088636x,
130,3,20250831,PJ,IMPE50,ECIOUS METALS       0003120000,
130,3,20250831,PJ,MADD01,H WM MADDEN         0000016800,
130,3,20250831,RF,TOTAL*,RODUCTION TOTAL     0002530170,
130,3,20250930,IC,TOTAL*,ADJUSTMENT          000000719q,
130,3,20250930,PD,TOTAL*,UCTION              000082044r,
130,3,20250930,PJ,BYRE01,INC.               0000023410,
130,3,20250930,PJ,CIBC03,LAN                 0000005350,
130,3,20250930,PJ,IMPE50,ECIOUS METALS       0001376500,
130,3,20250930,PJ,MADD01,H WM MADDEN         0000003000,
130,3,20250930,RF,TOTAL*,RODUCTION TOTAL     000003056y,
130,3,20251031,IC,TOTAL*,ADJUSTMENT          000002819p,
130,3,20251031,PD,TOTAL*,UCTION              000202817u,
130,3,20251031,PJ,CIBC03,LAN                 0000072540,
130,3,20251031,PJ,IMPE50,ECIOUS METALS       0001366500,
130,3,20251031,PJ,MADD01,H WM MADDEN         0000013100,
130,3,20251031,RF,TOTAL*,RODUCTION TOTAL     000002289u,
130,3,20251130,IC,TOTAL*,ADJUSTMENT          000028291s,
130,3,20251130,PD,TOTAL*,UCTION              000814984y,
130,3,20251130,PJ,BYRE01,INC.               0000003900,
130,3,20251130,PJ,MADD01,H WM MADDEN         0000011180,
130,3,20251130,PJ,MDLD01,D MERCHANTS         0000286610,
130,3,20251130,RF,TOTAL*,RODUCTION TOTAL     000003099y,
130,3,20251231,IC,TOTAL*,ADJUSTMENT          000000909u,
130,3,20251231,PD,TOTAL*,UCTION              000246625s,
130,3,20251231,PJ,BYRE01,INC.               0000012840,
130,3,20251231,PJ,CIBC03,LAN                 0000006990,
130,3,20251231,PJ,MADD01,H WM MADDEN         0000021900,
130,3,20251231,PJ,NOBL01,PACKAGING INC.     0000010260,
130,3,20251231,RF,TOTAL*,RODUCTION TOTAL     000010590v,
130,3,20260131,IC,TOTAL*,ADJUSTMENT          000001120r,
130,3,20260131,PD,TOTAL*,UCTION              000046709p,
130,3,20260131,PJ,MADD01,H WM MADDEN         0000011200,
130,3,20260131,PJ,MDLD01,D MERCHANTS         0000243750,
130,3,20260131,RF,TOTAL*,RODUCTION TOTAL     000009147s,
130,3,20260228,PD,TOTAL*,UCTION              000159168v,
130,3,20260228,PJ,CIBC03,LAN                 0000192875,
130,3,20260228,RF,TOTAL*,RODUCTION TOTAL     0000854237,
131,3,20250331,JE,J21082,ADJUSTMENTS         000200000p,
131,3,20250430,JE,J21092,ADJUSTMENTS APRIL   000200000p,
131,3,20250531,JE,J21102,ADJUSTMENT FOR MAY  000200000p,
131,3,20250630,JE,J21112,ADJ JUNE            000200000p,
131,3,20250731,JE,J21122,ADJUSTMENTS         000200000p,
131,3,20250831,JE,J21132,ADJUSTMENTS         000200000p,
131,3,20250930,JE,J21142,ADJUSTMENTS         000200000p,
131,3,20251031,JE,J21152,ADJUSTMENTS OCT 2025000200000p,
131,3,20251130,JE,J21162,FOR NOVEMBER       0006000000,
131,3,20251231,JE,J21172,ADJUSTMENTS         000200000p,
131,3,20260131,JE,J21182,ADJUSTMENTS JAN     000200000p,
145,3,20250228,,,RWARD               0040528630,
154,3,20250228,,,RWARD               0029100000,
160,3,20250331,PJ,CIBC03,LAN                 0000982173,
160,3,20250531,PJ,CIBC03,LAN                 0000866851,
160,3,20250630,PJ,CIBC03,LAN                 0000008240,
160,3,20250731,PJ,CIBC03,LAN                 0001327320,
160,3,20250930,PJ,CIBC03,LAN                 0000040680,
160,3,20260228,PJ,CIBC03,LAN                 0000016480,
161,3,20250228,,,RWARD               0130219403,
170,3,20250228,,,RWARD               0000137500,
171,3,20250228,,,RWARD               0000070000,
172,3,20250228,,,RWARD               0018783525,
173,3,20250228,,,RWARD               001633051x,
174,3,20250228,,,RWARD               0024722987,
174,3,20250331,DB,DR1740,G MARCH STATEMENT   0000047368,
174,3,20250430,DB,DR1744,G APRIL STATEMENT   0000047368,
174,3,20250531,DB,DR1748,G                   0000047368,
174,3,20250630,DB,DR1752,G JUNE STATEMENT    0000047368,
174,3,20250731,DB,DR1456,G                   0000047368,
174,3,20250831,DB,DR1760,G AUG STATEMENT     0000047368,
174,3,20250930,DB,DR1764,SEPT STATEMENT     0000047368,
174,3,20251031,DB,DR1768,G OCT STATEMENT     0000047368,
174,3,20251130,DB,DR1772,G NOV STATEMENT     0000047368,
174,3,20251231,DB,DR1776,G DEC STATEMENT     0000047368,
174,3,20260131,DB,DR1780,G                   0000138376,
175,3,20250228,,,RWARD               001904302v,
176,3,20250228,,,RWARD               0003957595,
177,3,20250228,,,RWARD               000302581x,
178,3,20250228,,,RWARD               0155368118,
180,3,20250228,,,RWARD               0100193149,
181,3,20250228,,,RWARD               009153744v,
182,3,20250228,,,RWARD               0033564429,
183,3,20250228,,,RWARD               002953631r,
184,3,20250228,,,RWARD               0023544893,
185,3,20250228,,,RWARD               002093211q,
186,3,20250228,,,RWARD               0011052732,
187,3,20250228,,,RWARD               000681543r,
188,3,20250228,,,RWARD               0004390269,
189,3,20250228,,,RWARD               000393304r,
195,3,20250331,JE,J21081,ON AUTO MARCH       000022380p,
195,3,20250430,JE,J21091,ON FOR APRIL 2025   000022380p,
195,3,20250531,JE,J21101,ON FOR MAY          000022380p,
195,3,20250630,JE,J21111,ON JUNE             000022380p,
195,3,20250731,JE,J21121,ON JULY             000022380p,
195,3,20250831,JE,J21131,ON AUTO AUGUST      000022380p,
195,3,20250930,JE,J21141,ON AUTO             000022380p,
195,3,20251031,JE,J21151,ON AUTO OCT 2025    000022380p,
195,3,20251130,JE,J21161,ON FOR NOVEMBER     000022380p,
195,3,20251231,JE,J21171,ON AUTO             000022380p,
195,3,20260131,JE,J21181,ON AUTO JANUARY     000022380p,
210,3,20250228,,,RWARD               000100411q,
210,3,20250331,DB,TOTAL*,NTS JOURNAL         0002357685,
210,3,20250331,PJ,TOTAL*,OURNAL              000408721y,
210,3,20250430,DB,TOTAL*,NTS JOURNAL         0002898050,
210,3,20250430,PJ,TOTAL*,OURNAL              000279731s,
210,3,20250531,DB,TOTAL*,NTS JOURNAL         0006816394,
210,3,20250531,PJ,TOTAL*,OURNAL              000760079x,
210,3,20250630,DB,TOTAL*,NTS JOURNAL         0004700030,
210,3,20250630,PJ,TOTAL*,OURNAL              000297065x,
210,3,20250731,DB,TOTAL*,NTS JOURNAL         0004517324,
210,3,20250731,PJ,TOTAL*,OURNAL              001090238t,
210,3,20250831,DB,TOTAL*,NTS JOURNAL         0011198944,
210,3,20250831,PJ,TOTAL*,OURNAL              000370601x,
210,3,20250930,DB,TOTAL*,NTS JOURNAL         0006354890,
210,3,20250930,PJ,TOTAL*,OURNAL              000708374u,
210,3,20251031,DB,TOTAL*,NTS JOURNAL         0007199063,
210,3,20251031,PJ,TOTAL*,OURNAL              000727093p,
210,3,20251130,DB,TOTAL*,NTS JOURNAL         0002390089,
210,3,20251130,PJ,TOTAL*,OURNAL              000292855s,
210,3,20251231,DB,TOTAL*,NTS JOURNAL         0002518492,
210,3,20251231,PJ,TOTAL*,OURNAL              000254470v,
210,3,20260131,DB,TOTAL*,NTS JOURNAL         0002959154,
210,3,20260131,PJ,TOTAL*,OURNAL              000196379u,
210,3,20260228,DB,TOTAL*,NTS JOURNAL         0003012735,
210,3,20260228,PJ,TOTAL*,OURNAL              000410543t,
225,3,20250228,,,RWARD               000160000p,
235,3,20250228,,,RWARD               0000178374,
235,3,20250331,DB,014146,ENERAL              000017837t,
235,3,20250331,DB,DR1739,STATEMENT           0000000077,
235,3,20250331,JE,J-2433,FOR MARCH          0000004406,
235,3,20250331,JE,J-2434,R MARCH 2025        0000002730,
235,3,20250331,JE,J21083,SE MARCH            0000003467,
235,3,20250331,PJ,BEAR01,ARD                 0000002145,
235,3,20250331,PJ,BELL02,A                   0000004568,
235,3,20250331,PJ,BELL03,ITY                 0000004482,
235,3,20250331,PJ,BELL05,A                   0000000271,
235,3,20250331,PJ,CANA40,T CORPORATION       000000037x,
235,3,20250331,PJ,CANO01,DA INC.             0000001345,
235,3,20250331,PJ,CIBC03,LAN                 0000009942,
235,3,20250331,PJ,CJG-01,LRY GROUP CO-OP     0000005200,
235,3,20250331,PJ,DOWD01,SONS               0000006578,
235,3,20250331,PJ,ENBR01,AS (UNION GAS)      0000022314,
235,3,20250331,PJ,EXEC02,TELECOM             0000003099,
235,3,20250331,PJ,FEDE01,PRESS CANADA LTD.   0000039175,
235,3,20250331,PJ,GESS01,ANADA               0000002462,
235,3,20250331,PJ,HYDR01,NETWORKS            0000014910,
235,3,20250331,PJ,IMPE50,ECIOUS METALS       0000004531,
235,3,20250331,PJ,MART01,TIN                 0000000655,
235,3,20250331,PJ,MESS01,ADA INC.,15687      0000002762,
235,3,20250331,PJ,MINT01,R                   0000004084,
235,3,20250331,PJ,PIER01,E                   0000006393,
235,3,20250331,PJ,PURO01,INC.                0000000599,
235,3,20250331,PJ,QBOL01,E                   0000019500,
235,3,20250331,PJ,RELI01,OME COMFORT         0000000841,
235,3,20250331,PJ,RWAM01,ANCE                0000014247,
235,3,20250331,PJ,TAYS03,ALES AGENCY LTD.    0000006198,
235,3,20250430,DB,014167,ENERAL              000018660s,
235,3,20250430,DB,DR1742,ENTECH MARCH STMT   0000000077,
235,3,20250430,JE,J-2436,FOR APRIL 2025     0000002377,
235,3,20250430,JE,J-2437,R APRIL 2025        0000003001,
235,3,20250430,JE,J21093,SE APRIL            0000006032,
235,3,20250430,PJ,ALPH01,LIMITED             0000006175,
235,3,20250430,PJ,BEAR01,ARD                 0000001040,
235,3,20250430,PJ,BELL02,A                   0000004568,
235,3,20250430,PJ,BELL05,A                   0000000264,
235,3,20250430,PJ,CHAN01,NDUSTRIAL SUPPLIES  0000001602,
235,3,20250430,PJ,CIBC03,LAN                 0000012427,
235,3,20250430,PJ,CJG-01,LRY GROUP CO-OP     0000005200,
235,3,20250430,PJ,DOWD01,SONS               0000003744,
235,3,20250430,PJ,ENBR01,AS (UNION GAS)      0000013134,
235,3,20250430,PJ,EWOR01,E TRAINING          0000003114,
235,3,20250430,PJ,EXEC02,TELECOM             0000002769,
235,3,20250430,PJ,FEDE01,PRESS CANADA LTD.   0000017772,
235,3,20250430,PJ,GESS01,ANADA               0000003930,
235,3,20250430,PJ,HYDR01,NETWORKS            0000014260,
235,3,20250430,PJ,IMPE50,ECIOUS METALS       0000026526,
235,3,20250430,PJ,MART01,TIN                 0000001291,
235,3,20250430,PJ,MCDO01,ENERGY INC.         0000000367,
235,3,20250430,PJ,MDLD01,D MERCHANTS         0000097424,
235,3,20250430,PJ,MESS01,ADA INC.,15687      0000002762,
235,3,20250430,PJ,MINT01,R                   0000007343,
235,3,20250430,PJ,PBS-01,SS SYSTEMS          0000006435,
235,3,20250430,PJ,PIER01,E                   0000009334,
235,3,20250430,PJ,PURO01,INC.                0000001104,
235,3,20250430,PJ,QUAD01,ANADA LTD  DPOC     0000013000,
235,3,20250430,PJ,RELI01,OME COMFORT         0000002209,
235,3,20250430,PJ,RWAM01,ANCE                0000014247,
235,3,20250430,PJ,TAYS03,ALES AGENCY LTD.    0000009050,
235,3,20250430,PJ,UNIT60,0000004160,
235,3,20250531,DB,014207,ENERAL              000029673x,
235,3,20250531,DB,DR1746,ENTECH APRIL STMT   0000000077,
235,3,20250531,JE,J-2439,FOR MAY 2025       0000003435,
235,3,20250531,JE,J-2440,R MAY 2025          0000002722,
235,3,20250531,JE,J21103,EXPENSE REPORT JIM 0000003608,
235,3,20250531,PJ,AMST01,SERTISSAGE          0000001365,
235,3,20250531,PJ,BEAR01,ARD                 0000004160,
235,3,20250531,PJ,BELL02,A                   0000004568,
235,3,20250531,PJ,BELL03,ITY                 0000004810,
235,3,20250531,PJ,BELL05,A                   0000000259,
235,3,20250531,PJ,CANO01,DA INC.             0000001345,
235,3,20250531,PJ,CHAN01,NDUSTRIAL SUPPLIES  0000000884,
235,3,20250531,PJ,CHUB01,RITY SYSTEMS        0000010171,
235,3,20250531,PJ,CIBC03,LAN                 0000004426,
235,3,20250531,PJ,CJG-01,LRY GROUP CO-OP     0000005200,
235,3,20250531,PJ,ENBR01,AS (UNION GAS)      0000006973,
235,3,20250531,PJ,FEDE01,PRESS CANADA LTD.   0000031733,
235,3,20250531,PJ,GESS01,ANADA               0000013079,
235,3,20250531,PJ,HYDR01,NETWORKS            0000013811,
235,3,20250531,PJ,IMPE50,ECIOUS METALS       0000004787,
235,3,20250531,PJ,MDLD01,D MERCHANTS         0000021642,
235,3,20250531,PJ,MESS01,ADA INC.,15687      0000002762,
235,3,20250531,PJ,MINT01,R                   0000015114,
235,3,20250531,PJ,PIER01,E                   0000006985,
235,3,20250531,PJ,PURO01,INC.                0000003354,
235,3,20250531,PJ,QUAD01,ANADA LTD  DPOC     0000004672,
235,3,20250531,PJ,RELI01,OME COMFORT         0000000841,
235,3,20250531,PJ,RWAM01,ANCE                0000014247,
235,3,20250531,PJ,TAYS03,ALES AGENCY LTD.    0000021710,
235,3,20250531,PJ,UNIT60,0000003880,
235,3,20250630,DB,014241,ENERAL              000021262p,
235,3,20250630,DB,DR1750,ENTECH MAY STATEMENT0000000077,
235,3,20250630,JE,J-2442,FOR JUNE 2025      0000010052,
235,3,20250630,JE,J-2443,R JUNE 2025         0000002976,
235,3,20250630,JE,J21113,SE JUNE             0000005863,
235,3,20250630,PJ,BEAR01,ARD                 0000005135,
235,3,20250630,PJ,BELL02,A                   0000004772,
235,3,20250630,PJ,BELL03,ITY                 0000002236,
235,3,20250630,PJ,BELL05,A                   0000000241,
235,3,20250630,PJ,BYRE01,INC.               0000015347,
235,3,20250630,PJ,CIBC03,LAN                 0000075003,
235,3,20250630,PJ,CJG-01,LRY GROUP CO-OP     0000044200,
235,3,20250630,PJ,COUR01,VINYL WINDOWS LTD.  0000003055,
235,3,20250630,PJ,DOWD01,SONS               0000002340,
235,3,20250630,PJ,ENBR01,AS (UNION GAS)      0000002370,
235,3,20250630,PJ,EXEC02,TELECOM             0000002903,
235,3,20250630,PJ,FEDE01,PRESS CANADA LTD.   0000020586,
235,3,20250630,PJ,GESS01,ANADA               0000018014,
235,3,20250630,PJ,HYDR01,NETWORKS            0000014048,
235,3,20250630,PJ,IMPE50,ECIOUS METALS       0000007940,
235,3,20250630,PJ,MART01,TIN                 0000001329,
235,3,20250630,PJ,MESS01,ADA INC.,15687      0000010087,
235,3,20250630,PJ,MINT01,R                   0000012043,
235,3,20250630,PJ,PIER01,E                   0000012287,
235,3,20250630,PJ,PURO01,INC.                0000003674,
235,3,20250630,PJ,RELI01,OME COMFORT         0000000841,
235,3,20250630,PJ,RWAM01,ANCE                0000014247,
235,3,20250630,PJ,TAYS03,ALES AGENCY LTD.    0000007060,
235,3,20250630,PJ,TYCO50,RATED FIRE& SECURITY0000009611,
235,3,20250731,DB,014273,ENERAL              000030833w,
235,3,20250731,DB,DR1754,ENTECH JUNE STMNT   0000000077,
235,3,20250731,JE,J-2445,FOR JULY 2025      0000005069,
235,3,20250731,JE,J-2446,R JULY 2025         0000003285,
235,3,20250731,JE,J21123,SE JULY             0000003518,
235,3,20250731,PJ,AMST01,SERTISSAGE          0000001533,
235,3,20250731,PJ,BELL02,A                   0000004676,
235,3,20250731,PJ,BELL03,ITY                 0000003084,
235,3,20250731,PJ,BELL05,A                   0000000190,
235,3,20250731,PJ,BYRE01,INC.               0000000738,
235,3,20250731,PJ,CEYL01,S & JEWELLERY       0000001300,
235,3,20250731,PJ,CIBC03,LAN                 0000003286,
235,3,20250731,PJ,CJG-01,LRY GROUP CO-OP     0000011442,
235,3,20250731,PJ,ENBR01,AS (UNION GAS)      0000003791,
235,3,20250731,PJ,EXEC02,TELECOM             0000002903,
235,3,20250731,PJ,FEDE01,PRESS CANADA LTD.   0000015624,
235,3,20250731,PJ,HYDR01,NETWORKS            0000016724,
235,3,20250731,PJ,IMPE50,ECIOUS METALS       0000405604,
235,3,20250731,PJ,MART01,TIN                 0000002267,
235,3,20250731,PJ,MDLD01,D MERCHANTS         0000097640,
235,3,20250731,PJ,MESS01,ADA INC.,15687      0000005998,
235,3,20250731,PJ,MILL01,OUSE, ROSEBRUGH     0000153920,
235,3,20250731,PJ,MINT01,R                   0000009030,
235,3,20250731,PJ,NOBL01,PACKAGING INC.     0000005516,
235,3,20250731,PJ,PIER01,E                   0000009729,
235,3,20250731,PJ,PLUM01,MBING AND HEATING   0000002262,
235,3,20250731,PJ,PURO01,INC.                0000003432,
235,3,20250731,PJ,QBOL01,E                   0000013000,
235,3,20250731,PJ,RWAM01,ANCE                0000014247,
235,3,20250731,PJ,TAYS03,ALES AGENCY LTD.    0000007129,
235,3,20250831,CR,250831,SHOW SPONSNORSHIP  0000039000,
235,3,20250831,DB,DR1758,STATEMENT          0000000077,
235,3,20250831,JE,J-2449,R AUGUST 2025       0000002628,
235,3,20250831,JE,J21133,SE AUGUST           0000003433,
235,3,20250831,JE,J2448,FOR AUGUST         0000002303,
235,3,20250831,PJ,AMST01,SERTISSAGE          0000003640,
235,3,20250831,PJ,BELL02,A                   0000004676,
235,3,20250831,PJ,BELL03,ITY                 0000003757,
235,3,20250831,PJ,BELL05,A                   0000000097,
235,3,20250831,PJ,CANO01,DA INC.             0000001345,
235,3,20250831,PJ,CHUB01,RITY SYSTEMS        0000010171,
235,3,20250831,PJ,CJG-01,LRY GROUP CO-OP     000003250p,
235,3,20250831,PJ,ENBR01,AS (UNION GAS)      0000002228,
235,3,20250831,PJ,EXEC02,TELECOM             0000002903,
235,3,20250831,PJ,FEDE01,PRESS CANADA LTD.   0000013421,
235,3,20250831,PJ,HYDR01,NETWORKS            0000017786,
235,3,20250831,PJ,IMPE50,ECIOUS METALS       0000270996,
235,3,20250831,PJ,MART01,TIN                 0000000491,
235,3,20250831,PJ,MDLD01,D MERCHANTS         000008042y,
235,3,20250831,PJ,MESS01,ADA INC.,15687      0000006350,
235,3,20250831,PJ,MINT01,R                   0000043237,
235,3,20250831,PJ,PBS-01,SS SYSTEMS          0000006045,
235,3,20250831,PJ,PIER01,E                   0000005576,
235,3,20250831,PJ,PLUM01,MBING AND HEATING   0000009856,
235,3,20250831,PJ,PURO01,INC.                0000000510,
235,3,20250831,PJ,RELI01,OME COMFORT         0000003050,
235,3,20250831,PJ,RWAM01,ANCE                0000014247,
235,3,20250831,PJ,TAYS03,ALES AGENCY LTD.    0000000281,
235,3,20250831,PJ,UNIT60,0000005295,
235,3,20250930,CR,250924,ANADA               000080701t,
235,3,20250930,DB,014341,ENERAL              000036047p,
235,3,20250930,DB,DR1762,ST STATEMENT        0000000077,
235,3,20250930,JE,J-2451,SEPTEMBER          0000010014,
235,3,20250930,JE,J21143,SE                  0000003777,
235,3,20250930,JE,J2452,R SEPTEMBER 2025    0000002956,
235,3,20250930,PJ,BYRE01,INC.               0000019721,
235,3,20250930,PJ,CIBC03,LAN                 0000003002,
235,3,20250930,PJ,CJG-01,LRY GROUP CO-OP     0000005200,
235,3,20250930,PJ,FEDE01,PRESS CANADA LTD.   0000001168,
235,3,20250930,PJ,IMPE50,ECIOUS METALS       0000004409,
235,3,20250930,PJ,MART01,TIN                 0000000433,
235,3,20250930,PJ,MDLD01,D MERCHANTS         0000125455,
235,3,20250930,PJ,MESS01,ADA INC.,15687      0000013481,
235,3,20250930,PJ,MINT01,R                   0000013195,
235,3,20250930,PJ,PIER01,E                   0000007174,
235,3,20250930,PJ,QBOL01,E                   0000013000,
235,3,20250930,PJ,RWAM01,ANCE                0000014247,
235,3,20250930,PJ,TAYS03,ALES AGENCY LTD.    0000003059,
235,3,20250930,PJ,TILL08,G FIRE & SAFETY EQUI0000007304,
235,3,20251031,DB,014362,ENERAL              000024767r,
235,3,20251031,DB,DR1766,ENTECH SEPT STTMNT  0000000077,
235,3,20251031,JE,J-2454,FOR OCTOBER 2025   0000006218,
235,3,20251031,JE,J21153,SE OCT 2025         0000003946,
235,3,20251031,JE,J2455,R OCTOBER 2025      0000003678,
235,3,20251031,PJ,BELL02,A                   0000009352,
235,3,20251031,PJ,BELL03,ITY                 0000005099,
235,3,20251031,PJ,BELL05,A                   0000000392,
235,3,20251031,PJ,CHAN01,NDUSTRIAL SUPPLIES  0000005155,
235,3,20251031,PJ,CIBC03,LAN                 0000005100,
235,3,20251031,PJ,CJG-01,LRY GROUP CO-OP     0000005200,
235,3,20251031,PJ,ENBR01,AS (UNION GAS)      0000002306,
235,3,20251031,PJ,EXEC02,TELECOM             0000002903,
235,3,20251031,PJ,FEDE01,PRESS CANADA LTD.   0000014863,
235,3,20251031,PJ,GESS01,ANADA               0000002553,
235,3,20251031,PJ,HYDR01,NETWORKS            0000015003,
235,3,20251031,PJ,IMPE50,ECIOUS METALS       0000001040,
235,3,20251031,PJ,MART01,TIN                 0000000696,
235,3,20251031,PJ,MDLD01,D MERCHANTS         0000004367,
235,3,20251031,PJ,MESS01,ADA INC.,15687      0000003228,
235,3,20251031,PJ,MILL01,OUSE, ROSEBRUGH     0000009555,
235,3,20251031,PJ,MINT01,R                   0000019413,
235,3,20251031,PJ,PIER01,E                   0000013952,
235,3,20251031,PJ,PURO01,INC.                0000001465,
235,3,20251031,PJ,QBOL01,E                   0000013000,
235,3,20251031,PJ,RELI01,OME COMFORT         0000001682,
235,3,20251031,PJ,RWAM01,ANCE                0000014247,
235,3,20251031,PJ,TAYS03,ALES AGENCY LTD.    0000009196,
235,3,20251130,DB,014393,ENERAL              000017368v,
235,3,20251130,DB,DR1770,ENTECH OCT STATEMENT0000000077,
235,3,20251130,JE,J-2457,FOR NOVEMBER 2025  0000011363,
235,3,20251130,JE,J-2458,R NOVEMBER 2025     0000002704,
235,3,20251130,JE,J21163,EAGE REPORT JIM NOV 0000003692,
235,3,20251130,PJ,AMST01,SERTISSAGE          0000009360,
235,3,20251130,PJ,BEAR01,ARD                 0000001040,
235,3,20251130,PJ,BELL02,A                   0000004727,
235,3,20251130,PJ,BELL03,ITY                 0000002415,
235,3,20251130,PJ,BELL05,A                   0000000249,
235,3,20251130,PJ,BYRE01,INC.               0000002561,
235,3,20251130,PJ,CANA32,EWELLERS ASSOCIATION0000018837,
235,3,20251130,PJ,CANA45,T                   0000004264,
235,3,20251130,PJ,CANO01,DA INC.             0000001614,
235,3,20251130,PJ,CIBC03,LAN                 0000031948,
235,3,20251130,PJ,CJG-01,LRY GROUP CO-OP     0000005200,
235,3,20251130,PJ,ENBR01,AS (UNION GAS)      0000006692,
235,3,20251130,PJ,EXEC02,TELECOM             0000002903,
235,3,20251130,PJ,FEDE01,PRESS CANADA LTD.   0000017207,
235,3,20251130,PJ,GESS01,ANADA               0000009973,
235,3,20251130,PJ,HYDR01,NETWORKS            0000020403,
235,3,20251130,PJ,ISWS01,S                   0000027859,
235,3,20251130,PJ,MART01,TIN                 0000001597,
235,3,20251130,PJ,MDLD01,D MERCHANTS         0000037151,
235,3,20251130,PJ,MESS01,ADA INC.,15687      0000003316,
235,3,20251130,PJ,MINT01,R                   0000005774,
235,3,20251130,PJ,PIER01,E                   0000019196,
235,3,20251130,PJ,PURO01,INC.                0000002255,
235,3,20251130,PJ,QBOL01,E                   0000013000,
235,3,20251130,PJ,RWAM01,ANCE                0000014320,
235,3,20251130,PJ,TAYS03,ALES AGENCY LTD.    0000005407,
235,3,20251231,DB,014418,ENERAL              000028710t,
235,3,20251231,DB,DR1774,MBER STATEMENT      0000000077,
235,3,20251231,JE,J21173,SE DEC 2025         0000003523,
235,3,20251231,JE,J2460,FOR DECEMBER 2025  0000008542,
235,3,20251231,JE,J2461,R DECEMBER 2025     0000002757,
235,3,20251231,PJ,BEAR01,ARD                 0000001560,
235,3,20251231,PJ,BELL02,A                   0000004676,
235,3,20251231,PJ,BELL03,ITY                 0000002366,
235,3,20251231,PJ,BELL05,A                   0000000200,
235,3,20251231,PJ,BYRE01,INC.               0000007631,
235,3,20251231,PJ,CIBC03,LAN                 0000009380,
235,3,20251231,PJ,CJG-01,LRY GROUP CO-OP     0000005200,
235,3,20251231,PJ,ENBR01,AS (UNION GAS)      0000012165,
235,3,20251231,PJ,EXEC02,TELECOM             0000002903,
235,3,20251231,PJ,FEDE01,PRESS CANADA LTD.   0000027518,
235,3,20251231,PJ,GESS01,ANADA               0000007618,
235,3,20251231,PJ,HYDR01,NETWORKS            0000017321,
235,3,20251231,PJ,MART01,TIN                 0000000764,
235,3,20251231,PJ,MAZZ01,ING&AIR CONDITIONING0000003965,
235,3,20251231,PJ,MDLD01,D MERCHANTS         0000029826,
235,3,20251231,PJ,MESS01,ADA INC.,15687      0000014886,
235,3,20251231,PJ,MINT01,R                   0000006248,
235,3,20251231,PJ,NOBL01,PACKAGING INC.     0000005516,
235,3,20251231,PJ,PIER01,E                   0000016928,
235,3,20251231,PJ,PURO01,INC.                0000004575,
235,3,20251231,PJ,QBOL01,E                   0000013000,
235,3,20251231,PJ,RELI01,OME COMFORT         0000003050,
235,3,20251231,PJ,RWAM01,ANCE                0000014320,
235,3,20251231,PJ,SISK01,ROMARTY, IVEY & DOWL0000012675,
235,3,20251231,PJ,TAYS03,ALES AGENCY LTD.    0000009630,
235,3,20251231,PJ,UNIT60,0000006551,
235,3,20260131,DB,014454,ENERAL              000025537q,
235,3,20260131,DB,DR1778,ENTHECH DEC STATEMEN0000000077,
235,3,20260131,JE,J-2463,FOR JANUARY 2026   0000010267,
235,3,20260131,JE,J-2464,R JANUARY 2026      0000003347,
235,3,20260131,JE,J21183,CES JANUARY         0000001353,
235,3,20260131,PJ,BELL02,A                   0000005045,
235,3,20260131,PJ,BELL03,ITY                 0000002434,
235,3,20260131,PJ,BELL05,A                   0000000177,
235,3,20260131,PJ,CIBC03,LAN                 0000000558,
235,3,20260131,PJ,CJG-01,LRY GROUP CO-OP     0000005200,
235,3,20260131,PJ,ENBR01,AS (UNION GAS)      0000013087,
235,3,20260131,PJ,EXEC02,TELECOM             0000002903,
235,3,20260131,PJ,FEDE01,PRESS CANADA LTD.   0000008381,
235,3,20260131,PJ,GESS01,ANADA               0000001253,
235,3,20260131,PJ,HYDR01,NETWORKS            0000015440,
235,3,20260131,PJ,MDLD01,D MERCHANTS         0000085371,
235,3,20260131,PJ,MESS01,ADA INC.,15687      0000003228,
235,3,20260131,PJ,MINT01,R                   0000001223,
235,3,20260131,PJ,PIER01,E                   0000004966,
235,3,20260131,PJ,PURO01,INC.                0000000795,
235,3,20260131,PJ,QBOL01,E                   0000026000,
235,3,20260131,PJ,RELI01,OME COMFORT         0000000841,
235,3,20260131,PJ,RWAM01,ANCE                0000014320,
235,3,20260131,PJ,TAYS03,ALES AGENCY LTD.    0000002233,
235,3,20260228,PJ,CIBC03,LAN                 0000009061,
235,3,20260228,PJ,CJG-01,LRY GROUP CO-OP     0000005200,
235,3,20260228,PJ,ENBR01,AS (UNION GAS)      0000021435,
235,3,20260228,PJ,EXEC02,TELECOM             0000002898,
235,3,20260228,PJ,FEDE01,PRESS CANADA LTD.   0000009095,
235,3,20260228,PJ,GESS01,ANADA               0000016255,
235,3,20260228,PJ,HYDR01,NETWORKS            0000004720,
235,3,20260228,PJ,IMPE50,ECIOUS METALS       0000261841,
235,3,20260228,PJ,MDLD01,D MERCHANTS         0000011205,
235,3,20260228,PJ,PURO01,INC.                0000002502,
235,3,20260228,PJ,RWAM01,ANCE                0000014320,
235,3,20260228,PJ,WEBE01,LY COMPANY INC.     0000002094,
240,3,20250228,,,RWARD               000069633x,
240,3,20250331,JE,J-2434,R MARCH 2025        000018471q,
240,3,20250430,JE,J-2437,R APRIL 2025        000008141s,
240,3,20250430,JE,J21094,FOR WEEEK 4        0000549663,
240,3,20250430,JE,J21095,ACCR.AMT.APRIL     000018471q,
240,3,20250531,JE,J-2440,R MAY 2025          000025212t,
240,3,20250630,JE,J-2443,R JUNE 2025         000004914q,
240,3,20250731,JE,J-2446,R JULY 2025         0000076180,
240,3,20250831,JE,J-2449,R AUGUST 2025       0000002164,
240,3,20250930,JE,J2452,R SEPTEMBER 2025    000037828y,
240,3,20251031,JE,J2455,R OCTOBER 2025      0000315869,
240,3,20251130,JE,J-2458,R NOVEMBER 2025     000000106t,
240,3,20251231,JE,J2461,R DECEMBER 2025     0000722229,
242,3,20250228,,,RWARD               000001521p,
242,3,20250331,DB,014146,ENERAL              0000015210,
242,3,20250331,SJ,TOTAL*,NAL                 000021574w,
242,3,20250430,DB,014167,ENERAL              0000215747,
242,3,20250430,SJ,TOTAL*,NAL                 000006458t,
242,3,20250531,DB,014207,ENERAL              0000064584,
242,3,20250531,SJ,TOTAL*,NAL                 000007885v,
242,3,20250630,DB,014241,ENERAL              0000078856,
242,3,20250630,SJ,TOTAL*,NAL                 000027768s,
242,3,20250731,DB,014273,ENERAL              0000277683,
242,3,20250731,SJ,TOTAL*,NAL                 000005123p,
242,3,20250831,SJ,TOTAL*,NAL                 000007654s,
242,3,20250930,CR,250924,ANADA               0000051230,
242,3,20250930,DB,014341,ENERAL              0000076543,
242,3,20250930,SJ,TOTAL*,NAL                 000002484t,
242,3,20251031,DB,014362,ENERAL              0000024844,
242,3,20251031,SJ,TOTAL*,NAL                 000001772y,
242,3,20251130,DB,014393,ENERAL              0000017729,
242,3,20251130,SJ,TOTAL*,NAL                 000010924w,
242,3,20251231,DB,014418,ENERAL              0000109247,
242,3,20251231,SJ,TOTAL*,NAL                 000005257u,
242,3,20260131,DB,014454,ENERAL              0000052575,
242,3,20260131,SJ,TOTAL*,NAL                 000000571q,
242,3,20260228,SJ,TOTAL*,NAL                 000006116u,
244,3,20250228,,,RWARD               000027038t,
244,3,20250331,DB,014146,ENERAL              0000270384,
244,3,20250331,SJ,TOTAL*,NAL                 000040203r,
244,3,20250430,DB,014167,ENERAL              0000402032,
244,3,20250430,SJ,TOTAL*,NAL                 000042440s,
244,3,20250531,DB,014207,ENERAL              0000424403,
244,3,20250531,SJ,TOTAL*,NAL                 000039966w,
244,3,20250630,DB,014241,ENERAL              0000399667,
244,3,20250630,SJ,TOTAL*,NAL                 000062202x,
244,3,20250731,DB,014273,ENERAL              0000622028,
244,3,20250731,SJ,TOTAL*,NAL                 000028547q,
244,3,20250831,SJ,TOTAL*,NAL                 000135672t,
244,3,20250930,CR,250924,ANADA               0000285471,
244,3,20250930,DB,014341,ENERAL              0001356724,
244,3,20250930,SJ,TOTAL*,NAL                 000041923x,
244,3,20251031,DB,014362,ENERAL              0000419238,
244,3,20251031,SJ,TOTAL*,NAL                 000082425x,
244,3,20251130,DB,014393,ENERAL              0000824258,
244,3,20251130,SJ,TOTAL*,NAL                 000119994s,
244,3,20251231,DB,014418,ENERAL              0001199943,
244,3,20251231,SJ,TOTAL*,NAL                 000034022s,
244,3,20260131,DB,014454,ENERAL              0000340223,
244,3,20260131,SJ,TOTAL*,NAL                 000013202p,
244,3,20260228,SJ,TOTAL*,NAL                 000043291y,
245,3,20250228,,,RWARD               000045273u,
245,3,20250331,DB,014146,ENERAL              0000452735,
245,3,20250331,SJ,TOTAL*,NAL                 000044416s,
245,3,20250430,DB,014167,ENERAL              0000444163,
245,3,20250430,SJ,TOTAL*,NAL                 000064504q,
245,3,20250531,DB,014207,ENERAL              0000645041,
245,3,20250531,SJ,TOTAL*,NAL                 000024467u,
245,3,20250630,DB,014241,ENERAL              0000244675,
245,3,20250630,SJ,TOTAL*,NAL                 000018079v,
245,3,20250731,DB,014273,ENERAL              0000180796,
245,3,20250731,SJ,TOTAL*,NAL                 000012485q,
245,3,20250831,SJ,TOTAL*,NAL                 000003121x,
245,3,20250930,CR,250924,ANADA               0000124851,
245,3,20250930,DB,014341,ENERAL              0000031218,
245,3,20250930,SJ,TOTAL*,NAL                 000003106r,
245,3,20251031,DB,014362,ENERAL              0000031062,
245,3,20251031,SJ,TOTAL*,NAL                 000017707v,
245,3,20251130,DB,014393,ENERAL              0000177076,
245,3,20251130,SJ,TOTAL*,NAL                 000041258r,
245,3,20251231,DB,014418,ENERAL              0000412582,
245,3,20251231,SJ,TOTAL*,NAL                 000015935u,
245,3,20260131,DB,014454,ENERAL              0000159355,
245,3,20260131,SJ,TOTAL*,NAL                 000002519w,
245,3,20260228,SJ,TOTAL*,NAL                 000005076u,
246,3,20250531,SJ,TOTAL*,NAL                 000085344w,
246,3,20250630,DB,014241,ENERAL              0000853447,
246,3,20250630,SJ,TOTAL*,NAL                 000039986q,
246,3,20250731,DB,014273,ENERAL              0000399861,
246,3,20250731,SJ,TOTAL*,NAL                 000017358q,
246,3,20250831,SJ,TOTAL*,NAL                 000012500q,
246,3,20250930,CR,250924,ANADA               0000173581,
246,3,20250930,DB,014341,ENERAL              0000125001,
246,3,20250930,SJ,TOTAL*,NAL                 000009250u,
246,3,20251031,DB,014362,ENERAL              0000092505,
246,3,20251031,SJ,TOTAL*,NAL                 000007400t,
246,3,20251130,DB,014393,ENERAL              0000074004,
246,3,20251130,SJ,TOTAL*,NAL                 000028217w,
246,3,20251231,DB,014418,ENERAL              0000282177,
246,3,20251231,SJ,TOTAL*,NAL                 000016490p,
246,3,20260131,DB,014454,ENERAL              0000164900,
246,3,20260131,SJ,TOTAL*,NAL                 000001443q,
246,3,20260228,SJ,TOTAL*,NAL                 000017277x,
253,3,20250731,DB,014272,0000200000,
253,3,20251031,JE,J-2454,FOR OCTOBER 2025   0000030000,
254,3,20250228,,,RWARD               029318912p,
257,3,20250228,,,RWARD               003786409v,
257,3,20250331,JE,J21083,SE MARCH            000003013u,
257,3,20250430,JE,J-2436,FOR APRIL 2025     0000186000,
257,3,20250430,JE,J21093,SE APRIL            000005243p,
257,3,20250531,JE,J21103,EXPENSE REPORT JIM 000003136p,
257,3,20250630,JE,J21113,SE JUNE             000005096p,
257,3,20250731,DB,014287,TARIO INC.          0001130000,
257,3,20250731,JE,J21123,SE JULY             000003057v,
257,3,20250831,DB,014288,0001589965,
257,3,20250831,DB,014289,INC                 0001265728,
257,3,20250831,JE,J21133,SE AUGUST           000002984q,
257,3,20250930,CR,250924,SON                 000158996u,
257,3,20250930,JE,J-2451,SEPTEMBER          0000134000,
257,3,20250930,JE,J21143,SE                  000003283p,
257,3,20251031,JE,J-2454,FOR OCTOBER 2025   0000330000,
257,3,20251031,JE,J21153,SE OCT 2025         000003430p,
257,3,20251130,JE,J21163,EAGE REPORT JIM NOV 000003209u,
257,3,20251231,JE,J21173,SE DEC 2025         000003062u,
257,3,20260131,JE,J21183,CES JANUARY         000001176p,
259,3,20250228,,,RWARD               0002557342,
260,3,20250731,CR,250730,ER REFINING - TERRYH000030731r,
260,3,20250731,DB,014286,Y                   0000307312,
290,3,20250228,,,RWARD               004500000p,
291,3,20250228,,,RWARD               000330290p,
299,3,20250228,,,RWARD               003000194q,
30101,3,20250331,SJ,TOTAL*,NAL                 000006240p,90010
30101,3,20250430,SJ,TOTAL*,NAL                 000054802u,90010
30101,3,20250531,SJ,TOTAL*,NAL                 000025986r,90010
30101,3,20250630,SJ,TOTAL*,NAL                 000020647u,90010
30101,3,20250731,SJ,TOTAL*,NAL                 000024485p,90010
30101,3,20250831,SJ,TOTAL*,NAL                 000011757u,90010
30101,3,20250930,SJ,TOTAL*,NAL                 000002002u,90010
30101,3,20251031,SJ,TOTAL*,NAL                 000023337y,90010
30101,3,20251130,SJ,TOTAL*,NAL                 000034793y,90010
30101,3,20251231,SJ,TOTAL*,NAL                 000031210p,90010
30101,3,20260228,SJ,TOTAL*,NAL                 000001997u,90010
30201,3,20250331,SJ,TOTAL*,NAL                 000060202u,90010
30201,3,20250430,SJ,TOTAL*,NAL                 000171920p,90010
30201,3,20250531,SJ,TOTAL*,NAL                 000271115t,90010
30201,3,20250630,SJ,TOTAL*,NAL                 000131632u,90010
30201,3,20250731,SJ,TOTAL*,NAL                 000204185p,90010
30201,3,20250831,SJ,TOTAL*,NAL                 000150548u,90010
30201,3,20250930,SJ,TOTAL*,NAL                 000134447u,90010
30201,3,20251031,SJ,TOTAL*,NAL                 000078421u,90010
30201,3,20251130,SJ,TOTAL*,NAL                 000123360p,90010
30201,3,20251231,SJ,TOTAL*,NAL                 000095859t,90010
30201,3,20260131,SJ,TOTAL*,NAL                 000029807u,90010
30201,3,20260228,SJ,TOTAL*,NAL                 000231192v,90010
30301,3,20250331,SJ,TOTAL*,NAL                 000048385p,90010
30301,3,20250430,SJ,TOTAL*,NAL                 000081602u,90010
30301,3,20250531,SJ,TOTAL*,NAL                 000055690p,90010
30301,3,20250630,SJ,TOTAL*,NAL                 000082433x,90010
30301,3,20250731,SJ,TOTAL*,NAL                 000082552u,90010
30301,3,20250831,SJ,TOTAL*,NAL                 000032461y,90010
30301,3,20250930,SJ,TOTAL*,NAL                 000054435u,90010
30301,3,20251031,SJ,TOTAL*,NAL                 000071603y,90010
30301,3,20251130,SJ,TOTAL*,NAL                 000126993t,90010
30301,3,20251231,SJ,TOTAL*,NAL                 000208443w,90010
30301,3,20260131,SJ,TOTAL*,NAL                 000035973x,90010
30301,3,20260228,SJ,TOTAL*,NAL                 000075201t,90010
30401,3,20250331,SJ,TOTAL*,NAL                 000061257u,90010
30401,3,20250430,SJ,TOTAL*,NAL                 000042495p,90010
30401,3,20250531,SJ,TOTAL*,NAL                 000108602u,90010
30401,3,20250630,SJ,TOTAL*,NAL                 000109232u,90010
30401,3,20250731,SJ,TOTAL*,NAL                 000056385p,90010
30401,3,20250831,SJ,TOTAL*,NAL                 000013143u,90010
30401,3,20250930,SJ,TOTAL*,NAL                 000035385p,90010
30401,3,20251031,SJ,TOTAL*,NAL                 000026555p,90010
30401,3,20251130,SJ,TOTAL*,NAL                 000011350p,90010
30401,3,20251231,SJ,TOTAL*,NAL                 000051422u,90010
30401,3,20260131,SJ,TOTAL*,NAL                 000008450p,90010
30401,3,20260228,SJ,TOTAL*,NAL                 000046948u,90010
30406,3,20250331,SJ,TOTAL*,NAL                 000001200p,90010
30406,3,20250430,SJ,TOTAL*,NAL                 000005825p,90010
30406,3,20250531,SJ,TOTAL*,NAL                 000001817u,90010
30406,3,20250630,SJ,TOTAL*,NAL                 000003340p,90010
30406,3,20251231,SJ,TOTAL*,NAL                 000002475p,90010
30407,3,20250531,SJ,TOTAL*,NAL                 000001000p,90010
30501,3,20250331,SJ,TOTAL*,NAL                 000649422u,90010
30501,3,20250430,SJ,TOTAL*,NAL                 000353124y,90010
30501,3,20250531,SJ,TOTAL*,NAL                 000571810p,90010
30501,3,20250630,SJ,TOTAL*,NAL                 000833310p,90010
30501,3,20250731,SJ,TOTAL*,NAL                 000133393p,90010
30501,3,20250831,SJ,TOTAL*,NAL                 000093721x,90010
30501,3,20250930,SJ,TOTAL*,NAL                 000125407x,90010
30501,3,20251031,SJ,TOTAL*,NAL                 000419592u,90010
30501,3,20251130,SJ,TOTAL*,NAL                 000778120q,90010
30501,3,20251231,SJ,TOTAL*,NAL                 000046942u,90010
30501,3,20260131,SJ,TOTAL*,NAL                 000002932u,90010
30501,3,20260228,SJ,TOTAL*,NAL                 000166977v,90010
30504,3,20250331,SJ,TOTAL*,NAL                 000009170p,90010
30504,3,20250430,SJ,TOTAL*,NAL                 000001200p,90010
30504,3,20250531,SJ,TOTAL*,NAL                 000033690p,90010
30504,3,20251031,SJ,TOTAL*,NAL                 000003620p,90010
30504,3,20260228,SJ,TOTAL*,NAL                 000000760p,90010
30506,3,20250430,SJ,TOTAL*,NAL                 000002850p,90010
30507,3,20250331,SJ,TOTAL*,NAL                 000009550p,90010
30507,3,20250430,SJ,TOTAL*,NAL                 000005700p,90010
30507,3,20250531,SJ,TOTAL*,NAL                 000017800p,90010
30507,3,20250630,SJ,TOTAL*,NAL                 000000500p,90010
30507,3,20250731,SJ,TOTAL*,NAL                 000006850p,90010
30507,3,20250930,SJ,TOTAL*,NAL                 000001000p,90010
30507,3,20251031,SJ,TOTAL*,NAL                 000013050p,90010
30507,3,20251130,SJ,TOTAL*,NAL                 000002850p,90010
30507,3,20260228,SJ,TOTAL*,NAL                 000001850p,90010
30509,3,20250331,SJ,TOTAL*,NAL                 000057605p,90010
30509,3,20250430,SJ,TOTAL*,NAL                 000133115p,90010
30509,3,20250531,SJ,TOTAL*,NAL                 000099302u,90010
30509,3,20250630,SJ,TOTAL*,NAL                 000170112u,90010
30509,3,20250731,SJ,TOTAL*,NAL                 0000012870,90010
30509,3,20250831,SJ,TOTAL*,NAL                 000107290p,90010
30509,3,20250930,SJ,TOTAL*,NAL                 000036700p,90010
30509,3,20251031,SJ,TOTAL*,NAL                 000101065p,90010
30509,3,20251130,SJ,TOTAL*,NAL                 000351087u,90010
30509,3,20251231,SJ,TOTAL*,NAL                 000064480p,90010
30509,3,20260131,SJ,TOTAL*,NAL                 000002310p,90010
30509,3,20260228,SJ,TOTAL*,NAL                 000056750p,90010
30601,3,20250331,SJ,TOTAL*,NAL                 000002950x,90010
30601,3,20250430,SJ,TOTAL*,NAL                 000001375p,90010
30601,3,20250531,SJ,TOTAL*,NAL                 000013207r,90010
30601,3,20250630,SJ,TOTAL*,NAL                 000029912x,90010
30601,3,20250731,SJ,TOTAL*,NAL                 000001560p,90010
30601,3,20250831,SJ,TOTAL*,NAL                 000005080p,90010
30601,3,20250930,SJ,TOTAL*,NAL                 000005885p,90010
30601,3,20251031,SJ,TOTAL*,NAL                 000019042u,90010
30601,3,20251130,SJ,TOTAL*,NAL                 000097067u,90010
30601,3,20251231,SJ,TOTAL*,NAL                 000014342u,90010
30601,3,20260131,SJ,TOTAL*,NAL                 000002685p,90010
30601,3,20260228,SJ,TOTAL*,NAL                 000008325p,90010
30801,3,20250331,SJ,TOTAL*,NAL                 000109405p,90010
30801,3,20250430,SJ,TOTAL*,NAL                 000004811u,90010
30801,3,20250531,SJ,TOTAL*,NAL                 000019067u,90010
30801,3,20250630,SJ,TOTAL*,NAL                 000007440p,90010
30801,3,20250731,SJ,TOTAL*,NAL                 000004773x,90010
30801,3,20250831,SJ,TOTAL*,NAL                 000146109w,90010
30801,3,20250930,SJ,TOTAL*,NAL                 000015062u,90010
30801,3,20251031,SJ,TOTAL*,NAL                 000013670p,90010
30801,3,20251130,SJ,TOTAL*,NAL                 000073143v,90010
30801,3,20251231,SJ,TOTAL*,NAL                 000048590x,90010
30801,3,20260131,SJ,TOTAL*,NAL                 000048858x,90010
30801,3,20260228,SJ,TOTAL*,NAL                 000007608w,90010
30802,3,20250430,SJ,TOTAL*,NAL                 000001410p,90010
30802,3,20251031,SJ,TOTAL*,NAL                 000000330p,90010
30802,3,20260228,SJ,TOTAL*,NAL                 000000296u,90010
30803,3,20250531,SJ,TOTAL*,NAL                 0000005450,90010
30803,3,20250630,SJ,TOTAL*,NAL                 000008947x,90010
30803,3,20250831,SJ,TOTAL*,NAL                 000711370p,90010
30803,3,20250930,SJ,TOTAL*,NAL                 000034221r,90010
30803,3,20251031,SJ,TOTAL*,NAL                 000001049u,90010
30803,3,20251130,SJ,TOTAL*,NAL                 000000920p,90010
30803,3,20251231,SJ,TOTAL*,NAL                 000000716x,90010
30807,3,20250430,SJ,TOTAL*,NAL                 000003850p,90010
30807,3,20250531,SJ,TOTAL*,NAL                 000004950p,90010
30807,3,20250630,SJ,TOTAL*,NAL                 000018175p,90010
30807,3,20250731,SJ,TOTAL*,NAL                 000001290p,90010
30807,3,20250831,SJ,TOTAL*,NAL                 000017375p,90010
30807,3,20250930,SJ,TOTAL*,NAL                 000003540p,90010
30807,3,20251031,SJ,TOTAL*,NAL                 000003885p,90010
30807,3,20251231,SJ,TOTAL*,NAL                 000000370p,90010
30807,3,20260131,SJ,TOTAL*,NAL                 000002390p,90010
30807,3,20260228,SJ,TOTAL*,NAL                 000000430p,90010
30810,3,20250331,SJ,TOTAL*,NAL                 000005250p,90010
30810,3,20250430,SJ,TOTAL*,NAL                 000000760p,90010
30810,3,20250630,SJ,TOTAL*,NAL                 0000020175,90010
30810,3,20250930,SJ,TOTAL*,NAL                 000000240p,90010
30813,3,20250831,SJ,TOTAL*,NAL                 000008185p,90010
340,3,20250331,JE,J-2434,R MARCH 2025        000002302u,
341,3,20250331,CR,250304,RIEM FOR RENT&UTILTS000022250p,
341,3,20250331,CR,250331,OR RENT&UTILITIES   000007000p,
341,3,20250331,JE,J-2433,FOR MARCH          000016430p,
341,3,20250430,CR,250403,RIEM FOR RENT&UTILIT000022250p,
341,3,20250531,CR,250506,RIEM FOR RENT&UTILIT000022250p,
341,3,20250531,CR,250508,OR RENT&UTILITIES   000007000p,
341,3,20250531,JE,J-2439,FOR MAY 2025       000010430p,
341,3,20250630,CR,250603,EM FOR JUNE RENT&UTL000022250p,
341,3,20250630,JE,J-2442,FOR JUNE 2025      000014860p,
341,3,20250731,CR,250707,EM FOR RENT&UTIL JUN000022250p,
341,3,20250731,JE,J-2445,FOR JULY 2025      000010430p,
341,3,20250831,CR,250806,FOR RENT&UTILITIES 000022250p,
341,3,20250831,JE,J2448,FOR AUGUST         000010430p,
341,3,20250930,CR,250902,RIEM SEPT RENT &UTIL000015750p,
341,3,20250930,CR,250908,FOR RENT&UTILITIES 000006500p,
341,3,20250930,JE,J-2451,SEPTEMBER          000010430p,
341,3,20251031,CR,251001,RIEM OCT RENT&UTILIT000022250p,
341,3,20251031,JE,J-2454,FOR OCTOBER 2025   000006000p,
341,3,20251130,CR,251105,RIEM FOR RENT&UTILIT000022250p,
341,3,20251130,JE,J-2457,FOR NOVEMBER 2025  000006000p,
341,3,20251231,CR,251208,RIEM RENT&UTILITIES 000022250p,
341,3,20251231,JE,J2460,FOR DECEMBER 2025  000006000p,
341,3,20260131,CR,260106,RIEM FOR RENT&UTLS  000022250p,
341,3,20260131,JE,J-2463,FOR JANUARY 2026   000006000p,
341,3,20260228,CR,260203,RIEM FOR RENT&UTILIT000022250p,
342,3,20250331,SC,*TOTAL,ICE CHARGES         000000369v,
342,3,20250430,SC,*TOTAL,ICE CHARGES         000000522v,
342,3,20250531,SC,*TOTAL,ICE CHARGES         000000698t,
342,3,20250630,SC,*TOTAL,ICE CHARGES         000000755r,
342,3,20250731,SC,*TOTAL,ICE CHARGES         000001104w,
342,3,20250831,JE,J-2447,C                   0000002576,
342,3,20250831,SC,*TOTAL,ICE CHARGES         000001500r,
342,3,20250930,JE,J2450,C                   0000001148,
342,3,20250930,SC,*TOTAL,ICE CHARGES         000001366y,
342,3,20251031,SC,*TOTAL,ICE CHARGES         000002022q,
342,3,20251130,JE,J2456,C                   0000008940,
342,3,20251130,SC,*TOTAL,ICE CHARGES         000002434x,
342,3,20251231,SC,*TOTAL,ICE CHARGES         000002223q,
342,3,20260131,SC,*TOTAL,ICE CHARGES         000001797s,
344,3,20250930,PJ,IMPE50,ECIOUS METALS       0000569376,
344,3,20251031,PJ,IMPE50,ECIOUS METALS       0000005500,
344,3,20251031,SJ,TOTAL*,NAL                 000050386y,
35101,3,20250331,PD,TOTAL*,UCTION              0000019754,90010
35101,3,20250430,PD,TOTAL*,UCTION              0000139263,90010
35101,3,20250531,PD,TOTAL*,UCTION              0000081302,90010
35101,3,20250630,PD,TOTAL*,UCTION              0000062392,90010
35101,3,20250731,PD,TOTAL*,UCTION              0000081740,90010
35101,3,20250831,PD,TOTAL*,UCTION              0000049112,90010
35101,3,20250930,PD,TOTAL*,UCTION              0000010723,90010
35101,3,20251031,PD,TOTAL*,UCTION              0000050480,90010
35101,3,20251130,PD,TOTAL*,UCTION              0000138770,90010
35101,3,20251231,PD,TOTAL*,UCTION              0000136511,90010
35101,3,20260228,PD,TOTAL*,UCTION              0000028209,90010
35201,3,20250331,PD,TOTAL*,UCTION              0000147835,90010
35201,3,20250430,PD,TOTAL*,UCTION              0000439390,90010
35201,3,20250531,PD,TOTAL*,UCTION              0000638159,90010
35201,3,20250630,PD,TOTAL*,UCTION              0000304823,90010
35201,3,20250731,PD,TOTAL*,UCTION              0000471305,90010
35201,3,20250831,PD,TOTAL*,UCTION              0000379615,90010
35201,3,20250930,PD,TOTAL*,UCTION              0000308485,90010
35201,3,20251031,PD,TOTAL*,UCTION              0000160625,90010
35201,3,20251130,PD,TOTAL*,UCTION              0000582426,90010
35201,3,20251231,PD,TOTAL*,UCTION              0000506730,90010
35201,3,20260131,PD,TOTAL*,UCTION              0000173570,90010
35201,3,20260228,PD,TOTAL*,UCTION              0001152421,90010
35301,3,20250331,PD,TOTAL*,UCTION              0000152323,90010
35301,3,20250430,PD,TOTAL*,UCTION              0000218930,90010
35301,3,20250531,PD,TOTAL*,UCTION              0000150818,90010
35301,3,20250630,PD,TOTAL*,UCTION              0000261574,90010
35301,3,20250731,PD,TOTAL*,UCTION              0000209703,90010
35301,3,20250831,PD,TOTAL*,UCTION              0000109198,90010
35301,3,20250930,PD,TOTAL*,UCTION              0000111153,90010
35301,3,20251031,PD,TOTAL*,UCTION              0000162431,90010
35301,3,20251130,PD,TOTAL*,UCTION              0000430899,90010
35301,3,20251231,PD,TOTAL*,UCTION              0001199430,90010
35301,3,20260131,PD,TOTAL*,UCTION              0000197545,90010
35301,3,20260228,PD,TOTAL*,UCTION              0000135230,90010
35401,3,20250331,PD,TOTAL*,UCTION              0000246994,90010
35401,3,20250430,PD,TOTAL*,UCTION              0000156908,90010
35401,3,20250531,PD,TOTAL*,UCTION              0000378559,90010
35401,3,20250630,PD,TOTAL*,UCTION              0000451282,90010
35401,3,20250731,PD,TOTAL*,UCTION              0000188200,90010
35401,3,20250831,PD,TOTAL*,UCTION              0000054204,90010
35401,3,20250930,PD,TOTAL*,UCTION              0000103820,90010
35401,3,20251031,PD,TOTAL*,UCTION              0000103975,90010
35401,3,20251130,PD,TOTAL*,UCTION              0000040921,90010
35401,3,20251231,PD,TOTAL*,UCTION              0000288999,90010
35401,3,20260131,PD,TOTAL*,UCTION              0000051900,90010
35401,3,20260228,PD,TOTAL*,UCTION              0000079598,90010
35501,3,20250331,PD,TOTAL*,UCTION              0002120770,90010
35501,3,20250430,PD,TOTAL*,UCTION              0001258954,90010
35501,3,20250531,PD,TOTAL*,UCTION              0001999449,90010
35501,3,20250630,PD,TOTAL*,UCTION              0002248294,90010
35501,3,20250731,PD,TOTAL*,UCTION              0000350389,90010
35501,3,20250831,PD,TOTAL*,UCTION              0000254240,90010
35501,3,20250930,PD,TOTAL*,UCTION              0000465779,90010
35501,3,20251031,PD,TOTAL*,UCTION              0001042124,90010
35501,3,20251130,PD,TOTAL*,UCTION              0003650539,90010
35501,3,20251231,PD,TOTAL*,UCTION              0000332871,90010
35501,3,20260131,PD,TOTAL*,UCTION              0000027796,90010
35501,3,20260228,PD,TOTAL*,UCTION              0000455476,90010
35601,3,20250331,PD,TOTAL*,UCTION              0000014424,90010
35601,3,20250430,PD,TOTAL*,UCTION              0000004264,90010
35601,3,20250531,PD,TOTAL*,UCTION              0000046076,90010
35601,3,20250630,PD,TOTAL*,UCTION              0000105232,90010
35601,3,20250731,PD,TOTAL*,UCTION              0000005900,90010
35601,3,20250831,PD,TOTAL*,UCTION              0000018329,90010
35601,3,20250930,PD,TOTAL*,UCTION              0000021061,90010
35601,3,20251031,PD,TOTAL*,UCTION              0000072908,90010
35601,3,20251130,PD,TOTAL*,UCTION              0000586526,90010
35601,3,20251231,PD,TOTAL*,UCTION              0000059201,90010
35601,3,20260131,PD,TOTAL*,UCTION              0000012656,90010
35601,3,20260228,PD,TOTAL*,UCTION              0000026886,90010
35801,3,20250331,PD,TOTAL*,UCTION              0000048741,90010
35801,3,20250430,PD,TOTAL*,UCTION              0000039724,90010
35801,3,20250531,PD,TOTAL*,UCTION              0000095462,90010
35801,3,20250630,PD,TOTAL*,UCTION              0000115347,90010
35801,3,20250731,PD,TOTAL*,UCTION              0000022060,90010
35801,3,20250831,PD,TOTAL*,UCTION              0000141862,90010
35801,3,20250930,PD,TOTAL*,UCTION              0000068140,90010
35801,3,20251031,PD,TOTAL*,UCTION              0000074700,90010
35801,3,20251130,PD,TOTAL*,UCTION              0000247311,90010
35801,3,20251231,PD,TOTAL*,UCTION              0000160318,90010
35801,3,20260131,PD,TOTAL*,UCTION              0000103506,90010
35801,3,20260228,PD,TOTAL*,UCTION              000001219y,90010
36101,3,20250331,PD,TOTAL*,UCTION              0000014534,90010
36101,3,20250430,PD,TOTAL*,UCTION              0000109626,90010
36101,3,20250531,PD,TOTAL*,UCTION              0000053952,90010
36101,3,20250630,PD,TOTAL*,UCTION              0000040635,90010
36101,3,20250731,PD,TOTAL*,UCTION              0000057172,90010
36101,3,20250831,PD,TOTAL*,UCTION              0000037015,90010
36101,3,20250930,PD,TOTAL*,UCTION              0000006553,90010
36101,3,20251031,PD,TOTAL*,UCTION              0000050689,90010
36101,3,20251130,PD,TOTAL*,UCTION              0000150569,90010
36101,3,20251231,PD,TOTAL*,UCTION              0000127161,90010
36101,3,20260228,PD,TOTAL*,UCTION              0000026330,90010
36105,3,20250331,PD,TOTAL*,UCTION              000001483t,90010
36105,3,20250430,PD,TOTAL*,UCTION              000011247s,90010
36105,3,20250531,PD,TOTAL*,UCTION              000005475r,90010
36105,3,20250630,PD,TOTAL*,UCTION              000004361w,90010
36105,3,20250731,PD,TOTAL*,UCTION              000005858p,90010
36105,3,20250831,PD,TOTAL*,UCTION              000003759r,90010
36105,3,20250930,PD,TOTAL*,UCTION              000000668s,90010
36105,3,20251031,PD,TOTAL*,UCTION              000004356p,90010
36105,3,20251130,PD,TOTAL*,UCTION              000012468u,90010
36105,3,20251231,PD,TOTAL*,UCTION              000012201q,90010
36105,3,20260228,PD,TOTAL*,UCTION              000002632y,90010
36201,3,20250331,PD,TOTAL*,UCTION              0000114410,90010
36201,3,20250430,PD,TOTAL*,UCTION              0000381286,90010
36201,3,20250531,PD,TOTAL*,UCTION              0000557391,90010
36201,3,20250630,PD,TOTAL*,UCTION              0000262151,90010
36201,3,20250731,PD,TOTAL*,UCTION              0000407571,90010
36201,3,20250831,PD,TOTAL*,UCTION              0000284340,90010
36201,3,20250930,PD,TOTAL*,UCTION              0000273283,90010
36201,3,20251031,PD,TOTAL*,UCTION              0000282095,90010
36201,3,20251130,PD,TOTAL*,UCTION              0000740510,90010
36201,3,20251231,PD,TOTAL*,UCTION              0000479742,90010
36201,3,20260131,PD,TOTAL*,UCTION              0000154999,90010
36201,3,20260228,PD,TOTAL*,UCTION              0001064116,90010
36205,3,20250331,PD,TOTAL*,UCTION              000011832p,90010
36205,3,20250430,PD,TOTAL*,UCTION              000038611p,90010
36205,3,20250531,PD,TOTAL*,UCTION              000056014u,90010
36205,3,20250630,PD,TOTAL*,UCTION              000026754s,90010
36205,3,20250731,PD,TOTAL*,UCTION              000040616x,90010
36205,3,20250831,PD,TOTAL*,UCTION              000033578q,90010
36205,3,20250930,PD,TOTAL*,UCTION              000027382p,90010
36205,3,20251031,PD,TOTAL*,UCTION              000013636u,90010
36205,3,20251130,PD,TOTAL*,UCTION              000056093v,90010
36205,3,20251231,PD,TOTAL*,UCTION              000045904u,90010
36205,3,20260131,PD,TOTAL*,UCTION              000016429t,90010
36205,3,20260228,PD,TOTAL*,UCTION              000112528q,90010
36301,3,20250331,PD,TOTAL*,UCTION              0000110527,90010
36301,3,20250430,PD,TOTAL*,UCTION              0000156824,90010
36301,3,20250531,PD,TOTAL*,UCTION              0000102920,90010
36301,3,20250630,PD,TOTAL*,UCTION              0000164778,90010
36301,3,20250731,PD,TOTAL*,UCTION              0000163862,90010
36301,3,20250831,PD,TOTAL*,UCTION              0000084099,90010
36301,3,20250930,PD,TOTAL*,UCTION              0000088241,90010
36301,3,20251031,PD,TOTAL*,UCTION              0000095050,90010
36301,3,20251130,PD,TOTAL*,UCTION              0000419747,90010
36301,3,20251231,PD,TOTAL*,UCTION              0000927460,90010
36301,3,20260131,PD,TOTAL*,UCTION              0000160322,90010
36301,3,20260228,PD,TOTAL*,UCTION              0000112664,90010
36305,3,20250331,PD,TOTAL*,UCTION              000011605s,90010
36305,3,20250430,PD,TOTAL*,UCTION              000015953p,90010
36305,3,20250531,PD,TOTAL*,UCTION              000010598x,90010
36305,3,20250630,PD,TOTAL*,UCTION              000018464t,90010
36305,3,20250731,PD,TOTAL*,UCTION              000016949x,90010
36305,3,20250831,PD,TOTAL*,UCTION              000008511x,90010
36305,3,20250930,PD,TOTAL*,UCTION              000008693x,90010
36305,3,20251031,PD,TOTAL*,UCTION              000011170q,90010
36305,3,20251130,PD,TOTAL*,UCTION              000021357y,90010
36305,3,20251231,PD,TOTAL*,UCTION              000092137p,90010
36305,3,20260131,PD,TOTAL*,UCTION              000016697u,90010
36305,3,20260228,PD,TOTAL*,UCTION              000011869u,90010
36401,3,20250331,PD,TOTAL*,UCTION              0000130739,90010
36401,3,20250430,PD,TOTAL*,UCTION              0000084663,90010
36401,3,20250531,PD,TOTAL*,UCTION              0000184027,90010
36401,3,20250630,PD,TOTAL*,UCTION              0000186253,90010
36401,3,20250731,PD,TOTAL*,UCTION              0000101396,90010
36401,3,20250831,PD,TOTAL*,UCTION              0000021359,90010
36401,3,20250930,PD,TOTAL*,UCTION              0000062861,90010
36401,3,20251031,PD,TOTAL*,UCTION              0000052671,90010
36401,3,20251130,PD,TOTAL*,UCTION              0000033757,90010
36401,3,20251231,PD,TOTAL*,UCTION              0000202904,90010
36401,3,20260131,PD,TOTAL*,UCTION              0000035708,90010
36401,3,20260228,PD,TOTAL*,UCTION              0000056946,90010
36405,3,20250331,PD,TOTAL*,UCTION              000014670t,90010
36405,3,20250430,PD,TOTAL*,UCTION              000009261v,90010
36405,3,20250531,PD,TOTAL*,UCTION              000020690v,90010
36405,3,20250630,PD,TOTAL*,UCTION              000021793v,90010
36405,3,20250731,PD,TOTAL*,UCTION              000011199y,90010
36405,3,20250831,PD,TOTAL*,UCTION              000002632q,90010
36405,3,20250930,PD,TOTAL*,UCTION              000006696t,90010
36405,3,20251031,PD,TOTAL*,UCTION              000005792y,90010
36405,3,20251130,PD,TOTAL*,UCTION              000002056t,90010
36405,3,20251231,PD,TOTAL*,UCTION              000020594x,90010
36405,3,20260131,PD,TOTAL*,UCTION              000004172s,90010
36405,3,20260228,PD,TOTAL*,UCTION              000005977r,90010
36501,3,20250331,PD,TOTAL*,UCTION              0001680931,90010
36501,3,20250430,PD,TOTAL*,UCTION              0001057650,90010
36501,3,20250531,PD,TOTAL*,UCTION              0001438148,90010
36501,3,20250630,PD,TOTAL*,UCTION              0001919759,90010
36501,3,20250731,PD,TOTAL*,UCTION              0000229530,90010
36501,3,20250831,PD,TOTAL*,UCTION              0000366907,90010
36501,3,20250930,PD,TOTAL*,UCTION              0000328323,90010
36501,3,20251031,PD,TOTAL*,UCTION              0001459233,90010
36501,3,20251130,PD,TOTAL*,UCTION              0006091544,90010
36501,3,20251231,PD,TOTAL*,UCTION              0000576204,90010
36501,3,20260131,PD,TOTAL*,UCTION              0000015954,90010
36501,3,20260228,PD,TOTAL*,UCTION              0000335138,90010
36505,3,20250331,PD,TOTAL*,UCTION              000162685r,90010
36505,3,20250430,PD,TOTAL*,UCTION              000087288r,90010
36505,3,20250531,PD,TOTAL*,UCTION              000133926v,90010
36505,3,20250630,PD,TOTAL*,UCTION              000168828u,90010
36505,3,20250731,PD,TOTAL*,UCTION              000026588y,90010
36505,3,20250831,PD,TOTAL*,UCTION              000021049v,90010
36505,3,20250930,PD,TOTAL*,UCTION              000032026x,90010
36505,3,20251031,PD,TOTAL*,UCTION              000085816y,90010
36505,3,20251130,PD,TOTAL*,UCTION              000318503r,90010
36505,3,20251231,PD,TOTAL*,UCTION              000024721s,90010
36505,3,20260131,PD,TOTAL*,UCTION              000001318q,90010
36505,3,20260228,PD,TOTAL*,UCTION              000032415v,90010
36601,3,20250331,PD,TOTAL*,UCTION              0000006573,90010
36601,3,20250430,PD,TOTAL*,UCTION              0000001880,90010
36601,3,20250531,PD,TOTAL*,UCTION              0000036709,90010
36601,3,20250630,PD,TOTAL*,UCTION              0000053025,90010
36601,3,20250731,PD,TOTAL*,UCTION              0000002264,90010
36601,3,20250831,PD,TOTAL*,UCTION              0000008943,90010
36601,3,20250930,PD,TOTAL*,UCTION              0000010675,90010
36601,3,20251031,PD,TOTAL*,UCTION              0000035515,90010
36601,3,20251130,PD,TOTAL*,UCTION              0000535074,90010
36601,3,20251231,PD,TOTAL*,UCTION              0000023136,90010
36601,3,20260131,PD,TOTAL*,UCTION              0000004891,90010
36601,3,20260228,PD,TOTAL*,UCTION              0000012486,90010
36605,3,20250331,PD,TOTAL*,UCTION              000000827p,90010
36605,3,20250430,PD,TOTAL*,UCTION              000000156t,90010
36605,3,20250531,PD,TOTAL*,UCTION              000002944s,90010
36605,3,20250630,PD,TOTAL*,UCTION              000006083u,90010
36605,3,20250731,PD,TOTAL*,UCTION              000000330p,90010
36605,3,20250831,PD,TOTAL*,UCTION              000000979u,90010
36605,3,20250930,PD,TOTAL*,UCTION              000001100u,90010
36605,3,20251031,PD,TOTAL*,UCTION              000004389q,90010
36605,3,20251130,PD,TOTAL*,UCTION              000054274s,90010
36605,3,20251231,PD,TOTAL*,UCTION              000003040s,90010
36605,3,20260131,PD,TOTAL*,UCTION              000000628q,90010
36605,3,20260228,PD,TOTAL*,UCTION              000001743v,90010
36801,3,20250331,PD,TOTAL*,UCTION              0000033540,90010
36801,3,20250430,PD,TOTAL*,UCTION              0000027692,90010
36801,3,20250531,PD,TOTAL*,UCTION              0000065966,90010
36801,3,20250630,PD,TOTAL*,UCTION              0000083121,90010
36801,3,20250731,PD,TOTAL*,UCTION              0000016626,90010
36801,3,20250831,PD,TOTAL*,UCTION              0000083705,90010
36801,3,20250930,PD,TOTAL*,UCTION              0000050506,90010
36801,3,20251031,PD,TOTAL*,UCTION              0000052922,90010
36801,3,20251130,PD,TOTAL*,UCTION              0000178648,90010
36801,3,20251231,PD,TOTAL*,UCTION              0000129646,90010
36801,3,20260131,PD,TOTAL*,UCTION              0000095216,90010
36801,3,20260228,PD,TOTAL*,UCTION              000001599t,90010
36805,3,20250331,PD,TOTAL*,UCTION              000003210x,90010
36805,3,20250430,PD,TOTAL*,UCTION              000002808w,90010
36805,3,20250531,PD,TOTAL*,UCTION              000007595p,90010
36805,3,20250630,PD,TOTAL*,UCTION              000009372v,90010
36805,3,20250731,PD,TOTAL*,UCTION              000001626r,90010
36805,3,20250831,PD,TOTAL*,UCTION              000011580u,90010
36805,3,20250930,PD,TOTAL*,UCTION              000005423s,90010
36805,3,20251031,PD,TOTAL*,UCTION              000006045y,90010
36805,3,20251130,PD,TOTAL*,UCTION              000022251u,90010
36805,3,20251231,PD,TOTAL*,UCTION              000013768r,90010
36805,3,20260131,PD,TOTAL*,UCTION              000009218p,90010
36805,3,20260228,PD,TOTAL*,UCTION              0000012118,90010
37101,3,20250331,JE,J-2434,R MARCH 2025        0000014625,90010
37101,3,20250430,JE,J-2437,R APRIL 2025        0000041792,90010
37101,3,20250531,JE,J-2440,R MAY 2025          0000011988,90010
37101,3,20250630,JE,J-2443,R JUNE 2025         0000007980,90010
37101,3,20250731,JE,J-2446,R JULY 2025         0000057020,90010
37101,3,20250831,JE,J-2449,R AUGUST 2025       0000017600,90010
37101,3,20250930,JE,J2452,R SEPTEMBER 2025    0000015970,90010
37101,3,20251031,JE,J2455,R OCTOBER 2025      0000014750,90010
37101,3,20251130,JE,J-2458,R NOVEMBER 2025     0000022000,90010
37101,3,20251231,JE,J2461,R DECEMBER 2025     0000017300,90010
37101,3,20260131,JE,J-2464,R JANUARY 2026      0000004000,90010
37105,3,20250331,PD,TOTAL*,UCTION              000000492p,90010
37105,3,20250430,PD,TOTAL*,UCTION              000002679p,90010
37105,3,20250531,PD,TOTAL*,UCTION              000001645u,90010
37105,3,20250630,PD,TOTAL*,UCTION              000001877u,90010
37105,3,20250731,PD,TOTAL*,UCTION              000002316p,90010
37105,3,20250831,PD,TOTAL*,UCTION              000001152p,90010
37105,3,20250930,PD,TOTAL*,UCTION              000000404p,90010
37105,3,20251031,PD,TOTAL*,UCTION              000000692p,90010
37105,3,20251130,PD,TOTAL*,UCTION              000001408u,90010
37105,3,20251231,PD,TOTAL*,UCTION              000001450p,90010
37105,3,20260228,PD,TOTAL*,UCTION              000000188p,90010
37201,3,20250331,JE,J-2434,R MARCH 2025        0000284235,90010
37201,3,20250430,JE,J-2437,R APRIL 2025        0000324280,90010
37201,3,20250531,JE,J-2440,R MAY 2025          0000318220,90010
37201,3,20250630,JE,J-2443,R JUNE 2025         0000340900,90010
37201,3,20250731,JE,J-2446,R JULY 2025         0000335900,90010
37201,3,20250831,JE,J-2449,R AUGUST 2025       0000195900,90010
37201,3,20250930,JE,J2452,R SEPTEMBER 2025    0000341340,90010
37201,3,20251031,JE,J2455,R OCTOBER 2025      0000289820,90010
37201,3,20251130,JE,J-2458,R NOVEMBER 2025     0000261480,90010
37201,3,20251231,JE,J2461,R DECEMBER 2025     0000272700,90010
37201,3,20260131,JE,J-2464,R JANUARY 2026      0000159080,90010
37202,3,20250531,PJ,AMST01,SERTISSAGE          0000010500,90010
37205,3,20250331,PD,TOTAL*,UCTION              000002951u,90010
37205,3,20250430,PD,TOTAL*,UCTION              000005328p,90010
37205,3,20250531,PD,TOTAL*,UCTION              000008417p,90010
37205,3,20250630,PD,TOTAL*,UCTION              000003334q,90010
37205,3,20250731,PD,TOTAL*,UCTION              000006119x,90010
37205,3,20250831,PD,TOTAL*,UCTION              000003509u,90010
37205,3,20250930,PD,TOTAL*,UCTION              000003466u,90010
37205,3,20251031,PD,TOTAL*,UCTION              000002426p,90010
37205,3,20251130,PD,TOTAL*,UCTION              000002149p,90010
37205,3,20251231,PD,TOTAL*,UCTION              000004768u,90010
37205,3,20260131,PD,TOTAL*,UCTION              000000927v,90010
37205,3,20260228,PD,TOTAL*,UCTION              000002714p,90010
37301,3,20250331,JE,J-2434,R MARCH 2025        0000121720,90010
37301,3,20250430,JE,J-2437,R APRIL 2025        0000190772,90010
37301,3,20250531,JE,J-2440,R MAY 2025          0000193668,90010
37301,3,20250630,JE,J-2443,R JUNE 2025         0000189520,90010
37301,3,20250731,JE,J-2446,R JULY 2025         0000166960,90010
37301,3,20250831,JE,J-2449,R AUGUST 2025       0000173620,90010
37301,3,20250930,JE,J2452,R SEPTEMBER 2025    0000122470,90010
37301,3,20251031,JE,J2455,R OCTOBER 2025      0000274150,90010
37301,3,20251130,JE,J-2458,R NOVEMBER 2025     0000235780,90010
37301,3,20251231,JE,J2461,R DECEMBER 2025     0000318640,90010
37301,3,20260131,JE,J-2464,R JANUARY 2026      0000234760,90010
37305,3,20250331,PD,TOTAL*,UCTION              000003627p,90010
37305,3,20250430,PD,TOTAL*,UCTION              000005940p,90010
37305,3,20250531,PD,TOTAL*,UCTION              000004483p,90010
37305,3,20250630,PD,TOTAL*,UCTION              000007693p,90010
37305,3,20250731,PD,TOTAL*,UCTION              000004020u,90010
37305,3,20250831,PD,TOTAL*,UCTION              000002408p,90010
37305,3,20250930,PD,TOTAL*,UCTION              000002421u,90010
37305,3,20251031,PD,TOTAL*,UCTION              000005073p,90010
37305,3,20251130,PD,TOTAL*,UCTION              000021732p,90010
37305,3,20251231,PD,TOTAL*,UCTION              000027806p,90010
37305,3,20260131,PD,TOTAL*,UCTION              000003057p,90010
37305,3,20260228,PD,TOTAL*,UCTION              000001653u,90010
37401,3,20250331,JE,J-2434,R MARCH 2025        0000120810,90010
37401,3,20250430,JE,J-2437,R APRIL 2025        0000091412,90010
37401,3,20250531,JE,J-2440,R MAY 2025          0000090628,90010
37401,3,20250630,JE,J-2443,R JUNE 2025         0000122540,90010
37401,3,20250731,JE,J-2446,R JULY 2025         0000112040,90010
37401,3,20250831,JE,J-2449,R AUGUST 2025       0000107780,90010
37401,3,20250930,JE,J2452,R SEPTEMBER 2025    0000164840,90010
37401,3,20251031,JE,J2455,R OCTOBER 2025      0000048100,90010
37401,3,20251130,JE,J-2458,R NOVEMBER 2025     0000084540,90010
37401,3,20251231,JE,J2461,R DECEMBER 2025     0000067480,90010
37401,3,20260131,JE,J-2464,R JANUARY 2026      0000049000,90010
37405,3,20250331,PD,TOTAL*,UCTION              000010029p,90010
37405,3,20250430,PD,TOTAL*,UCTION              000006429r,90010
37405,3,20250531,PD,TOTAL*,UCTION              000017314r,90010
37405,3,20250630,PD,TOTAL*,UCTION              000023728u,90010
37405,3,20250731,PD,TOTAL*,UCTION              000008014p,90010
37405,3,20250831,PD,TOTAL*,UCTION              000003662r,90010
37405,3,20250930,PD,TOTAL*,UCTION              000003685v,90010
37405,3,20251031,PD,TOTAL*,UCTION              000004604v,90010
37405,3,20251130,PD,TOTAL*,UCTION              000002035w,90010
37405,3,20251231,PD,TOTAL*,UCTION              000008305q,90010
37405,3,20260131,PD,TOTAL*,UCTION              000001017w,90010
37405,3,20260228,PD,TOTAL*,UCTION              000001982v,90010
37501,3,20250331,JE,J-2434,R MARCH 2025        0000778485,90010
37501,3,20250430,JE,J-2437,R APRIL 2025        0000980704,90010
37501,3,20250531,JE,J-2440,R MAY 2025          0000791176,90010
37501,3,20250630,JE,J-2443,R JUNE 2025         0001116460,90010
37501,3,20250731,JE,J-2446,R JULY 2025         0000595460,90010
37501,3,20250831,JE,J-2449,R AUGUST 2025       0000450140,90010
37501,3,20250930,JE,J2452,R SEPTEMBER 2025    0000587750,90010
37501,3,20251031,JE,J2455,R OCTOBER 2025      0000833150,90010
37501,3,20251130,JE,J-2458,R NOVEMBER 2025     0000727920,90010
37501,3,20251231,JE,J2461,R DECEMBER 2025     0000860940,90010
37501,3,20260131,JE,J-2464,R JANUARY 2026      0000495220,90010
37502,3,20250731,PJ,AMST01,SERTISSAGE          0000011790,90010
37502,3,20250831,PJ,AMST01,SERTISSAGE          0000028000,90010
37502,3,20251130,PJ,AMST01,SERTISSAGE          0000072000,90010
37505,3,20250331,PD,TOTAL*,UCTION              000049391x,90010
37505,3,20250430,PD,TOTAL*,UCTION              000038607r,90010
37505,3,20250531,PD,TOTAL*,UCTION              000066018s,90010
37505,3,20250630,PD,TOTAL*,UCTION              000056000y,90010
37505,3,20250731,PD,TOTAL*,UCTION              000008450p,90010
37505,3,20250831,PD,TOTAL*,UCTION              000004374t,90010
37505,3,20250930,PD,TOTAL*,UCTION              000014551q,90010
37505,3,20251031,PD,TOTAL*,UCTION              000018395u,90010
37505,3,20251130,PD,TOTAL*,UCTION              000046550w,90010
37505,3,20251231,PD,TOTAL*,UCTION              000008565x,90010
37505,3,20260131,PD,TOTAL*,UCTION              000001461u,90010
37505,3,20260228,PD,TOTAL*,UCTION              000013132p,90010
37601,3,20250331,JE,J-2434,R MARCH 2025        0000002250,90010
37601,3,20250430,JE,J-2437,R APRIL 2025        0000002940,90010
37601,3,20250531,JE,J-2440,R MAY 2025          0000010920,90010
37601,3,20250630,JE,J-2443,R JUNE 2025         0000015700,90010
37601,3,20250731,JE,J-2446,R JULY 2025         0000006620,90010
37601,3,20250831,JE,J-2449,R AUGUST 2025       0000026960,90010
37601,3,20250930,JE,J2452,R SEPTEMBER 2025    0000023630,90010
37601,3,20251031,JE,J2455,R OCTOBER 2025      0000037030,90010
37601,3,20251130,JE,J-2458,R NOVEMBER 2025     0000085280,90010
37601,3,20251231,JE,J2461,R DECEMBER 2025     0000040200,90010
37601,3,20260131,JE,J-2464,R JANUARY 2026      0000061800,90010
37605,3,20250331,PD,TOTAL*,UCTION              000000615t,90010
37605,3,20250430,PD,TOTAL*,UCTION              000000270p,90010
37605,3,20250531,PD,TOTAL*,UCTION              000001663s,90010
37605,3,20250630,PD,TOTAL*,UCTION              000004439w,90010
37605,3,20250731,PD,TOTAL*,UCTION              000000260p,90010
37605,3,20250831,PD,TOTAL*,UCTION              000000853t,90010
37605,3,20250930,PD,TOTAL*,UCTION              000001005v,90010
37605,3,20251031,PD,TOTAL*,UCTION              000002901w,90010
37605,3,20251130,PD,TOTAL*,UCTION              000004378s,90010
37605,3,20251231,PD,TOTAL*,UCTION              000002879x,90010
37605,3,20260131,PD,TOTAL*,UCTION              000000637u,90010
37605,3,20260228,PD,TOTAL*,UCTION              000000945p,90010
37801,3,20250331,JE,J-2434,R MARCH 2025        0000155375,90010
37801,3,20250430,JE,J-2437,R APRIL 2025        0000078300,90010
37801,3,20250531,JE,J-2440,R MAY 2025          0000083200,90010
37801,3,20250630,JE,J-2443,R JUNE 2025         0000041500,90010
37801,3,20250731,JE,J-2446,R JULY 2025         0000084500,90010
37801,3,20250831,JE,J-2449,R AUGUST 2025       0000085000,90010
37801,3,20250930,JE,J2452,R SEPTEMBER 2025    0000120750,90010
37801,3,20251031,JE,J2455,R OCTOBER 2025      0000075750,90010
37801,3,20251130,JE,J-2458,R NOVEMBER 2025     0000082500,90010
37801,3,20251231,JE,J2461,R DECEMBER 2025     0000049500,90010
37801,3,20260131,JE,J-2464,R JANUARY 2026      0000056640,90010
37805,3,20250331,PD,TOTAL*,UCTION              000001663s,90010
37805,3,20250430,PD,TOTAL*,UCTION              000001163w,90010
37805,3,20250531,PD,TOTAL*,UCTION              000002196r,90010
37805,3,20250630,PD,TOTAL*,UCTION              000002162q,90010
37805,3,20250731,PD,TOTAL*,UCTION              000000579x,90010
37805,3,20250831,PD,TOTAL*,UCTION              000002605w,90010
37805,3,20250930,PD,TOTAL*,UCTION              000001390w,90010
37805,3,20251031,PD,TOTAL*,UCTION              000001424q,90010
37805,3,20251130,PD,TOTAL*,UCTION              000002479v,90010
37805,3,20251231,PD,TOTAL*,UCTION              000002263v,90010
37805,3,20260131,PD,TOTAL*,UCTION              000001132v,90010
37805,3,20260228,PD,TOTAL*,UCTION              0000000081,90010
380,3,20250331,PJ,IMPE50,ECIOUS METALS       0000034855,
380,3,20250531,PJ,IMPE50,ECIOUS METALS       0000036825,
380,3,20250630,PJ,IMPE50,ECIOUS METALS       0000061075,
380,3,20250731,PJ,IMPE50,ECIOUS METALS       0000166029,
380,3,20250930,PJ,IMPE50,ECIOUS METALS       0000008000,
380,3,20251031,PJ,IMPE50,ECIOUS METALS       0000008000,
380,3,20260228,PJ,IMPE50,ECIOUS METALS       0000024520,
38001,3,20250331,RF,TOTAL*,RODUCTION TOTAL     0008547669,
38001,3,20250430,RF,TOTAL*,RODUCTION TOTAL     0009818105,
38001,3,20250531,RF,TOTAL*,RODUCTION TOTAL     0008955771,
38001,3,20250630,RF,TOTAL*,RODUCTION TOTAL     0003443662,
38001,3,20250731,RF,TOTAL*,RODUCTION TOTAL     0012809682,
38001,3,20250831,RF,TOTAL*,RODUCTION TOTAL     0009735161,
38001,3,20250930,RF,TOTAL*,RODUCTION TOTAL     0007570682,
38001,3,20251031,RF,TOTAL*,RODUCTION TOTAL     0017455222,
38001,3,20251130,RF,TOTAL*,RODUCTION TOTAL     0009676262,
38001,3,20251231,RF,TOTAL*,RODUCTION TOTAL     0007821705,
38001,3,20260131,RF,TOTAL*,RODUCTION TOTAL     0015539999,
38001,3,20260228,RF,TOTAL*,RODUCTION TOTAL     0007427035,
38005,3,20250331,RF,TOTAL*,RODUCTION TOTAL     001048382r,
38005,3,20250430,RF,TOTAL*,RODUCTION TOTAL     000977720q,
38005,3,20250531,RF,TOTAL*,RODUCTION TOTAL     000894839r,
38005,3,20250630,RF,TOTAL*,RODUCTION TOTAL     000368195u,
38005,3,20250731,JE,J21124,K PRODUCTION REPORT 0029195460,
38005,3,20250731,RF,TOTAL*,RODUCTION TOTAL     004201099x,
38005,3,20250831,RF,TOTAL*,RODUCTION TOTAL     001226533q,
38005,3,20250930,RF,TOTAL*,RODUCTION TOTAL     000754011s,
38005,3,20251031,RF,TOTAL*,RODUCTION TOTAL     001743232w,
38005,3,20251130,RF,TOTAL*,RODUCTION TOTAL     000964526s,
38005,3,20251231,RF,TOTAL*,RODUCTION TOTAL     000771579y,
38005,3,20260131,RF,TOTAL*,RODUCTION TOTAL     001544852v,
38005,3,20260228,RF,TOTAL*,RODUCTION TOTAL     000828127r,
38105,3,20250331,RF,TOTAL*,RODUCTION TOTAL     000001358s,
38105,3,20250430,RF,TOTAL*,RODUCTION TOTAL     000001612r,
38105,3,20250531,RF,TOTAL*,RODUCTION TOTAL     000001511r,
38105,3,20250630,RF,TOTAL*,RODUCTION TOTAL     000000090u,
382,3,20250331,PJ,CIBC03,LAN                 0000086730,
382,3,20250331,PJ,FEDE01,PRESS CANADA LTD.   0000001140,
382,3,20250430,PJ,MADD01,H WM MADDEN         000000020p,
382,3,20250430,PJ,UNIT60,0000007836,
382,3,20250531,JE,J21104,E VAR. ON GOLD PURCH000240412v,
382,3,20250531,PJ,FEDE01,PRESS CANADA LTD.   0000001140,
382,3,20250531,PJ,IMPE50,ECIOUS METALS       0002404126,
382,3,20250531,PJ,MDLD01,D MERCHANTS         000008436u,
382,3,20250531,PJ,UNIT60,0000007836,
382,3,20250630,PJ,BYRE01,INC.               0000074580,
382,3,20250630,PJ,CIBC03,LAN                 000004296p,
382,3,20250630,PJ,MADD01,H WM MADDEN         0000000120,
382,3,20250731,PJ,BYRE01,INC.               000014832u,
382,3,20250731,PJ,FEDE01,PRESS CANADA LTD.   0000003420,
382,3,20250731,PJ,IMPE50,ECIOUS METALS       000026640u,
382,3,20250731,PJ,MADD01,H WM MADDEN         000000040p,
382,3,20250731,PJ,MDLD01,D MERCHANTS         0000002295,
382,3,20250731,PJ,NOBL01,PACKAGING INC.     000098356y,
382,3,20250831,PJ,IMPE50,ECIOUS METALS       000103542p,
382,3,20250831,PJ,MDLD01,D MERCHANTS         0000002295,
382,3,20250831,PJ,UNIT60,0000008760,
382,3,20250930,JE,J21144,ASES VARIANCE       000271017s,
382,3,20250930,PJ,BYRE01,INC.               0000128290,
382,3,20250930,PJ,CIBC03,LAN                 0000004025,
382,3,20250930,PJ,IMPE50,ECIOUS METALS       0002726092,
382,3,20250930,PJ,MADD01,H WM MADDEN         0000000080,
382,3,20250930,PJ,MDLD01,D MERCHANTS         0000002295,
382,3,20251031,JE,J21154,ASES VARIANCE OCT   000311902v,
382,3,20251031,PJ,CIBC03,LAN                 000002424p,
382,3,20251031,PJ,FEDE01,PRESS CANADA LTD.   0000001140,
382,3,20251031,PJ,IMPE50,ECIOUS METALS       0003119026,
382,3,20251031,PJ,MADD01,H WM MADDEN         000000010p,
382,3,20251031,PJ,MDLD01,D MERCHANTS         0000004590,
382,3,20251130,PJ,BYRE01,INC.               0000015800,
382,3,20251130,PJ,CIBC03,LAN                 0000002100,
382,3,20251130,PJ,MADD01,H WM MADDEN         0000000520,
382,3,20251130,PJ,MDLD01,D MERCHANTS         000003598u,
382,3,20251231,PJ,BYRE01,INC.               0000045860,
382,3,20251231,PJ,CIBC03,LAN                 000000219x,
382,3,20251231,PJ,MDLD01,D MERCHANTS         0000002295,
382,3,20251231,PJ,NOBL01,PACKAGING INC.     0000032171,
382,3,20251231,PJ,UNIT60,0000010204,
382,3,20260131,PJ,FEDE01,PRESS CANADA LTD.   0000001140,
382,3,20260131,PJ,MADD01,H WM MADDEN         0000002500,
382,3,20260131,PJ,MDLD01,D MERCHANTS         000013217u,
382,3,20260228,PJ,CIBC03,LAN                 000016067u,
382,3,20260228,PJ,MDLD01,D MERCHANTS         0000002995,
383,3,20250331,IC,TOTAL*,ADJUSTMENT          0000021095,
383,3,20250331,JE,J21082,ADJUSTMENTS         0002000000,
383,3,20250430,IC,TOTAL*,ADJUSTMENT          0000055004,
383,3,20250430,JE,J21092,ADJUSTMENTS APRIL   0002000000,
383,3,20250531,IC,TOTAL*,ADJUSTMENT          0000010644,
383,3,20250531,JE,J21102,ADJUSTMENT FOR MAY  0002000000,
383,3,20250630,IC,TOTAL*,ADJUSTMENT          0000006350,
383,3,20250630,JE,J21112,ADJ JUNE            0002000000,
383,3,20250731,IC,TOTAL*,ADJUSTMENT          0000862766,
383,3,20250731,JE,J21122,ADJUSTMENTS         0002000000,
383,3,20250831,IC,TOTAL*,ADJUSTMENT          0000001595,
383,3,20250831,JE,J21132,ADJUSTMENTS         0002000000,
383,3,20250930,IC,TOTAL*,ADJUSTMENT          0000007191,
383,3,20250930,JE,J21142,ADJUSTMENTS         0002000000,
383,3,20251031,IC,TOTAL*,ADJUSTMENT          0000028190,
383,3,20251031,JE,J21152,ADJUSTMENTS OCT 20250002000000,
383,3,20251130,IC,TOTAL*,ADJUSTMENT          0000282913,
383,3,20251130,JE,J21162,FOR NOVEMBER       000600000p,
383,3,20251231,IC,TOTAL*,ADJUSTMENT          0000009095,
383,3,20251231,JE,J21172,ADJUSTMENTS         0002000000,
383,3,20260131,IC,TOTAL*,ADJUSTMENT          0000011202,
383,3,20260131,JE,J21182,ADJUSTMENTS JAN     0002000000,
383,3,20260228,IC,TOTAL*,ADJUSTMENT          0000000000,
384,3,20250531,JE,J21104,E VAR. ON GOLD PURCH0002404126,
384,3,20250930,JE,J21144,ASES VARIANCE       0002710173,
384,3,20251031,JE,J21154,ASES VARIANCE OCT   0003119026,
400,3,20250331,PJ,MART01,TIN                 0000013106,
400,3,20250331,PJ,MINT01,R                   0000031417,
400,3,20250331,PJ,PIER01,E                   0000049172,
400,3,20250331,PJ,STEP01,ENS                 0000009376,
400,3,20250331,PJ,TAYS03,ALES AGENCY LTD.    0000041322,
400,3,20250430,PJ,MART01,TIN                 0000025811,
400,3,20250430,PJ,MINT01,R                   0000056481,
400,3,20250430,PJ,PIER01,E                   0000071799,
400,3,20250430,PJ,STEP01,ENS                 0000023103,
400,3,20250430,PJ,TAYS03,ALES AGENCY LTD.    0000060331,
400,3,20250531,PJ,MINT01,R                   0000116262,
400,3,20250531,PJ,PIER01,E                   0000053727,
400,3,20250531,PJ,STEP01,ENS                 0000024761,
400,3,20250531,PJ,TAYS03,ALES AGENCY LTD.    0000155071,
400,3,20250630,PJ,MART01,TIN                 0000026587,
400,3,20250630,PJ,MINT01,R                   0000092632,
400,3,20250630,PJ,PIER01,E                   0000094508,
400,3,20250630,PJ,STEP01,ENS                 0000010037,
400,3,20250630,PJ,TAYS03,ALES AGENCY LTD.    0000050428,
400,3,20250731,PJ,MART01,TIN                 0000045349,
400,3,20250731,PJ,MINT01,R                   0000069460,
400,3,20250731,PJ,PIER01,E                   0000074839,
400,3,20250731,PJ,TAYS03,ALES AGENCY LTD.    0000050924,
400,3,20250831,PJ,MART01,TIN                 0000009828,
400,3,20250831,PJ,MINT01,R                   0000134540,
400,3,20250831,PJ,PIER01,E                   0000042893,
400,3,20250831,PJ,TAYS03,ALES AGENCY LTD.    0000002007,
400,3,20250930,PJ,MART01,TIN                 0000008662,
400,3,20250930,PJ,MINT01,R                   0000101503,
400,3,20250930,PJ,PIER01,E                   0000055184,
400,3,20250930,PJ,TAYS03,ALES AGENCY LTD.    0000021853,
400,3,20251031,PJ,MART01,TIN                 0000013927,
400,3,20251031,PJ,MINT01,R                   0000149329,
400,3,20251031,PJ,PIER01,E                   0000107324,
400,3,20251031,PJ,TAYS03,ALES AGENCY LTD.    0000065687,
400,3,20251130,PJ,MART01,TIN                 0000031934,
400,3,20251130,PJ,MINT01,R                   0000044420,
400,3,20251130,PJ,PIER01,E                   0000147659,
400,3,20251130,PJ,TAYS03,ALES AGENCY LTD.    0000038618,
400,3,20251231,PJ,MART01,TIN                 0000015276,
400,3,20251231,PJ,MINT01,R                   0000048060,
400,3,20251231,PJ,PIER01,E                   0000130219,
400,3,20251231,PJ,TAYS03,ALES AGENCY LTD.    0000068784,
400,3,20260131,PJ,MINT01,R                   0000009405,
400,3,20260131,PJ,PIER01,E                   0000038202,
400,3,20260131,PJ,TAYS03,ALES AGENCY LTD.    0000015950,
402,3,20250331,PJ,CJG-01,LRY GROUP CO-OP     0000040000,
402,3,20250430,PJ,CJG-01,LRY GROUP CO-OP     0000040000,
402,3,20250531,PJ,CJG-01,LRY GROUP CO-OP     0000040000,
402,3,20250630,PJ,CJG-01,LRY GROUP CO-OP     0000040000,
402,3,20250731,PJ,CJG-01,LRY GROUP CO-OP     0000112015,
402,3,20250831,PJ,CJG-01,LRY GROUP CO-OP     0000074000,
402,3,20250930,PJ,CJG-01,LRY GROUP CO-OP     0000064000,
402,3,20251031,PJ,CJG-01,LRY GROUP CO-OP     0000064000,
402,3,20251130,PJ,CJG-01,LRY GROUP CO-OP     0000064000,
402,3,20251231,PJ,CJG-01,LRY GROUP CO-OP     0000064000,
402,3,20260131,PJ,CJG-01,LRY GROUP CO-OP     0000040000,
402,3,20260228,PJ,CJG-01,LRY GROUP CO-OP     0000040000,
413,3,20250331,PJ,CIBC03,LAN                 0000009261,
413,3,20250430,PJ,CIBC03,LAN                 0000000451,
413,3,20250531,PJ,CIBC03,LAN                 0000000451,
413,3,20250630,PJ,CIBC03,LAN                 0000000451,
413,3,20250630,PJ,CJG-01,LRY GROUP CO-OP     0000300000,
413,3,20250731,JE,J-2446,R JULY 2025         0000016000,
413,3,20250831,CR,250831,GROUP SPONSORSHIP  0000300000,
413,3,20250831,JE,J-2449,R AUGUST 2025       0000022000,
413,3,20250831,PJ,CJG-01,LRY GROUP CO-OP     000030000p,
413,3,20250930,JE,J2452,R SEPTEMBER 2025    0000039500,
413,3,20251031,JE,J2455,R OCTOBER 2025      0000024500,
413,3,20251130,JE,J-2458,R NOVEMBER 2025     0000032500,
413,3,20251130,PJ,CIBC03,LAN                 0000022600,
413,3,20251231,JE,J2461,R DECEMBER 2025     0000036500,
413,3,20260131,JE,J-2463,FOR JANUARY 2026   0000040898,
413,3,20260131,JE,J-2464,R JANUARY 2026      0000007000,
420,3,20250831,PJ,MINT01,R                   0000111295,
420,3,20260228,PJ,CIBC03,LAN                 0000003252,
420,3,20260228,PJ,JIMD01,SON                 0001000000,
425,3,20250831,PJ,MINT01,R                   0000017777,
430,3,20250331,JE,J21083,SE MARCH            0000026668,
430,3,20250430,JE,J21093,SE APRIL            0000046398,
430,3,20250531,JE,J21103,EXPENSE REPORT JIM 0000027752,
430,3,20250531,PJ,CIBC03,LAN                 0000017167,
430,3,20250630,JE,J21113,SE JUNE             0000045097,
430,3,20250731,JE,J21123,SE JULY             0000027058,
430,3,20250831,JE,J21133,SE AUGUST           0000026408,
430,3,20250930,JE,J21143,SE                  0000029053,
430,3,20250930,PJ,CIBC03,LAN                 0000019474,
430,3,20251031,JE,J21153,SE OCT 2025         0000030354,
430,3,20251031,PJ,CIBC03,LAN                 0000188600,
430,3,20251130,JE,J21163,EAGE REPORT JIM NOV 0000028403,
430,3,20251231,JE,J21173,SE DEC 2025         0000027102,
430,3,20251231,PJ,CIBC03,LAN                 0000020130,
430,3,20260131,JE,J21183,CES JANUARY         0000010407,
430,3,20260131,PJ,CIBC03,LAN                 0000010000,
440,3,20250331,JE,J21081,ON AUTO MARCH       0000010700,
440,3,20250430,JE,J21091,ON FOR APRIL 2025   0000010700,
440,3,20250531,JE,J21101,ON FOR MAY          0000010700,
440,3,20250630,JE,J21111,ON JUNE             0000010700,
440,3,20250731,JE,J21121,ON JULY             0000010700,
440,3,20250831,JE,J21131,ON AUTO AUGUST      0000010700,
440,3,20250930,JE,J21141,ON AUTO             0000010700,
440,3,20251031,JE,J21151,ON AUTO OCT 2025    0000010700,
440,3,20251130,JE,J21161,ON FOR NOVEMBER     0000010700,
440,3,20251231,JE,J21171,ON AUTO             0000010700,
440,3,20260131,JE,J21181,ON AUTO JANUARY     0000010700,
450,3,20251231,JE,J2460,FOR DECEMBER 2025  0000187000,
510,3,20250331,JE,J-2433,FOR MARCH          0000108750,
510,3,20250331,JE,J-2434,R MARCH 2025        0000021002,
510,3,20250331,PJ,CANO01,DA INC.             0000010347,
510,3,20250331,PJ,CIBC03,LAN                 0000034411,
510,3,20250331,PJ,QBOL01,E                   0000150000,
510,3,20250430,JE,J-2436,FOR APRIL 2025     0000046619,
510,3,20250430,JE,J-2437,R APRIL 2025        0000023079,
510,3,20250430,PJ,CIBC03,LAN                 0000012897,
510,3,20250430,PJ,EWOR01,E TRAINING          0000018975,
510,3,20250430,PJ,PBS-01,SS SYSTEMS          0000049500,
510,3,20250531,JE,J-2439,FOR MAY 2025       0000087699,
510,3,20250531,JE,J-2440,R MAY 2025          0000020934,
510,3,20250531,PJ,CANO01,DA INC.             0000010347,
510,3,20250531,PJ,CIBC03,LAN                 0000036942,
510,3,20250531,PJ,QUAD01,ANADA LTD  DPOC     0000035940,
510,3,20250630,JE,J-2442,FOR JUNE 2025      0000040000,
510,3,20250630,JE,J-2443,R JUNE 2025         0000022897,
510,3,20250630,PJ,CIBC03,LAN                 0000033108,
510,3,20250630,PJ,TYCO50,RATED FIRE& SECURITY0000073929,
510,3,20250731,JE,J-2445,FOR JULY 2025      0000002500,
510,3,20250731,JE,J-2446,R JULY 2025         0000025280,
510,3,20250731,PJ,CIBC03,LAN                 0000019760,
510,3,20250731,PJ,QBOL01,E                   0000100000,
510,3,20250831,JE,J-2449,R AUGUST 2025       0000020224,
510,3,20250831,JE,J2448,FOR AUGUST         0000025000,
510,3,20250831,PJ,CANO01,DA INC.             0000010347,
510,3,20250831,PJ,PBS-01,SS SYSTEMS          0000046500,
510,3,20250930,JE,J-2451,SEPTEMBER          0000030000,
510,3,20250930,JE,J2452,R SEPTEMBER 2025    0000022752,
510,3,20250930,PJ,CIBC03,LAN                 0000018750,
510,3,20250930,PJ,QBOL01,E                   0000100000,
510,3,20251031,JE,J-2454,FOR OCTOBER 2025   0000017602,
510,3,20251031,JE,J2455,R OCTOBER 2025      0000028297,
510,3,20251031,PJ,CIBC03,LAN                 0000039232,
510,3,20251031,PJ,QBOL01,E                   0000100000,
510,3,20251130,JE,J-2457,FOR NOVEMBER 2025  0000037500,
510,3,20251130,JE,J-2458,R NOVEMBER 2025     0000020788,
510,3,20251130,PJ,CANA32,EWELLERS ASSOCIATION0000144900,
510,3,20251130,PJ,CANO01,DA INC.             0000012417,
510,3,20251130,PJ,QBOL01,E                   0000100000,
510,3,20251231,JE,J2460,FOR DECEMBER 2025  0000072637,
510,3,20251231,JE,J2461,R DECEMBER 2025     0000021204,
510,3,20251231,PJ,CIBC03,LAN                 0000028222,
510,3,20251231,PJ,QBOL01,E                   0000100000,
510,3,20260131,JE,J-2463,FOR JANUARY 2026   0000021367,
510,3,20260131,JE,J-2464,R JANUARY 2026      0000025735,
510,3,20260131,PJ,QBOL01,E                   0000200000,
510,3,20260228,PJ,CIBC03,LAN                 0000064484,
520,3,20250331,JE,J21081,ON AUTO MARCH       0000083900,
520,3,20250430,JE,J21091,ON FOR APRIL 2025   0000083900,
520,3,20250531,JE,J21101,ON FOR MAY          0000083900,
520,3,20250630,JE,J21111,ON JUNE             0000083900,
520,3,20250731,JE,J21121,ON JULY             0000083900,
520,3,20250831,JE,J21131,ON AUTO AUGUST      0000083900,
520,3,20250930,JE,J21141,ON AUTO             0000083900,
520,3,20251031,JE,J21151,ON AUTO OCT 2025    0000083900,
520,3,20251130,JE,J21161,ON FOR NOVEMBER     0000083900,
520,3,20251231,JE,J21171,ON AUTO             0000083900,
520,3,20260131,JE,J21181,ON AUTO JANUARY     0000083900,
529,3,20250331,PJ,CANA40,T CORPORATION       0000023720,
529,3,20250331,PJ,FEDE01,PRESS CANADA LTD.   0000157343,
529,3,20250331,PJ,PURO01,INC.                0000007889,
529,3,20250430,PJ,FEDE01,PRESS CANADA LTD.   0000147380,
529,3,20250430,PJ,PURO01,INC.                0000015452,
529,3,20250430,PJ,QUAD01,ANADA LTD  DPOC     0000100000,
529,3,20250531,PJ,FEDE01,PRESS CANADA LTD.   0000198407,
529,3,20250531,PJ,PURO01,INC.                0000030415,
529,3,20250630,PJ,FEDE01,PRESS CANADA LTD.   0000165656,
529,3,20250630,PJ,PURO01,INC.                0000045568,
529,3,20250731,PJ,FEDE01,PRESS CANADA LTD.   0000069516,
529,3,20250731,PJ,PURO01,INC.                0000034895,
529,3,20250831,PJ,FEDE01,PRESS CANADA LTD.   0000112339,
529,3,20250831,PJ,PURO01,INC.                0000006223,
529,3,20250930,PJ,FEDE01,PRESS CANADA LTD.   0000009859,
529,3,20251031,PJ,FEDE01,PRESS CANADA LTD.   0000094413,
529,3,20251031,PJ,PURO01,INC.                0000022131,
529,3,20251130,PJ,CANA45,T                   0000032800,
529,3,20251130,PJ,FEDE01,PRESS CANADA LTD.   0000147774,
529,3,20251130,PJ,PURO01,INC.                0000023269,
529,3,20251231,PJ,FEDE01,PRESS CANADA LTD.   0000222653,
529,3,20251231,PJ,PURO01,INC.                0000053378,
529,3,20260131,CR,260129,IT                  000001176s,
529,3,20260131,PJ,FEDE01,PRESS CANADA LTD.   0000051150,
529,3,20260131,PJ,PURO01,INC.                0000010934,
529,3,20260228,PJ,FEDE01,PRESS CANADA LTD.   0000075088,
529,3,20260228,PJ,PURO01,INC.                0000022712,
530,3,20250331,SJ,TOTAL*,NAL                 000016210t,
530,3,20250430,SJ,TOTAL*,NAL                 000020871q,
530,3,20250531,SJ,TOTAL*,NAL                 000024290p,
530,3,20250630,SJ,TOTAL*,NAL                 000026310p,
530,3,20250731,SJ,TOTAL*,NAL                 000015080p,
530,3,20250831,SJ,TOTAL*,NAL                 000009770p,
530,3,20250930,SJ,TOTAL*,NAL                 000010630p,
530,3,20251031,SJ,TOTAL*,NAL                 000014793t,
530,3,20251130,SJ,TOTAL*,NAL                 000018440p,
530,3,20251231,SJ,TOTAL*,NAL                 000026020p,
530,3,20260131,SJ,TOTAL*,NAL                 000006670p,
530,3,20260228,SJ,TOTAL*,NAL                 000014250p,
540,3,20250331,PJ,BELL02,A                   0000035157,
540,3,20250331,PJ,BELL03,ITY                 0000060450,
540,3,20250331,PJ,BELL05,A                   0000002084,
540,3,20250331,PJ,CIBC03,LAN                 0000201244,
540,3,20250331,PJ,EXEC02,TELECOM             0000023839,
540,3,20250430,PJ,BELL02,A                   0000035157,
540,3,20250430,PJ,BELL05,A                   0000002034,
540,3,20250430,PJ,CIBC03,LAN                 0000039206,
540,3,20250430,PJ,EWOR01,E TRAINING          0000004975,
540,3,20250430,PJ,EXEC02,TELECOM             0000021298,
540,3,20250531,PJ,BELL02,A                   0000035157,
540,3,20250531,PJ,BELL03,ITY                 0000060793,
540,3,20250531,PJ,BELL05,A                   0000001990,
540,3,20250531,PJ,CIBC03,LAN                 0000009530,
540,3,20250630,JE,J-2442,FOR JUNE 2025      0000022337,
540,3,20250630,PJ,BELL02,A                   0000036734,
540,3,20250630,PJ,BELL03,ITY                 0000028152,
540,3,20250630,PJ,BELL05,A                   0000001850,
540,3,20250630,PJ,CIBC03,LAN                 0000023379,
540,3,20250630,PJ,EXEC02,TELECOM             0000022334,
540,3,20250731,PJ,BELL02,A                   0000035987,
540,3,20250731,PJ,BELL03,ITY                 0000034677,
540,3,20250731,PJ,BELL05,A                   0000001458,
540,3,20250731,PJ,CIBC03,LAN                 0000070471,
540,3,20250731,PJ,EXEC02,TELECOM             0000022334,
540,3,20250831,PJ,BELL02,A                   0000035987,
540,3,20250831,PJ,BELL03,ITY                 0000039852,
540,3,20250831,PJ,BELL05,A                   0000000745,
540,3,20250831,PJ,EXEC02,TELECOM             0000022334,
540,3,20250930,JE,J-2451,SEPTEMBER          0000044905,
540,3,20250930,PJ,CIBC03,LAN                 0000099275,
540,3,20251031,JE,J-2454,FOR OCTOBER 2025   0000015176,
540,3,20251031,PJ,BELL02,A                   0000071974,
540,3,20251031,PJ,BELL03,ITY                 0000062217,
540,3,20251031,PJ,BELL05,A                   0000003061,
540,3,20251031,PJ,CIBC03,LAN                 0000001015,
540,3,20251031,PJ,EXEC02,TELECOM             0000022334,
540,3,20251130,JE,J-2457,FOR NOVEMBER 2025  0000005485,
540,3,20251130,PJ,BELL02,A                   0000037559,
540,3,20251130,PJ,BELL03,ITY                 0000026552,
540,3,20251130,PJ,BELL05,A                   0000001957,
540,3,20251130,PJ,CIBC03,LAN                 0000072178,
540,3,20251130,PJ,EXEC02,TELECOM             0000022839,
540,3,20251231,JE,J2460,FOR DECEMBER 2025  0000019396,
540,3,20251231,PJ,BELL02,A                   0000035987,
540,3,20251231,PJ,BELL03,ITY                 0000025218,
540,3,20251231,PJ,BELL05,A                   0000001540,
540,3,20251231,PJ,CIBC03,LAN                 0000000451,
540,3,20251231,PJ,EXEC02,TELECOM             0000022849,
540,3,20260131,PJ,BELL02,A                   0000038837,
540,3,20260131,PJ,BELL03,ITY                 0000026586,
540,3,20260131,PJ,BELL05,A                   0000001362,
540,3,20260131,PJ,CIBC03,LAN                 0000044959,
540,3,20260131,PJ,EXEC02,TELECOM             0000022334,
540,3,20260228,PJ,CIBC03,LAN                 0000000564,
540,3,20260228,PJ,EXEC02,TELECOM             0000022299,
550,3,20250331,DB,DR1739,STATEMENT           0000011449,
550,3,20250331,DB,DR1741,STM FEE+ACCOUNT FEE0000007000,
550,3,20250331,PJ,CIBC03,LAN                 0000129953,
550,3,20250430,DB,DR1742,ENTECH MARCH STMT   0000009435,
550,3,20250430,DB,DR1743,0000002000,
550,3,20250430,DB,DR1745,STMENT & ACCT FEE  0000007000,
550,3,20250430,PJ,CIBC03,LAN                 0000022223,
550,3,20250531,DB,DR1746,ENTECH APRIL STMT   0000038916,
550,3,20250531,DB,DR1747,0000002000,
550,3,20250531,DB,DR1749,STMT & ACCOUNT FEE 0000007000,
550,3,20250630,DB,DR1750,ENTECH MAY STATEMENT0000048965,
550,3,20250630,DB,DR1751,0000002000,
550,3,20250630,DB,DR1753,STATEMENT +ACC FEE 0000007000,
550,3,20250630,PJ,CIBC03,LAN                 0000048997,
550,3,20250731,DB,DR1754,ENTECH JUNE STMNT   0000054141,
550,3,20250731,DB,DR1755,0000002000,
550,3,20250731,DB,DR1757,STATEMENT FEE      0000000500,
550,3,20250831,DB,DR1758,STATEMENT          0000028230,
550,3,20250831,DB,DR1759,0000002000,
550,3,20250831,DB,DR1761,NT FEE + PAPER STTM 0000007000,
550,3,20250930,DB,DR1762,ST STATEMENT        0000017229,
550,3,20250930,DB,DR1763,0000002000,
550,3,20250930,DB,DR1765,AND ACCOUNT FEE    0000007000,
550,3,20250930,JE,J-2451,SEPTEMBER          0000001500,
550,3,20250930,PJ,CIBC03,LAN                 0000003853,
550,3,20251031,DB,DR1766,ENTECH SEPT STTMNT  0000023536,
550,3,20251031,DB,DR1767,STATEMENT          0000002000,
550,3,20251031,DB,DR1769,EMENT FEE           0000007030,
550,3,20251031,JE,J-2454,FOR OCTOBER 2025   0000001500,
550,3,20251031,PJ,CIBC03,LAN                 0000020961,
550,3,20251130,DB,DR1770,ENTECH OCT STATEMENT0000016582,
550,3,20251130,DB,DR1771,0000002000,
550,3,20251130,DB,DR1773,NT FEE&PAPER STT FEE0000007000,
550,3,20251130,PJ,CIBC03,LAN                 0000000922,
550,3,20251231,DB,DR1774,MBER STATEMENT      0000015863,
550,3,20251231,DB,DR1775,DEC STATEMENT      0000002000,
550,3,20251231,DB,DR1777,NT&PAPER STTMNT FEES0000007000,
550,3,20251231,JE,J2460,FOR DECEMBER 2025  0000001550,
550,3,20251231,PJ,CIBC03,LAN                 0000041669,
550,3,20260131,DB,DR1778,ENTHECH DEC STATEMEN0000079317,
550,3,20260131,DB,DR1779,JAN STATEMENT      0000002000,
550,3,20260131,DB,DR1781,EMENT FEE           0000000500,
550,3,20260131,JE,J-2463,FOR JANUARY 2026   0000001600,
550,3,20260131,PJ,CIBC03,LAN                 0000028248,
550,3,20260228,PJ,CIBC03,LAN                 0000012776,
560,3,20250531,PJ,CIBC03,LAN                 0000151962,
560,3,20250731,PJ,MILL01,OUSE, ROSEBRUGH     0001184000,
560,3,20251031,PJ,MILL01,OUSE, ROSEBRUGH     0000073500,
560,3,20251231,PJ,SISK01,ROMARTY, IVEY & DOWL0000155442,
570,3,20250331,JE,J-2434,R MARCH 2025        0000343281,
570,3,20250430,JE,J-2437,R APRIL 2025        0000378750,
570,3,20250531,JE,J-2440,R MAY 2025          0000279375,
570,3,20250630,JE,J-2443,R JUNE 2025         0000401425,
570,3,20250731,JE,J-2446,R JULY 2025         0000330625,
570,3,20250831,JE,J-2449,R AUGUST 2025       0000273750,
570,3,20250930,JE,J2452,R SEPTEMBER 2025    0000345000,
570,3,20251031,JE,J2455,R OCTOBER 2025      0000323125,
570,3,20251130,JE,J-2458,R NOVEMBER 2025     0000262500,
570,3,20251231,JE,J2461,R DECEMBER 2025     0000285100,
570,3,20260131,JE,J-2464,R JANUARY 2026      0000268125,
600,3,20250331,JE,J-2434,R MARCH 2025        0000951125,
600,3,20250430,JE,J-2437,R APRIL 2025        0001006700,
600,3,20250531,JE,J-2440,R MAY 2025          0000954800,
600,3,20250630,JE,J-2443,R JUNE 2025         0001306340,
600,3,20250731,JE,J-2446,R JULY 2025         0001137000,
600,3,20250831,JE,J-2449,R AUGUST 2025       0000895125,
600,3,20250930,JE,J2452,R SEPTEMBER 2025    0001093375,
600,3,20251031,JE,J2455,R OCTOBER 2025      0001098500,
600,3,20251130,JE,J-2458,R NOVEMBER 2025     0001085625,
600,3,20251231,JE,J2461,R DECEMBER 2025     0001137330,
600,3,20260131,JE,J-2464,R JANUARY 2026      0000995875,
610,3,20250331,CR,250304,RIEM FOR RENT&UTILTS000004649p,
610,3,20250331,CR,250331,OR RENT&UTILITIES   000000390u,
610,3,20250331,JE,J-2433,FOR MARCH          000007228u,
610,3,20250331,PJ,ENBR01,AS (UNION GAS)      0000171644,
610,3,20250331,PJ,ERTH01,IONS                0000026613,
610,3,20250331,PJ,HYDR01,NETWORKS            0000099661,
610,3,20250331,PJ,RELI01,OME COMFORT         0000006573,
610,3,20250430,CR,250403,RIEM FOR RENT&UTILIT000003933u,
610,3,20250430,PJ,CIBC03,LAN                 0000039380,
610,3,20250430,PJ,ENBR01,AS (UNION GAS)      0000101034,
610,3,20250430,PJ,ERTH01,IONS                0000026613,
610,3,20250430,PJ,HYDR01,NETWORKS            0000095323,
610,3,20250430,PJ,MCDO01,ENERGY INC.         0000002825,
610,3,20250430,PJ,RELI01,OME COMFORT         0000016984,
610,3,20250531,CR,250506,RIEM FOR RENT&UTILIT000003370p,
610,3,20250531,CR,250508,OR RENT&UTILITIES   000000114p,
610,3,20250531,JE,J-2439,FOR MAY 2025       000006226p,
610,3,20250531,PJ,ENBR01,AS (UNION GAS)      0000056558,
610,3,20250531,PJ,ERTH01,IONS                0000025879,
610,3,20250531,PJ,HYDR01,NETWORKS            0000092318,
610,3,20250531,PJ,RELI01,OME COMFORT         0000006573,
610,3,20250630,CR,250603,EY FOR UTILITIES    000002070u,
610,3,20250630,JE,J-2442,FOR JUNE 2025      000001837u,
610,3,20250630,PJ,ENBR01,AS (UNION GAS)      0000019185,
610,3,20250630,PJ,ERTH01,IONS                0000028202,
610,3,20250630,PJ,HYDR01,NETWORKS            0000093906,
610,3,20250630,PJ,RELI01,OME COMFORT         0000006463,
610,3,20250731,CR,250707,EM FOR RENT&UTIL JUN000001326u,
610,3,20250731,JE,J-2445,FOR JULY 2025      000001524p,
610,3,20250731,PJ,ENBR01,AS (UNION GAS)      0000024965,
610,3,20250731,PJ,ERTH01,IONS                0000026980,
610,3,20250731,PJ,HYDR01,NETWORKS            0000111791,
610,3,20250831,CR,250806,FOR RENT&UTILITIES 000001435u,
610,3,20250831,JE,J2448,FOR AUGUST         000000613p,
610,3,20250831,PJ,ENBR01,AS (UNION GAS)      0000017135,
610,3,20250831,PJ,ERTH01,IONS                0000025390,
610,3,20250831,PJ,HYDR01,NETWORKS            0000118889,
610,3,20250831,PJ,RELI01,OME COMFORT         0000023447,
610,3,20250930,CR,250902,RIEM SEPT RENT &UTIL000000232p,
610,3,20250930,CR,250908,FOR RENT&UTILITIES 000001401u,
610,3,20250930,JE,J-2451,SEPTEMBER          000001763p,
610,3,20251031,CR,251001,RIEM OCT RENT&UTILIT000001546p,
610,3,20251031,JE,J-2454,FOR OCTOBER 2025   000001657u,
610,3,20251031,PJ,ENBR01,AS (UNION GAS)      0000017990,
610,3,20251031,PJ,ERTH01,IONS                0000026491,
610,3,20251031,PJ,HYDR01,NETWORKS            0000100290,
610,3,20251031,PJ,RELI01,OME COMFORT         0000013146,
610,3,20251130,CR,251105,RIEM FOR RENT&UTILIT000002426p,
610,3,20251130,JE,J-2457,FOR NOVEMBER 2025  000002716p,
610,3,20251130,PJ,CIBC03,LAN                 0000179800,
610,3,20251130,PJ,ENBR01,AS (UNION GAS)      0000051480,
610,3,20251130,PJ,ERTH01,IONS                0000025879,
610,3,20251130,PJ,HYDR01,NETWORKS            0000123786,
610,3,20251231,CR,251208,RIEM RENT&UTILITIES 000003196p,
610,3,20251231,JE,J2460,FOR DECEMBER 2025  000003044p,
610,3,20251231,PJ,ENBR01,AS (UNION GAS)      0000093572,
610,3,20251231,PJ,ERTH01,IONS                0000026368,
610,3,20251231,PJ,HYDR01,NETWORKS            0000101932,
610,3,20251231,PJ,RELI01,OME COMFORT         0000023557,
610,3,20260131,CR,260106,RIEM FOR RENT&UTLS  000003604p,
610,3,20260131,JE,J-2463,FOR JANUARY 2026   000003359p,
610,3,20260131,PJ,ENBR01,AS (UNION GAS)      0000115364,
610,3,20260131,PJ,ERTH01,IONS                0000028960,
610,3,20260131,PJ,HYDR01,NETWORKS            0000090858,
610,3,20260131,PJ,RELI01,OME COMFORT         0000006463,
610,3,20260228,CR,260203,RIEM FOR RENT&UTILIT000005191p,
610,3,20260228,PJ,ENBR01,AS (UNION GAS)      0000164886,
610,3,20260228,PJ,HYDR01,NETWORKS            0000027774,
630,3,20250331,JE,J-2434,R MARCH 2025        0000054667,
630,3,20250430,JE,J-2437,R APRIL 2025        0000061357,
630,3,20250531,JE,J-2440,R MAY 2025          0000053477,
630,3,20250630,JE,J-2443,R JUNE 2025         0000068321,
630,3,20250731,JE,J-2446,R JULY 2025         0000054681,
630,3,20250831,JE,J-2449,R AUGUST 2025       0000043162,
630,3,20250930,JE,J2452,R SEPTEMBER 2025    0000056034,
630,3,20251031,JE,J2455,R OCTOBER 2025      0000059812,
630,3,20251130,JE,J-2458,R NOVEMBER 2025     0000057679,
630,3,20251231,JE,J2461,R DECEMBER 2025     0000060283,
630,3,20260131,JE,J-2464,R JANUARY 2026      0000042717,
632,3,20250331,PJ,RWAM01,ANCE                0000178057,
632,3,20250430,PJ,RWAM01,ANCE                0000178057,
632,3,20250531,PJ,RWAM01,ANCE                0000178057,
632,3,20250630,PJ,RWAM01,ANCE                0000178057,
632,3,20250731,PJ,RWAM01,ANCE                0000178057,
632,3,20250831,PJ,RWAM01,ANCE                0000178057,
632,3,20250930,PJ,RWAM01,ANCE                0000178057,
632,3,20251031,PJ,RWAM01,ANCE                0000178057,
632,3,20251130,PJ,RWAM01,ANCE                0000179013,
632,3,20251231,PJ,RWAM01,ANCE                0000179013,
632,3,20260131,PJ,RWAM01,ANCE                0000179013,
632,3,20260228,PJ,RWAM01,ANCE                0000179013,
634,3,20250331,JE,J-2434,R MARCH 2025        0000147811,
634,3,20250430,JE,J-2437,R APRIL 2025        0000165449,
634,3,20250531,JE,J-2440,R MAY 2025          0000146229,
634,3,20250630,JE,J-2443,R JUNE 2025         0000193937,
634,3,20250731,JE,J-2446,R JULY 2025         0000148063,
634,3,20250831,JE,J-2449,R AUGUST 2025       0000116914,
634,3,20250930,JE,J2452,R SEPTEMBER 2025    0000150916,
634,3,20251031,JE,J2455,R OCTOBER 2025      0000160687,
634,3,20251130,JE,J-2458,R NOVEMBER 2025     0000154533,
634,3,20251231,JE,J2461,R DECEMBER 2025     0000170823,
634,3,20260131,JE,J-2464,R JANUARY 2026      0000118065,
636,3,20250430,PJ,WORK01,SAFETY & INSURANCE  0000079961,
636,3,20250731,PJ,WORK01,SAFETY & INSURANCE  0000094644,
636,3,20251031,PJ,WORK01,SAFETY & INSURANCE  0000078105,
636,3,20260131,PJ,WORK01,SAFETY & INSURANCE  0000062869,
640,3,20250331,PJ,NORF02,UNTY                0000880738,
640,3,20250531,PJ,NORF02,UNTY                0000880600,
640,3,20250831,PJ,NORF02,UNTY                0000891452,
640,3,20251031,PJ,NORF02,UNTY                0000890200,
650,3,20250331,JE,J-2433,FOR MARCH          0000079208,
650,3,20250331,PJ,BEAR01,ARD                 0000016500,
650,3,20250331,PJ,DOWD01,SONS               0000050600,
650,3,20250430,PJ,BEAR01,ARD                 0000008000,
650,3,20250430,PJ,DOWD01,SONS               0000028800,
650,3,20250531,JE,J-2439,FOR MAY 2025       0000048949,
650,3,20250531,PJ,BEAR01,ARD                 0000032000,
650,3,20250531,PJ,CHUB01,RITY SYSTEMS        0000078236,
650,3,20250531,PJ,CIBC03,LAN                 0000012714,
650,3,20250630,JE,J-2442,FOR JUNE 2025      0000111316,
650,3,20250630,PJ,BEAR01,ARD                 0000039500,
650,3,20250630,PJ,DOWD01,SONS               0000018000,
650,3,20250731,JE,J-2445,FOR JULY 2025      0000075986,
650,3,20250731,PJ,PLUM01,MBING AND HEATING   0000017400,
650,3,20250831,JE,J2448,FOR AUGUST         0000060955,
650,3,20250831,PJ,CHUB01,RITY SYSTEMS        0000078236,
650,3,20250831,PJ,PLUM01,MBING AND HEATING   0000075810,
650,3,20250930,JE,J-2451,SEPTEMBER          0000052388,
650,3,20250930,PJ,TILL08,G FIRE & SAFETY EQUI0000056185,
650,3,20251031,JE,J-2454,FOR OCTOBER 2025   0001743491,
650,3,20251130,JE,J-2457,FOR NOVEMBER 2025  0000066058,
650,3,20251130,PJ,BEAR01,ARD                 0000008000,
650,3,20251130,PJ,ISWS01,S                   0000214300,
650,3,20251231,JE,J2460,FOR DECEMBER 2025  0000064818,
650,3,20251231,PJ,BEAR01,ARD                 0000012000,
650,3,20251231,PJ,MAZZ01,ING&AIR CONDITIONING0000030500,
650,3,20260131,JE,J-2463,FOR JANUARY 2026   0000027487,
651,3,20250630,PJ,COUR01,VINYL WINDOWS LTD.  0000023500,
653,3,20250331,PJ,HYDR01,NETWORKS            0000033165,
653,3,20250430,PJ,HYDR01,NETWORKS            0000022706,
653,3,20250531,PJ,HYDR01,NETWORKS            0000029214,
653,3,20250630,PJ,HYDR01,NETWORKS            0000030740,
653,3,20250731,PJ,HYDR01,NETWORKS            0000059054,
653,3,20250831,PJ,HYDR01,NETWORKS            0000049615,
653,3,20250930,PJ,BAYS01,PTIC SERVICE 2012INC0000068000,
653,3,20251031,PJ,HYDR01,NETWORKS            0000028006,
653,3,20251231,PJ,BAYS01,PTIC SERVICE 2012INC0000102000,
653,3,20251231,PJ,HYDR01,NETWORKS            0000031814,
653,3,20260131,PJ,HYDR01,NETWORKS            0000038557,
654,3,20260228,PJ,CIBC03,LAN                 0000036649,
660,3,20250331,JE,J21081,ON AUTO MARCH       0000021500,
660,3,20250430,JE,J21091,ON FOR APRIL 2025   0000021500,
660,3,20250531,JE,J21101,ON FOR MAY          0000021500,
660,3,20250630,JE,J21111,ON JUNE             0000021500,
660,3,20250731,JE,J21121,ON JULY             0000021500,
660,3,20250831,JE,J21131,ON AUTO AUGUST      0000021500,
660,3,20250930,JE,J21141,ON AUTO             0000021500,
660,3,20251031,JE,J21151,ON AUTO OCT 2025    0000021500,
660,3,20251130,JE,J21161,ON FOR NOVEMBER     0000021500,
660,3,20251231,JE,J21171,ON AUTO             0000021500,
660,3,20260131,JE,J21181,ON AUTO JANUARY     0000021500,
662,3,20250331,JE,J21081,ON AUTO MARCH       0000004000,
662,3,20250430,JE,J21091,ON FOR APRIL 2025   0000004000,
662,3,20250531,JE,J21101,ON FOR MAY          0000004000,
662,3,20250630,JE,J21111,ON JUNE             0000004000,
662,3,20250731,JE,J21121,ON JULY             0000004000,
662,3,20250831,JE,J21131,ON AUTO AUGUST      0000004000,
662,3,20250930,JE,J21141,ON AUTO             0000004000,
662,3,20251031,JE,J21151,ON AUTO OCT 2025    0000004000,
662,3,20251130,JE,J21161,ON FOR NOVEMBER     0000004000,
662,3,20251231,JE,J21171,ON AUTO             0000004000,
662,3,20260131,JE,J21181,ON AUTO JANUARY     0000004000,
664,3,20250331,JE,J21081,ON AUTO MARCH       0000087400,
664,3,20250430,JE,J21091,ON FOR APRIL 2025   0000087400,
664,3,20250531,JE,J21101,ON FOR MAY          0000087400,
664,3,20250630,JE,J21111,ON JUNE             0000087400,
664,3,20250731,JE,J21121,ON JULY             0000087400,
664,3,20250831,JE,J21131,ON AUTO AUGUST      0000087400,
664,3,20250930,JE,J21141,ON AUTO             0000087400,
664,3,20251031,JE,J21151,ON AUTO OCT 2025    0000087400,
664,3,20251130,JE,J21161,ON FOR NOVEMBER     0000087400,
664,3,20251231,JE,J21171,ON AUTO             0000087400,
664,3,20260131,JE,J21181,ON AUTO JANUARY     0000087400,
666,3,20250331,JE,J21081,ON AUTO MARCH       0000008800,
666,3,20250430,JE,J21091,ON FOR APRIL 2025   0000008800,
666,3,20250531,JE,J21101,ON FOR MAY          0000008800,
666,3,20250630,JE,J21111,ON JUNE             0000008800,
666,3,20250731,JE,J21121,ON JULY             0000008800,
666,3,20250831,JE,J21131,ON AUTO AUGUST      0000008800,
666,3,20250930,JE,J21141,ON AUTO             0000008800,
666,3,20251031,JE,J21151,ON AUTO OCT 2025    0000008800,
666,3,20251130,JE,J21161,ON FOR NOVEMBER     0000008800,
666,3,20251231,JE,J21171,ON AUTO             0000008800,
666,3,20260131,JE,J21181,ON AUTO JANUARY     0000008800,
668,3,20250331,JE,J21081,ON AUTO MARCH       0000004200,
668,3,20250430,JE,J21091,ON FOR APRIL 2025   0000004200,
668,3,20250531,JE,J21101,ON FOR MAY          0000004200,
668,3,20250630,JE,J21111,ON JUNE             0000004200,
668,3,20250731,JE,J21121,ON JULY             0000004200,
668,3,20250831,JE,J21131,ON AUTO AUGUST      0000004200,
668,3,20250930,JE,J21141,ON AUTO             0000004200,
668,3,20251031,JE,J21151,ON AUTO OCT 2025    0000004200,
668,3,20251130,JE,J21161,ON FOR NOVEMBER     0000004200,
668,3,20251231,JE,J21171,ON AUTO             0000004200,
668,3,20260131,JE,J21181,ON AUTO JANUARY     0000004200,
670,3,20250331,JE,J21081,ON AUTO MARCH       0000003300,
670,3,20250430,JE,J21091,ON FOR APRIL 2025   0000003300,
670,3,20250531,JE,J21101,ON FOR MAY          0000003300,
670,3,20250630,JE,J21111,ON JUNE             0000003300,
670,3,20250731,JE,J21121,ON JULY             0000003300,
670,3,20250831,JE,J21131,ON AUTO AUGUST      0000003300,
670,3,20250930,JE,J21141,ON AUTO             0000003300,
670,3,20251031,JE,J21151,ON AUTO OCT 2025    0000003300,
670,3,20251130,JE,J21161,ON FOR NOVEMBER     0000003300,
670,3,20251231,JE,J21171,ON AUTO             0000003300,
670,3,20260131,JE,J21181,ON AUTO JANUARY     0000003300,
680,3,20250331,CR,250310,R PLATINUM          000046524v,
680,3,20250331,JE,J-2433,FOR MARCH          0000013681,
680,3,20250331,PJ,CIBC03,LAN                 0000088775,
680,3,20250331,PJ,GESS01,ANADA               0000018939,
680,3,20250331,PJ,MESS01,ADA INC.,15687      0000021242,
680,3,20250430,JE,J-2436,FOR APRIL 2025     0000001664,
680,3,20250430,PJ,ALPH01,LIMITED             0000047500,
680,3,20250430,PJ,CHAN01,NDUSTRIAL SUPPLIES  0000012320,
680,3,20250430,PJ,CIBC03,LAN                 0000091017,
680,3,20250430,PJ,GESS01,ANADA               0000030231,
680,3,20250430,PJ,IMPE50,ECIOUS METALS       0000204043,
680,3,20250430,PJ,MDLD01,D MERCHANTS         0000749417,
680,3,20250430,PJ,MESS01,ADA INC.,15687      0000021242,
680,3,20250531,JE,J-2439,FOR MAY 2025       0000122190,
680,3,20250531,PJ,CHAN01,NDUSTRIAL SUPPLIES  0000006800,
680,3,20250531,PJ,CIBC03,LAN                 0000033336,
680,3,20250531,PJ,GESS01,ANADA               0000100608,
680,3,20250531,PJ,MDLD01,D MERCHANTS         0000014900,
680,3,20250531,PJ,MESS01,ADA INC.,15687      0000021242,
680,3,20250630,JE,J-2442,FOR JUNE 2025      0000029370,
680,3,20250630,PJ,CIBC03,LAN                 0000607701,
680,3,20250630,PJ,GESS01,ANADA               0000138567,
680,3,20250630,PJ,MESS01,ADA INC.,15687      0000077595,
680,3,20250731,PJ,CEYL01,S & JEWELLERY       0000010000,
680,3,20250731,PJ,CIBC03,LAN                 0000026788,
680,3,20250731,PJ,MDLD01,D MERCHANTS         0000748784,
680,3,20250731,PJ,MESS01,ADA INC.,15687      0000046120,
680,3,20250831,PJ,MDLD01,D MERCHANTS         000062097y,
680,3,20250831,PJ,MESS01,ADA INC.,15687      0000048835,
680,3,20250930,JE,J-2451,SEPTEMBER          0000019628,
680,3,20250930,PJ,CIBC03,LAN                 0000094705,
680,3,20250930,PJ,MDLD01,D MERCHANTS         0000962748,
680,3,20250930,PJ,MESS01,ADA INC.,15687      0000103691,
680,3,20251031,JE,J-2454,FOR OCTOBER 2025   0000024518,
680,3,20251031,PJ,CHAN01,NDUSTRIAL SUPPLIES  0000039650,
680,3,20251031,PJ,GESS01,ANADA               0000019638,
680,3,20251031,PJ,MDLD01,D MERCHANTS         0000029005,
680,3,20251031,PJ,MESS01,ADA INC.,15687      0000024824,
680,3,20251130,JE,J-2457,FOR NOVEMBER 2025  0000047959,
680,3,20251130,PJ,CIBC03,LAN                 0000411124,
680,3,20251130,PJ,GESS01,ANADA               0000076720,
680,3,20251130,PJ,MDLD01,D MERCHANTS         0000035164,
680,3,20251130,PJ,MESS01,ADA INC.,15687      0000025496,
680,3,20251231,JE,J2460,FOR DECEMBER 2025  0000005470,
680,3,20251231,PJ,CIBC03,LAN                 0000129031,
680,3,20251231,PJ,GESS01,ANADA               0000058604,
680,3,20251231,PJ,MDLD01,D MERCHANTS         0000227139,
680,3,20251231,PJ,MESS01,ADA INC.,15687      0000114504,
680,3,20260131,JE,J-2463,FOR JANUARY 2026   0000011236,
680,3,20260131,PJ,CIBC03,LAN                 0000004290,
680,3,20260131,PJ,GESS01,ANADA               0000009638,
680,3,20260131,PJ,MDLD01,D MERCHANTS         0000545122,
680,3,20260131,PJ,MESS01,ADA INC.,15687      0000024824,
680,3,20260228,PJ,CIBC03,LAN                 0000038995,
680,3,20260228,PJ,GESS01,ANADA               0000125037,
680,3,20260228,PJ,MDLD01,D MERCHANTS         0000083200,
680,3,20260228,PJ,WEBE01,LY COMPANY INC.     0000016111,
710,3,20250331,CR,TOTAL*,PTS JOURNAL         0000381423,
710,3,20250430,CR,TOTAL*,PTS JOURNAL         0000109514,
710,3,20250531,CR,TOTAL*,PTS JOURNAL         0000257673,
710,3,20250630,CR,TOTAL*,PTS JOURNAL         0001016891,
710,3,20250731,CR,TOTAL*,PTS JOURNAL         0000359692,
710,3,20250831,CR,TOTAL*,PTS JOURNAL         0000297471,
710,3,20250930,CR,TOTAL*,PTS JOURNAL         0000169076,
710,3,20251031,CR,TOTAL*,PTS JOURNAL         0000134433,
710,3,20251130,CR,TOTAL*,PTS JOURNAL         0000205189,
710,3,20251231,CR,TOTAL*,PTS JOURNAL         0000452897,
710,3,20260131,CR,TOTAL*,PTS JOURNAL         0000051444,
710,3,20260228,CR,TOTAL*,PTS JOURNAL         0000205918,
760,3,20250331,JE,J-2433,FOR MARCH          0000004865,
760,3,20250430,JE,J-2436,FOR APRIL 2025     0000005505,
760,3,20250531,JE,J-2439,FOR MAY 2025       0000009742,
760,3,20250630,JE,J-2442,FOR JUNE 2025      0000008884,
760,3,20250731,JE,J-2445,FOR JULY 2025      0000004505,
760,3,20250831,JE,J2448,FOR AUGUST         0000007677,
760,3,20251031,JE,J-2454,FOR OCTOBER 2025   0000007590,
760,3,20251130,JE,J-2457,FOR NOVEMBER 2025  0000007705,
760,3,20251231,JE,J2460,FOR DECEMBER 2025  0000039962,
760,3,20260131,JE,J-2463,FOR JANUARY 2026   0000007610,
780,3,20250630,PJ,NORF02,UNTY                0000011008,
30301,3,20260331,SJ,TOTAL*,NAL                 000018845p,90010
530,3,20260331,SJ,TOTAL*,NAL                 000001410p,90010
244,3,20260331,SJ,TOTAL*,NAL                 000002509w,90010
120,3,20260331,SJ,TOTAL*,NAL                 0000349916,90010
30401,3,20260331,SJ,TOTAL*,NAL                 000003530p,90010
245,3,20260331,SJ,TOTAL*,NAL                 000000814q,90010
30501,3,20260331,SJ,TOTAL*,NAL                 000001197u,90010
100,3,20260228,JE,J-2463,FOR FEB 2026       0000266655,
120,3,20260228,JE,J-2463,FOR FEB 2026       000008976p,
235,3,20260228,JE,J-2463,FOR FEB 2026       0000005266,
413,3,20260228,JE,J-2463,FOR FEB 2026       0000013099,
341,3,20260228,JE,J-2463,FOR FEB 2026       000021000p,
610,3,20260228,JE,J-2463,FOR FEB 2026       000004618u,
510,3,20260228,JE,J-2463,FOR FEB 2026       0000000871,
550,3,20260228,JE,J-2463,FOR FEB 2026       0000001600,
650,3,20260228,JE,J-2463,FOR FEB 2026       0000020000,
680,3,20260228,JE,J-2463,FOR FEB 2026       0000030414,
760,3,20260228,JE,J-2463,FOR FEB 2026       0000008040,
110,3,20260331,CR,TOTAL*,PTS JOURNAL         0001234661,
120,3,20260331,CR,TOTAL*,PTS JOURNAL         000097265t,
341,3,20260331,CR,260302,UTILITIES AND RENT 000022250p,
610,3,20260331,CR,260302,UTILITIES AND RENT 000003950u,
680,3,20260228,PJ,MESS01,ADA INC.,15687      0000024824,
235,3,20260228,PJ,MESS01,ADA INC.,15687      0000003228,
650,3,20260228,PJ,BEAR01,ARD                 0000016000,
235,3,20260228,PJ,BEAR01,ARD                 0000002080,
510,3,20260331,PJ,QBOL01,E                   0000100000,
235,3,20260331,PJ,QBOL01,E                   0000013000,
210,3,20260331,PJ,TOTAL*,OURNAL              000019259q,
402,3,20260331,PJ,CJG-01,LRY GROUP CO-OP     0000040000,
235,3,20260331,PJ,CJG-01,LRY GROUP CO-OP     0000005200,
130,3,20260331,PJ,MDLD01,D MERCHANTS         0000015950,
382,3,20260331,PJ,MDLD01,D MERCHANTS         0000014485,
235,3,20260331,PJ,MDLD01,D MERCHANTS         0000003956,
130,3,20260228,PJ,IMPE50,ECIOUS METALS       0002085000,
382,3,20260228,PJ,IMPE50,ECIOUS METALS       000009536w,
130,3,20260331,RF,TOTAL*,RODUCTION TOTAL     0000002095,
38005,3,20260331,RF,TOTAL*,RODUCTION TOTAL     000095253p,
38001,3,20260331,RF,TOTAL*,RODUCTION TOTAL     0000950435,
30801,3,20260331,SJ,TOTAL*,NAL                 000006355p,90010
242,3,20260331,SJ,TOTAL*,NAL                 000000330s,90010
37101,3,20260228,JE,J-2467,BRUARY 2026         0000009000,
37201,3,20260228,JE,J-2467,BRUARY 2026         0000265460,
37301,3,20260228,JE,J-2467,BRUARY 2026         0000190140,
37401,3,20260228,JE,J-2467,BRUARY 2026         0000091900,
37501,3,20260228,JE,J-2467,BRUARY 2026         0000833200,
37601,3,20260228,JE,J-2467,BRUARY 2026         0000007900,
37801,3,20260228,JE,J-2467,BRUARY 2026         0000043900,
570,3,20260228,JE,J-2467,BRUARY 2026         0000537875,
600,3,20260228,JE,J-2467,BRUARY 2026         0000912500,
634,3,20260228,JE,J-2467,BRUARY 2026         0000153633,
630,3,20260228,JE,J-2467,BRUARY 2026         0000057596,
510,3,20260228,JE,J-2467,BRUARY 2026         0000021788,
235,3,20260228,JE,J-2467,BRUARY 2026         0000002832,
240,3,20260228,JE,J-2467,BRUARY 2026         000015734r,
110,3,20260228,JE,J-2467,BRUARY 2026         000297038r,
710,3,20260331,CR,TOTAL*,PTS JOURNAL         000000000r,
