A&A005|E40|20250331|620513|ENGRAVING      |20250318|      24.50 |      7 |       0.00 |MO
A&A005|E40|20260228|621666|ENGRAVING      |20260219|      24.50 |      7 |       0.00 |MO
A&A005|Z30|20250331|620513|CLAS.LG/STER   |20250318|     882.00 |      7 |     457.80 |MO
A&A005|Z30|20260228|621666|CLAS.LG/STER   |20260219|    1159.00 |      7 |     575.68 |MO
A&A010|M10|20250228|620406|MISC-SALES     |20250206|      20.00 |      1 |       0.00 |PH
A&A010|N60|20251231|621565|70/GFB         |20251218|      59.50 |      1 |      29.51 |PH
A&A010|N60|20251231|621565|8RA/GFB        |20251218|      59.50 |      1 |      29.51 |PH
ADA020|W60|20250430|620641|5T66M/14K      |20250417|    1257.75 |      1 |     327.68 |MO
AIT510|F01|20250630|620862|F2547/14K      |20250603|     830.75 |      1 |     170.26 |PH
AIT510|R10|20251130|621402|REPAIRS        |20251124|      35.00 |      1 |       0.00 |RP
AIT510|S20|20250228|620428|DAUGHTERS/STER |20250220|      64.75 |      1 |      30.61 |PH
AIT510|S20|20251130|621361|FAM.RING/STER  |20251110|      94.00 |      1 |      61.76 |PH
AIT510|S20|20251231|621435|FAM.RING/STER  |20251203|      72.50 |      1 |      61.76 |PH
AIT510|S20|20260131|621611|DAUGHTERS/STER |20260129|      99.75 |      1 |      34.54 |PH
ALB023|W60|20250430|620679|914M/10KY      |20250424|     774.75 |      1 |     210.53 |PH
ALT111|C20|20251130|621369|S17B/STER      |20251113|     102.00 |      1 |      50.52 |MO
ALT111|C20|20260228|621626|S180M/STER     |20260204|     322.50 |      2 |     174.38 |MO
ALT111|E40|20250630|620904|ENGRAVING      |20250611|       7.00 |      2 |       0.00 |MO
ALT111|E40|20251130|621368|ENGRAVING      |20251113|       3.50 |      1 |       0.00 |MO
ALT111|F01|20251130|621368|F2538/10K      |20251113|     339.00 |      1 |      78.55 |MO
ALT111|S20|20251231|621508|FAM.RING/STER  |20251211|      74.00 |      1 |      61.76 |MO
ALT111|S50|20250430|620588|1116MA/10K     |20250407|     127.00 |      1 |     191.49 |MO
ALT111|Z10|20250630|620904|CLAS.PET/STER  |20250611|     102.00 |      1 |      44.40 |MO
ALT111|Z10|20251130|621368|SR15DB/STER    |20251113|      86.00 |      1 |      40.67 |MO
ALT111|Z30|20250630|620904|CLAS.MD.M/STER |20250611|     124.00 |      1 |      57.89 |MO
ALT111|Z30|20250831|621146|CLAS.LG/STER   |20250821|     136.00 |      1 |      65.40 |MO
AND014|W01|20250731|621088|6T18L/10KW     |20250730|     634.00 |      1 |     143.81 |PH
ANS071|C60|20251231|621499|CJ-P/10K       |20251210|     475.00 |      1 |       0.00 |MO
ANS071|E40|20250331|620502|ENGRAVING      |20250317|       3.50 |      1 |       0.00 |MO
ANS071|E40|20250831|621169|ENGRAVING      |20250828|      52.00 |      2 |       0.00 |PH
ANS071|I40|20250831|621169|13EM/10K       |20250828|     364.50 |      1 |      83.68 |PH
ANS071|I50|20250831|621169|1BM/STER       |20250828|      47.00 |      1 |      11.06 |PH
ANS071|J30|20250430|620571|BR5/STERB      |20250402|      53.00 |      1 |      23.34 |PH
ANS071|J30|20250430|620571|BR6/STERB      |20250402|     212.00 |      4 |      93.36 |PH
ANS071|Z10|20250331|620502|CLAS.MD.L/STER |20250317|     119.75 |      1 |      55.34 |MO
APP025|C20|20251031|621292|S14M/STER      |20251023|     121.00 |      1 |      62.50 |MO
APP025|D60|20251031|621293|DIE-CHARGE     |20251023|     285.00 |      1 |       0.00 |MO
APP025|E40|20251031|621305|ENGRAVING      |20251023|       3.50 |      1 |       0.00 |MO
ARM024|W80|20250430|620640|5296M/10KTT    |20250417|    1076.50 |      1 |     260.60 |MO
BAB033|E40|20250630|620996|ENGRAVING      |20250625|       3.50 |      1 |       0.00 |PH
BAB033|N60|20251231|621476|4/GF           |20251209|     102.50 |      1 |      49.24 |PH
BAB033|Q01|20250228|620436|C126/10K       |20250225|     138.00 |      1 |      35.64 |PH
BAB033|Q30|20250228|620436|C126/STER      |20250225|      26.75 |      1 |      10.26 |PH
BAB033|Q30|20251231|621476|CC70/STER      |20251209|      50.25 |      1 |      18.07 |PH
BAB033|Q30|20251231|621557|CC70/STER      |20251218|      45.25 |      1 |      18.07 |PH
BAB033|S50|20250731|621039|C552.ON-I/10K  |20250716|      90.00 |      1 |     163.64 |PH
BAB033|S50|20251231|621557|1116DON-I/10K  |20251218|     973.25 |      1 |     594.57 |PH
BAB033|W01|20250630|620996|500TM/10KY     |20250625|     752.00 |      1 |     168.59 |PH
BAB033|W80|20250731|621057|5522M/10KTT    |20250722|    1351.00 |      1 |     308.82 |PH
BAK034|E40|20250831|621126|ENGRAVING      |20250814|       3.50 |      1 |       0.00 |PH
BAK034|M11|20250531|620784|SCHBRO1        |20250515|       0.00 |      1 |       0.00 |MO
BAK034|Z10|20250831|621126|SR27B/STER     |20250814|      94.75 |      1 |      46.01 |PH
BAK040|W60|20250731|621058|2T24L/10K      |20250723|     662.75 |      1 |     131.60 |PH
BAL100|M10|20250131|620334|MISC-SALES     |20250113|     695.72 |      2 |       0.00 |PH
BAL100|M10|20250630|621016|MISC-SALES     |20250626|     775.95 |      1 |       0.00 |PH
BAL100|M10|20251231|621502|MISC-SALES     |20251210|     622.70 |      1 |       0.00 |PH
BAR040|C80|20250531|620716|CJ-P/STER      |20250502|     140.00 |      4 |      52.80 |MO
BAR040|D60|20250531|620717|DIE-CHARGE     |20250502|     285.00 |      1 |       0.00 |MO
BAR040|E40|20250131|620345|ENGRAVING      |20250116|       3.50 |      1 |       0.00 |MO
BAR040|I50|20251130|621366|13-G80/10K     |20251112|     398.50 |      1 |     133.69 |MO
BAR040|R10|20250531|620715|REPAIRS        |20250502|       0.00 |      1 |       0.00 |PH
BAR040|W40|20250131|620345|3T18L/14KW     |20250116|     438.25 |      1 |     117.59 |MO
BAR040|W80|20250531|620715|5392M/10K      |20250502|    1049.00 |      1 |     267.42 |PH
BAR048|C20|20250531|620821|S19B/STER      |20250522|      77.75 |      1 |      31.79 |PH
BAR048|E20|20250331|620563|EB13/10K       |20250327|     220.75 |      1 |      68.91 |PH
BAR048|E40|20250228|620442|ENGRAVING      |20250225|       3.50 |      1 |       0.00 |PH
BAR048|E40|20250331|620563|ENGRAVING      |20250327|       3.50 |      1 |       0.00 |PH
BAR048|E40|20250531|620730|ENGRAVING      |20250506|       3.50 |      1 |       0.00 |PH
BAR048|E40|20250531|620745|ENGRAVING      |20250508|       3.50 |      1 |       0.00 |PH
BAR048|E40|20250531|620821|ENGRAVING      |20250522|       3.50 |      1 |       0.00 |PH
BAR048|E40|20250531|620837|ENGRAVING      |20250529|       3.50 |      1 |       0.00 |PH
BAR048|E40|20250531|620849|ENGRAVING      |20250529|       3.50-|      1-|       0.00 |PH
BAR048|E40|20250630|620924|ENGRAVING      |20250617|       3.50 |      1 |       0.00 |PH
BAR048|E40|20250630|620937|ENGRAVING      |20250618|       7.00 |      2 |       0.00 |PH
BAR048|E40|20250630|620974|ENGRAVING      |20250624|       3.50 |      1 |       0.00 |PH
BAR048|E40|20250731|621021|ENGRAVING      |20250709|       3.50 |      1 |       0.00 |PH
BAR048|E40|20250831|621133|ENGRAVING      |20250818|       3.50 |      1 |       0.00 |PH
BAR048|E40|20250831|621135|ENGRAVING      |20250818|       2.60-|      1-|       0.00 |PH
BAR048|E40|20251231|621436|ENGRAVING      |20251203|       3.50 |      1 |       0.00 |PH
BAR048|E40|20251231|621437|ENGRAVING      |20251203|       3.50 |      1 |       0.00 |PH
BAR048|E40|20251231|621485|ENGRAVING      |20251210|       3.50 |      1 |       0.00 |MO
BAR048|E40|20260228|621664|ENGRAVING      |20260219|       3.50 |      1 |       0.00 |PH
BAR048|J30|20250630|620974|BR4/STERB      |20250624|      53.00 |      1 |      23.34 |PH
BAR048|J30|20250630|620974|BR5/STERB      |20250624|      53.00 |      1 |      23.34 |PH
BAR048|J30|20250630|620974|BR6/STERB      |20250624|      53.00 |      1 |      23.34 |PH
BAR048|J30|20260131|621615|BR4/STERB      |20260129|     106.00 |      2 |      71.10 |PH
BAR048|J30|20260131|621615|BR6/STERB      |20260129|     106.00 |      2 |      71.10 |PH
BAR048|J40|20250630|620974|BR4/GFB        |20250624|     106.00 |      2 |      46.68 |PH
BAR048|J40|20250630|620974|BR5/GFB        |20250624|     106.00 |      2 |      46.68 |PH
BAR048|J40|20250630|620974|BR6/GFB        |20250624|     106.00 |      2 |      46.68 |PH
BAR048|J40|20260131|621615|BR4/GFB        |20260129|     106.00 |      2 |      71.10 |PH
BAR048|J40|20260131|621615|BR6/GFB        |20260129|     106.00 |      2 |      71.10 |PH
BAR048|N60|20260131|621615|44E/GFB        |20260129|     124.50 |      1 |      62.56 |PH
BAR048|Q01|20250430|620644|C58M/10K       |20250417|     833.00 |      1 |     197.13 |PH
BAR048|R10|20250831|621134|REPAIRS        |20250818|      30.00 |      2 |       0.00 |RP
BAR048|S01|20250331|620563|1304/10K       |20250327|     259.50 |      1 |      73.59 |PH
BAR048|S01|20250331|620563|1304HEM/10K    |20250327|     260.75 |      1 |      74.29 |PH
BAR048|S01|20250930|621185|1304HEM/10K    |20250909|     598.50 |      2 |     148.58 |PH
BAR048|U01|20250131|620383|RN1/10K        |20250130|     317.25 |      1 |      91.64 |PH
BAR048|U01|20250531|620730|CCA1/10K       |20250506|     688.50 |      2 |     183.28 |PH
BAR048|U01|20250531|620745|LPN301B/10K    |20250508|     525.00 |      1 |     130.23 |PH
BAR048|U01|20250531|620837|CCA1/10K       |20250529|     344.25 |      1 |      91.64 |PH
BAR048|U01|20250731|621021|CCA1/10K       |20250709|     344.00 |      1 |      91.64 |PH
BAR048|U01|20251231|621437|LPN1/10K       |20251203|     428.00 |      1 |     258.02 |PH
BAR048|U01|20251231|621437|RN1/10K        |20251203|     431.00 |      1 |     259.87 |PH
BAR048|U20|20250531|620730|RN1/STER       |20250506|     114.50 |      1 |      36.69 |PH
BAR048|U20|20250930|621219|CCA1/STER      |20250918|      78.50 |      1 |      34.84 |PH
BAR048|U20|20251031|621321|CCA1/STER      |20251030|      78.50 |      1 |      34.84 |PH
BAR048|U20|20251031|621321|LPN1/STER      |20251030|      78.50 |      1 |      36.52 |PH
BAR048|U20|20260228|621664|LPN1/STER      |20260219|     272.50 |      3 |     122.55 |PH
BAR048|X20|20250531|620745|PS11L/STER     |20250508|      43.25 |      1 |      17.44 |PH
BAR048|Z01|20250531|620821|SR21B/10K      |20250522|     418.50 |      1 |     106.04 |PH
BAR048|Z01|20250630|620924|CLAS.PET/10K   |20250617|     502.75 |      1 |     128.59 |PH
BAR048|Z01|20250630|620937|CLAS.SM/10K    |20250618|     648.50 |      1 |     158.59 |PH
BAR048|Z10|20250131|620383|CLAS.PET/STER  |20250130|     116.00 |      1 |      44.40 |PH
BAR048|Z10|20250228|620442|SR91B/STER     |20250225|      97.75 |      1 |      47.93 |PH
BAR048|Z10|20250531|620821|SR17B/STER     |20250522|      92.75 |      1 |      44.77 |PH
BAR048|Z10|20250531|620837|SR55B/STER     |20250529|      92.75 |      1 |      44.77 |PH
BAR048|Z10|20250630|620937|CLAS.PET/STER  |20250618|     102.00 |      1 |      44.40 |PH
BAR048|Z10|20250630|620974|SR17B/STER     |20250624|     128.75 |      1 |      44.77 |PH
BAR048|Z10|20250831|621133|SR21B/STER     |20250818|     128.75 |      1 |      44.77 |PH
BAR048|Z10|20250831|621135|SR17B/STER     |20250818|      96.55-|      1-|      44.77-|PH
BAR048|Z10|20251231|621436|CLAS.PET/STER  |20251203|     204.00 |      2 |      88.80 |PH
BAR048|Z10|20251231|621436|SR77B/STER     |20251203|     116.00 |      1 |      46.38 |PH
BAR048|Z20|20250331|620563|CLAS.LG/10K    |20250327|    1196.00 |      1 |     307.75 |PH
BAR048|Z30|20251231|621485|CLAS.MD.M/STER |20251210|     124.00 |      1 |      57.89 |MO
BAT035|C20|20251130|621364|S180M/STER     |20251112|     270.00 |      1 |      71.44 |MO
BAT035|E40|20251130|621364|ENGRAVING      |20251112|       3.50 |      1 |       0.00 |MO
BAT035|Q30|20250531|620830|CM15/STER      |20250526|     122.75 |      1 |      41.69 |MO
BEL061|U01|20250228|620464|FFCWM/10K      |20250227|    1021.50 |      1 |     260.60 |PH
BEN048|F01|20250228|620445|F2584/10K      |20250226|    1443.00 |      1 |     156.51 |PH
BEN048|F01|20250831|621123|F2539/14K      |20250814|     463.00 |      1 |     113.58 |PH
BEN048|S20|20250630|620980|DAUGHTERS/STER |20250624|     107.00 |      1 |      30.61 |PH
BEN048|S20|20251130|621349|C95/STER       |20251106|    1080.00 |     12 |     513.24 |MO
BEN048|W01|20250930|621181|200L/10KY      |20250904|     239.50 |      1 |      55.34 |MO
BEN048|W01|20250930|621181|250L/10KY      |20250904|     199.50 |      1 |      46.50 |MO
BEN048|W01|20250930|621181|300L/10KY      |20250904|     563.50 |      2 |     129.30 |MO
BEN048|W01|20250930|621181|4T18M/10KY     |20250904|     537.00 |      1 |     122.07 |MO
BEN048|W01|20250930|621181|5T18M/10KY     |20250904|     612.00 |      1 |     138.59 |MO
BEN048|W01|20250930|621181|600L/10KY      |20250904|     497.00 |      1 |     113.80 |MO
BEN048|W01|20250930|621181|6T18L/10KW     |20250904|     633.00 |      1 |     143.81 |MO
BEN048|W01|20250930|621181|6T18M/10KY     |20250904|     749.00 |      1 |     169.39 |MO
BEN048|W01|20250930|621181|8T18M/10KY     |20250904|     907.00 |      1 |     204.51 |MO
BEN048|W01|20250930|621220|600TM/10KY     |20250918|     900.00 |      1 |     195.21 |PH
BEN048|W20|20250930|621181|300L/10KW      |20250904|     282.00 |      1 |      64.65 |MO
BEN048|W20|20250930|621181|7T18M/10KW     |20250904|     843.00 |      1 |     190.33 |MO
BEN048|W50|20250430|620659|800M/18K       |20250422|    1791.00 |      1 |     425.76 |PH
BEN048|W60|20250131|620335|1T006M/10K     |20250114|     752.50 |      1 |     204.78 |PH
BEN048|W60|20250430|620668|4T94M/10KTT    |20250424|     703.00 |      1 |     184.02 |PH
BLA053|E40|20250430|620687|ENGRAVING      |20250430|       0.00 |      2 |       0.00 |MO
BLA053|E40|20251130|621424|ENGRAVING      |20251127|       3.50 |      1 |       0.00 |MO
BLA053|E40|20251231|621545|ENGRAVING      |20251217|       3.50 |      1 |       0.00 |MO
BLA053|E40|20251231|621545|ENGRAVING      |20251217|       3.50 |      1 |       0.00 |MO
BLA053|E40|20260131|621595|ENGRAVING      |20260115|       3.50-|      1-|       0.00 |MO
BLA053|M11|20250930|621237|EMRBRO1        |20250930|       0.00 |      1 |       0.00 |MO
BLA053|M11|20250930|621237|FAMBRO1        |20250930|       0.00 |      1 |       0.00 |MO
BLA053|M11|20250930|621237|SCHBRO1        |20250930|       0.00 |      1 |       0.00 |MO
BLA053|N30|20251130|621424|1120C-45/GF    |20251127|       0.00 |      1 |       3.42 |MO
BLA053|N50|20251031|621268|7E/STER        |20251015|      80.50 |      1 |      36.23 |MO
BLA053|N50|20251031|621268|T70A/STER      |20251015|      80.50 |      1 |      36.23 |MO
BLA053|N60|20251031|621268|T9/GF          |20251015|      80.50 |      1 |      36.29 |MO
BLA053|N70|20251031|621268|30E/10K        |20251015|      68.75 |      1 |      14.75 |MO
BLA053|N90|20251031|621268|26/GF          |20251015|      30.75 |      1 |      12.67 |MO
BLA053|N90|20251031|621268|30/GF          |20251015|      27.50 |      1 |      10.71 |MO
BLA053|N90|20251031|621268|99/GF          |20251015|      32.00 |      1 |      13.53 |MO
BLA053|N90|20251130|621424|26/GF          |20251127|       0.00 |      1 |       9.25 |MO
BLA053|R10|20250430|620686|REPAIRS        |20250430|      45.00 |      1 |       0.00 |RP
BLA053|W01|20250430|620687|400L/10KY      |20250430|     383.00 |      1 |      82.76 |MO
BLA053|W01|20250430|620687|600M/10KY      |20250430|     595.50 |      1 |     133.34 |MO
BLA053|W01|20250930|621237|3001L/10KY     |20250930|     217.00 |      1 |      46.27 |MO
BLA053|W01|20251231|621545|4T18M/10KW     |20251217|     920.00 |      1 |     416.71 |MO
BLA053|Z30|20251130|621424|SR122DM/STER   |20251127|     119.75 |      1 |      59.50 |MO
BLA053|Z30|20251231|621545|SR122DM/STER   |20251217|     119.75 |      1 |      59.50 |MO
BLA053|Z30|20260131|621595|SR122DM/STER   |20260115|     119.75-|      1-|      63.15-|MO
BOB044|C20|20250331|620562|S14M/STER      |20250327|     131.00 |      1 |      62.50 |MO
BOB044|C20|20250331|620562|S17B/STER      |20250327|     108.00 |      1 |      50.52 |MO
BOB044|C20|20250531|620825|S17B/STER      |20250522|     102.00 |      1 |      50.52 |MO
BOB044|C20|20250831|621161|S6M/STER       |20250827|     284.00 |      2 |     130.80 |MO
BOB044|C20|20260228|621620|S6M/STER       |20260203|     163.25 |      1 |      82.24 |MO
BOB044|E40|20250531|620736|ENGRAVING      |20250507|       5.50 |      1 |       0.00 |MO
BOB044|E40|20250831|621161|ENGRAVING      |20250827|       7.00 |      2 |       0.00 |MO
BOB044|E40|20260228|621620|ENGRAVING      |20260203|       3.50 |      1 |       0.00 |MO
BOB044|F01|20250731|621030|F2547/10K      |20250710|     535.00 |      1 |     117.17 |MO
BOB044|F01|20251231|621531|F2529/10K      |20251215|     398.50 |      1 |     239.72 |MO
BOB044|Q01|20250531|620736|C64MA/10K      |20250507|    1080.00 |      1 |     238.09 |MO
BOB044|Q30|20250531|620736|C54C/STER      |20250507|      47.50 |      1 |      17.31 |MO
BOB044|W01|20250930|621191|550TL/10KY     |20250910|     688.75 |      1 |     149.05 |MO
BOB044|W60|20250930|621191|7T59L/10K      |20250910|     632.50 |      1 |     136.64 |MO
BOB044|Z30|20260228|621621|CLAS.MD.M/STER |20260203|     144.75 |      1 |      70.80 |MO
BOC105|D60|20251031|621249|DIE-CHARGE     |20251007|     285.00 |      1 |       0.00 |MO
BOC105|G20|20251031|621248|230-440CL/STER |20251007|     106.00 |      1 |      38.57 |MO
BOC105|T20|20251031|621248|230-440TB/STER |20251007|     172.00 |      1 |      24.55 |MO
BOG100|D60|20251031|621319|DIE-CHARGE     |20251029|     450.00 |      3 |       0.00 |MO
BOG100|M10|20250630|620870|MISC-SALES     |20250604|       0.00 |      1 |       0.00 |MO
BOG100|M10|20251031|621318|MISC-SALES     |20251029|       0.00 |      7 |       0.00 |MO
BOG100|M11|20250331|620546|SCHBRO1        |20250326|       0.00 |      1 |       0.00 |MO
BOG100|M11|20250630|620870|EMRBRO1        |20250604|       0.00 |      1 |       0.00 |MO
BOG100|M11|20250630|620870|SCHBRO1        |20250604|       0.00 |      1 |       0.00 |MO
BOG110|E40|20250630|620998|ENGRAVING      |20250625|       3.50 |      1 |       0.00 |MO
BOG110|E40|20251031|621312|ENGRAVING      |20251023|       3.50 |      1 |       0.00 |MO
BOG110|Z30|20250630|620998|CLAS.MD.M/STER |20250625|     134.00 |      1 |      57.89 |MO
BOG110|Z30|20251031|621312|CLAS.MD.M/STER |20251023|     124.00 |      1 |      57.89 |MO
BOG115|C20|20250430|620580|S15L/STER      |20250403|     109.00 |      1 |      54.93 |MO
BOG115|D60|20250531|620786|TECHNICAL      |20250515|     100.00 |      1 |       0.00 |MO
BOG115|D60|20250731|621049|DIE-CHARGE     |20250717|     100.00 |      1 |       0.00 |MO
BOG115|E40|20250531|620785|ENGRAVING      |20250515|       3.50 |      1 |       0.00 |MO
BOG115|E40|20250731|621048|ENGRAVING      |20250717|       3.50 |      1 |       0.00 |MO
BOG115|E40|20251031|621304|ENGRAVING      |20251023|       3.50 |      1 |       0.00 |MO
BOG115|E40|20251130|621359|ENGRAVING      |20251110|       3.50 |      1 |       0.00 |MO
BOG115|E40|20260228|621658|ENGRAVING      |20260217|       3.50 |      1 |       0.00 |MO
BOG115|U20|20251231|621513|LPN301B/STER   |20251215|      86.00 |      1 |      39.39 |MO
BOG115|Z10|20250531|620785|SR15DB/STER    |20250515|      98.00 |      1 |      40.67 |MO
BOG115|Z10|20251031|621304|CLAS.PET/STER  |20251023|     102.00 |      1 |      44.40 |MO
BOG115|Z10|20260228|621658|CLAS.SM/STER   |20260217|     128.50 |      1 |      52.12 |MO
BOG115|Z30|20250731|621048|CLAS.MD.M/STER |20250717|     114.00 |      1 |      57.89 |MO
BOG115|Z30|20251130|621359|CLAS.MD.M/STER |20251110|     124.00 |      1 |      57.89 |MO
BOG120|E40|20250630|620890|ENGRAVING      |20250605|       3.50 |      1 |       0.00 |MO
BOG120|Z30|20250630|620890|CLAS.MD.M/STER |20250605|     124.00 |      1 |      57.89 |MO
BOG140|C20|20250531|620808|S7MF/STER      |20250522|     131.00 |      1 |      62.24 |MO
BOG140|C20|20260228|621627|S7MF/STER      |20260204|     131.00 |      1 |      75.15 |MO
BOG140|D60|20250531|620809|DIE-CHARGE     |20250522|     100.00 |      1 |       0.00 |MO
BOG140|E40|20250228|620449|ENGRAVING      |20250227|       3.50 |      1 |       0.00 |MO
BOG140|E40|20250430|620608|ENGRAVING      |20250410|      10.50 |      3 |       0.00 |MO
BOG140|E40|20250531|620808|ENGRAVING      |20250522|       3.50 |      1 |       0.00 |MO
BOG140|E40|20250531|620808|ENGRAVING      |20250522|       3.50 |      1 |       0.00 |MO
BOG140|E40|20250630|620891|ENGRAVING      |20250605|       3.50 |      1 |       0.00 |MO
BOG140|E40|20250630|620905|ENGRAVING      |20250612|       3.50 |      1 |       0.00 |MO
BOG140|E40|20260228|621627|ENGRAVING      |20260204|       3.50 |      1 |       0.00 |MO
BOG140|E40|20260228|621650|ENGRAVING      |20260212|       3.50 |      1 |       0.00 |MO
BOG140|E40|20260228|621651|ENGRAVING      |20260212|       3.50 |      1 |       0.00 |MO
BOG140|Z10|20250228|620449|CLAS.PETFB/STER|20250227|     105.75 |      1 |      46.65 |MO
BOG140|Z10|20250430|620608|CLAS.SM/STER   |20250410|     103.00 |      1 |      45.03 |MO
BOG140|Z10|20250531|620808|CLAS.PET/STER  |20250522|     102.00 |      1 |      44.40 |MO
BOG140|Z10|20250630|620891|SR27DB/STER    |20250605|     100.75 |      1 |      46.01 |MO
BOG140|Z10|20250630|620905|SR27DB/STER    |20250612|      94.75 |      1 |      46.01 |MO
BOG140|Z10|20260228|621651|SR21B/STER     |20260212|      99.00 |      1 |      48.70 |MO
BOG140|Z30|20250430|620608|CLAS.LG/STER   |20250410|     176.00 |      1 |      65.40 |MO
BOG140|Z30|20250430|620608|CLAS.MD.M/STER |20250410|     124.00 |      1 |      57.89 |MO
BOG140|Z30|20260228|621650|CLAS.MD.M/STER |20260212|     144.75 |      1 |      70.80 |MO
BOG150|E40|20250131|620378|ENGRAVING      |20250129|       3.50 |      1 |       0.00 |MO
BOG150|E40|20250430|620633|ENGRAVING      |20250416|       3.50 |      1 |       0.00 |MO
BOG150|E40|20250731|621055|ENGRAVING      |20250721|       3.50 |      1 |       0.00 |MO
BOG150|E40|20251130|621358|ENGRAVING      |20251110|       3.50 |      1 |       0.00 |MO
BOG150|E40|20251231|621496|ENGRAVING      |20251210|       3.50 |      1 |       0.00 |MO
BOG150|E40|20251231|621537|ENGRAVING      |20251216|       3.50 |      1 |       0.00 |MO
BOG150|Z10|20250131|620378|CLAS.SM/STER   |20250129|     121.00 |      1 |      45.03 |MO
BOG150|Z10|20250430|620633|CLAS.SM/STER   |20250416|     109.00 |      1 |      45.03 |MO
BOG150|Z10|20251130|621358|CLAS.PET/STER  |20251110|     102.00 |      1 |      44.40 |MO
BOG150|Z10|20251231|621453|SR15DB/STER    |20251203|      86.00 |      1 |      40.67 |MO
BOG150|Z10|20251231|621496|CLAS.SM/STER   |20251210|     103.00 |      1 |      45.03 |MO
BOG150|Z30|20250731|621055|CLAS.MD.M/STER |20250721|     114.00 |      1 |      57.89 |MO
BOG150|Z30|20251231|621537|CLAS.MD.M/STER |20251216|     124.00 |      1 |      57.89 |MO
BRA516|M10|20251231|621528|MISC-SALES     |20251215|       0.00 |      1 |       0.00 |PH
BRA516|M11|20251231|621528|SCHBRO1        |20251215|       0.00 |      1 |       0.00 |PH
BRA516|X20|20250630|620895|PS11L/STER     |20250611|      86.50 |      2 |      34.88 |MO
BRA516|Z10|20250630|620895|CLAS.SM/STER   |20250611|     206.00 |      2 |      90.06 |MO
BRA516|Z30|20250630|620895|CLAS.MD.M/STER |20250611|     248.00 |      2 |     115.78 |MO
BRO095|Q30|20250531|620773|C23/STER       |20250513|      60.00 |      2 |      24.60 |PH
BRO095|Q30|20250531|620774|C23/STER       |20250513|      60.00-|      2-|      24.60-|PH
BRO095|Q30|20250531|620775|C23/STER       |20250513|      75.00 |      2 |      24.60 |PH
BRO095|U01|20250930|621214|RN1/10K        |20250917|     359.25 |      1 |      93.49 |PH
BRO095|W60|20250228|620400|4T82M/10KTT    |20250205|     673.75 |      1 |     226.35 |PH
BRU077|E40|20250430|620622|ENGRAVING      |20250415|      11.00 |      1 |       0.00 |PH
BRU077|E40|20250630|620964|ENGRAVING      |20250623|       3.50 |      1 |       0.00 |PH
BRU077|I60|20250430|620622|13EMLL/GF      |20250415|      71.00 |      1 |      32.61 |PH
BRU077|M11|20250131|620342|FAMBRO1        |20250115|       0.00 |      1 |       0.00 |PH
BRU077|M11|20250831|621157|EMRBRO1        |20250827|       0.00 |      1 |       0.00 |PH
BRU077|N60|20251231|621517|3BA/GF         |20251215|     204.00 |      2 |      98.00 |PH
BRU077|S20|20250228|620439|FAM.RING/STER  |20250225|      73.00 |      1 |      61.76 |PH
BRU077|S20|20250430|620622|DAUGHTERS/STER |20250415|      58.25 |      1 |      30.61 |PH
BRU077|S20|20250531|620841|FAM.RING/STER  |20250529|      99.00 |      1 |      61.76 |PH
BRU077|S20|20250930|621226|FAM.RING/STER  |20250918|     110.50 |      1 |      61.76 |PH
BRU077|S20|20251231|621517|STONE.SET/STER |20251215|      93.50 |      1 |      61.76 |PH
BRU077|S50|20251231|621517|1108MA/10K     |20251215|     150.00 |      1 |     720.48 |PH
BRU077|U01|20250930|621226|FFCWM/10K      |20250918|    1189.00 |      1 |     260.60 |PH
BRU077|W01|20250131|620368|7T18L/10KY     |20250123|     605.75 |      1 |     163.34 |PH
BRU077|Z10|20250630|620964|CLAS.MD.L/STER |20250623|     125.75 |      1 |      55.34 |PH
BRY068|W40|20250531|620826|3T18L/14K      |20250522|     511.00 |      1 |     117.59 |PH
BRY068|W40|20250531|620851|3T18L/14K      |20250529|     511.00-|      1-|     117.59-|PH
BRY068|W40|20250531|620852|3T18L/14K      |20250529|     416.00 |      1 |     117.59 |PH
BRY068|W40|20250630|621014|200L/14KY      |20250626|     368.00 |      1 |      83.72 |PH
BUR071|W60|20250630|620925|8T96L/10K      |20250617|     805.50 |      1 |     189.16 |PH
BUR095|C90|20250531|620834|CJ-P/ALLOY     |20250529|    1035.00 |     45 |     276.75 |MO
BUR095|E40|20250531|620834|ENGRAVING      |20250529|     225.00 |     45 |       0.00 |MO
BUR121|F01|20250630|620982|F2552/14K      |20250624|     920.50 |      1 |     178.71 |MO
BUR121|F01|20250731|621053|F2552/10K      |20250717|     584.00 |      1 |     122.52 |MO
BUR121|F01|20250731|621097|F2552/14K      |20250731|     920.00 |      1 |     178.71 |PH
BUR121|F01|20251031|621241|F138/10K       |20251002|     601.00 |      1 |     127.99 |MO
BUR121|J40|20250531|620778|BR12/GFB       |20250513|      93.50 |      1 |      51.47 |BO
BUR121|J40|20250531|620778|BR16/GFB       |20250513|     101.75 |      1 |      56.62 |BO
BUR121|J40|20250531|620778|BR5/GFB        |20250513|      53.00 |      1 |      23.34 |BO
BUR121|J40|20250531|620778|BR6/GFB        |20250513|      53.00 |      1 |      23.34 |BO
BUR121|M10|20250831|621109|MISC-SALES     |20250806|       0.00 |      1 |       0.00 |MO
BUR121|M11|20250831|621109|FAMBRO1        |20250806|       0.00 |      1 |       0.00 |MO
BUR121|M11|20250831|621109|SCHBRO1        |20250806|       0.00 |      1 |       0.00 |MO
BUR121|N30|20250531|620778|20F---45/GF    |20250513|      40.25 |      1 |      18.57 |BO
BUR121|N30|20250531|620778|11R---45/GF    |20250513|      12.00 |      1 |       3.67 |BO
BUR121|N50|20250531|620778|29A/STER       |20250513|      58.75 |      1 |      26.05 |BO
BUR121|N50|20250531|620778|29E/STER       |20250513|      58.72 |      1 |      26.05 |BO
BUR121|N50|20250531|620778|M2B/STER       |20250513|      58.75 |      1 |      26.05 |BO
BUR121|N50|20250531|620778|S10/STER       |20250513|      58.75 |      1 |      26.05 |BO
BUR121|N50|20250531|620778|S12/STER       |20250513|      58.75 |      1 |      26.05 |BO
BUR121|N50|20250531|620778|S13A/STER      |20250513|      58.75 |      1 |      26.05 |BO
BUR121|N50|20250531|620778|S13C/STER      |20250513|      58.75 |      1 |      26.05 |BO
BUR121|N60|20250531|620778|20/GF          |20250513|      53.50 |      1 |      23.00 |BO
BUR121|N60|20250531|620778|L26/GF         |20250513|      53.50 |      1 |      23.70 |BO
BUR121|N60|20250531|620778|M2/GF          |20250513|      58.75 |      1 |      26.05 |BO
BUR121|N60|20250531|620778|S14B/GF        |20250513|      56.50 |      1 |      29.47 |BO
BUR121|N70|20250831|621109|102/10K        |20250806|     292.50 |      1 |     116.58 |MO
BUR121|N70|20250831|621109|104/10K        |20250806|     454.00 |      1 |     201.04 |MO
BUR121|N70|20250831|621109|106/10K        |20250806|     475.00 |      1 |     205.78 |MO
BUR121|N80|20250531|620778|105A/STER      |20250513|      55.75 |      1 |      24.92 |BO
BUR121|N80|20250531|620778|106P/STER      |20250513|      57.25 |      1 |      25.87 |BO
BUR121|N80|20250531|620778|107C/STER      |20250513|      63.25 |      1 |      29.51 |BO
BUR121|N80|20250531|620778|112P/STER      |20250513|      71.25 |      1 |      34.53 |BO
BUR121|N80|20250831|621109|30P/STER       |20250806|      30.00 |      1 |      12.04 |MO
BUR121|N80|20250831|621109|107C/STER      |20250806|      63.00 |      1 |      29.51 |MO
BUR121|N80|20250831|621109|12DS/STER      |20250806|      33.00 |      1 |      13.77 |MO
BUR121|N80|20250831|621109|27/STER        |20250806|      33.00 |      1 |      13.98 |MO
BUR121|N80|20250831|621109|30/STER        |20250806|      31.00 |      1 |      12.69 |MO
BUR121|N80|20250831|621109|32/STER        |20250806|      30.00 |      1 |      12.04 |MO
BUR121|N80|20250831|621109|34/STER        |20250806|      37.00 |      1 |      16.12 |MO
BUR121|N80|20250831|621109|35/STER        |20250806|      45.00 |      1 |      18.04 |MO
BUR121|S20|20251130|621395|C95/STER       |20251120|    2160.00 |     24 |    1026.48 |MO
BUR121|U01|20250731|621097|RN301B/10K     |20250731|     525.00 |      1 |     130.23 |PH
BUR121|W01|20250531|620778|600TM/10KW     |20250513|     778.25 |      1 |     195.21 |BO
BUR121|W01|20250831|621109|200TL/10KY     |20250806|     363.75 |      1 |      84.93 |MO
BUR121|W01|20250831|621109|250TL/10KY     |20250806|     405.75 |      1 |      94.23 |MO
BUR121|W01|20250831|621109|3T18L/10KW     |20250806|     379.50 |      1 |      86.28 |MO
BUR121|W01|20250831|621109|400TL/10KY     |20250806|     502.00 |      1 |     114.40 |MO
BUR121|W01|20250831|621109|4T18L/10KW     |20250806|     461.00 |      1 |     105.32 |MO
BUR121|W01|20250831|621109|500TM/10KW     |20250806|     747.00 |      1 |     168.59 |MO
BUR121|W01|20250831|621109|550TM/10KW     |20250806|     781.75 |      1 |     176.27 |MO
BUR121|W01|20250831|621109|5T18M/10KW     |20250806|     611.50 |      1 |     138.59 |MO
BUR121|W01|20250831|621109|5T18M/10KY     |20250806|     611.50 |      1 |     138.59 |MO
BUR121|W40|20250531|620778|300TM/14K      |20250513|    1508.00 |      2 |     347.24 |BO
BUR121|W40|20250531|620778|400TM/14K      |20250513|     827.25 |      1 |     206.79 |BO
BUR121|W80|20250531|620778|5392M/10K      |20250513|    1048.75 |      1 |     267.42 |BO
BUR121|Z30|20250731|621097|CLAS.MD.M/STER |20250731|     124.00 |      1 |      57.89 |PH
BUR121|Z30|20250831|621160|CLAS.MD.M/STER |20250827|     124.00 |      1 |      57.89 |MO
BUR122|F01|20260228|621677|F2552/10K      |20260223|     788.00 |      1 |     401.49 |MO
BUR122|M10|20250831|621110|MISC-SALES     |20250806|       0.00 |      1 |       0.00 |MO
BUR122|M11|20250831|621110|EMRBRO1        |20250806|       0.00 |      1 |       0.00 |MO
BUR122|M11|20250831|621110|FAMBRO1        |20250806|       0.00 |      1 |       0.00 |MO
BUR122|M11|20250831|621110|SCHBRO1        |20250806|       0.00 |      1 |       0.00 |MO
BUR122|N70|20251031|621257|102D/10K       |20251009|     229.50 |      1 |      70.35 |MO
BUR122|Q20|20251231|621452|CS13/STER      |20251203|      77.75 |      1 |      35.53 |MO
BUR122|Q30|20251231|621452|C40/STER       |20251203|      92.75 |      1 |      44.80 |MO
BUR122|Q30|20251231|621452|CS15/STER      |20251203|      70.25 |      1 |      30.90 |MO
BUR122|Q30|20260228|621677|CC73/STER      |20260223|      68.50 |      1 |      23.00 |MO
BUR122|W01|20250831|621110|200TL/10KY     |20250806|     727.50 |      2 |     169.86 |MO
BUR122|W01|20250831|621110|250TL/10KY     |20250806|     811.50 |      2 |     188.46 |MO
BUR122|W01|20250831|621110|300TL/10KW     |20250806|     425.25 |      1 |      98.72 |MO
BUR122|W01|20250831|621110|3T18L/10KY     |20250806|     369.50 |      1 |      86.28 |MO
BUR122|W01|20250831|621110|400TL/10KW     |20250806|     502.00 |      1 |     114.40 |MO
BUR122|W01|20250831|621110|500TM/10KW     |20250806|     747.00 |      1 |     168.59 |MO
BUR122|W01|20250831|621110|500TM/10KY     |20250806|     747.00 |      1 |     168.59 |MO
BUR122|W01|20250831|621110|5T18M/10KY     |20250806|       0.00 |      1 |     138.59 |MO
BUR122|W01|20250831|621110|600TM/10KY     |20250806|     865.00 |      1 |     195.21 |MO
BUR122|W01|20250831|621110|6T18M/10KY     |20250806|     748.50 |      1 |     169.39 |MO
BUR122|W01|20250831|621110|700TM/10KY     |20250806|     994.50 |      1 |     223.82 |MO
BUS074|F05|20250131|620369|C92/10K        |20250123|     343.50 |      1 |      88.66 |PH
BUS074|M10|20250331|620564|MISC-SALES     |20250331|     120.00 |     12 |       0.00 |PH
BUS074|W95|20250228|620419|3T18L/STER     |20250213|      54.50 |      1 |      22.85 |PH
BUS074|W95|20250228|620419|WEDD/STER      |20250213|      57.00 |      1 |      21.50 |PH
CAI079|F01|20250331|620545|F2520/10K      |20250326|     231.75 |      1 |      69.60 |MO
CAI079|F01|20250430|620624|F2591/10KTT    |20250415|     520.50 |      1 |     140.62 |MO
CAI079|F01|20250731|621075|F2530/14K      |20250724|     486.50 |      1 |     103.17 |MO
CAI079|F01|20250930|621227|F2596/10K      |20250918|     746.00 |      1 |     120.91 |MO
CAI079|F01|20251231|621570|F140/10K       |20251218|     603.25 |      1 |     366.06 |MO
CAI079|F01|20260228|621662|F2591/STER     |20260219|       0.00 |      2 |     136.38 |MO
CAI079|F01|20260228|621663|F2519/10K      |20260219|     570.75 |      1 |     328.76 |MO
CAI079|R10|20250930|621195|REPAIRS        |20250911|     189.00 |      1 |       0.00 |RP
CAI079|R10|20260331|621718|REPAIRS        |20260309|     268.50 |      1 |       0.00 |MO
CAI445|E20|20250531|620753|EB13HEM/10K    |20250508|     244.75 |      1 |      71.91 |MO
CAI445|F01|20250930|621196|F2520/10K      |20250911|     368.00 |      1 |      69.60 |MO
CAI445|F01|20260131|621593|F2556/10K      |20260115|     597.00 |      1 |     376.91 |MO
CAI445|F01|20260228|621662|F2591/STER     |20260219|      93.00 |      1 |      68.19 |MO
CAI445|M11|20250930|621196|FAMBRO1        |20250911|       0.00 |      1 |       0.00 |MO
CAI445|S01|20250531|620753|1304HEM/10K    |20250508|     605.50 |      2 |     148.58 |MO
CAI445|S20|20251031|621264|DAUGHTERS/STER |20251009|      60.00 |      1 |      30.61 |MO
CAI445|S20|20251231|621512|FAM.RING/STER  |20251211|      86.00 |      1 |      61.76 |PH
CAI445|W95|20250630|620928|WEDD/STER      |20250617|      99.00 |      1 |      21.50 |MO
CAM090|E40|20250331|620470|ENGRAVING      |20250305|       3.50 |      1 |       0.00 |PH
CAM090|E40|20250630|620988|ENGRAVING      |20250625|       3.50 |      1 |       0.00 |PH
CAM090|E40|20250930|621235|ENGRAVING      |20250930|      10.00 |      1 |       0.00 |PH
CAM090|F01|20260228|621687|F2587/STER     |20260225|     137.25 |      1 |      94.89 |PH
CAM090|I40|20250930|621235|1BMLL/10K      |20250930|     223.50 |      1 |      72.40 |PH
CAM090|N80|20250331|620483|100/STERB      |20250311|      29.25 |      1 |      11.86 |PH
CAM090|N80|20250331|620483|101S/STERB     |20250311|      29.25 |      1 |      11.86 |PH
CAM090|N80|20250331|620483|102S/STERB     |20250311|      31.00 |      1 |      12.88 |PH
CAM090|N80|20250331|620483|104/STERB      |20250311|      40.25 |      1 |      15.46 |PH
CAM090|N80|20250331|620483|105A/STERB     |20250311|      40.25 |      1 |      15.49 |PH
CAM090|N80|20250331|620483|106S/STERB     |20250311|      41.75 |      1 |      16.44 |PH
CAM090|N80|20250331|620483|107C/STERB     |20250311|      47.75 |      1 |      20.08 |PH
CAM090|N80|20250331|620483|27/STERB       |20250311|      22.75 |      1 |       7.72 |PH
CAM090|N80|20250331|620483|33E/STERB      |20250311|      26.00 |      1 |       9.86 |PH
CAM090|N80|20250331|620483|34/STERB       |20250311|      26.00 |      1 |       9.86 |PH
CAM090|N80|20250331|620483|34C/STERB      |20250311|      32.00 |      1 |      13.43 |PH
CAM090|N80|20250331|620483|35E/STERB      |20250311|      29.25 |      1 |      11.78 |PH
CAM090|N80|20250331|620483|98/STERB       |20250311|      24.50 |      1 |       8.92 |PH
CAM090|N80|20250630|620864|100/STERB      |20250603|      21.94-|      1-|      11.86-|PH
CAM090|N80|20250630|620864|101S/STERB     |20250603|      21.94-|      1-|      11.86-|PH
CAM090|N80|20250630|620864|104/STERB      |20250603|      30.19-|      1-|      15.46-|PH
CAM090|N80|20250630|620864|105A/STERB     |20250603|      30.19-|      1-|      15.49-|PH
CAM090|N80|20250630|620864|106S/STERB     |20250603|      31.31-|      1-|      16.44-|PH
CAM090|N80|20250630|620864|107C/STERB     |20250603|      35.81-|      1-|      20.08-|PH
CAM090|N80|20250630|620864|27/STERB       |20250603|      17.06-|      1-|       7.72-|PH
CAM090|N80|20250630|620864|33E/STERB      |20250603|      19.50-|      1-|       9.86-|PH
CAM090|N80|20250630|620864|34/STERB       |20250603|      19.50-|      1-|       9.86-|PH
CAM090|N80|20250630|620864|34C/STERB      |20250603|      24.00-|      1-|      13.43-|PH
CAM090|N80|20250630|620864|35E/STERB      |20250603|      21.94-|      1-|      11.78-|PH
CAM090|N80|20250630|620864|98/STERB       |20250603|      18.37-|      1-|       8.92-|PH
CAM090|S20|20250131|620351|DAUGHTERS/STER |20250117|      81.25 |      1 |      30.61 |PH
CAM090|S20|20250430|620665|FAM.RING/STER  |20250424|      74.50 |      1 |      61.76 |PH
CAM090|S20|20250630|620988|STONE.SET/STER |20250625|      43.00 |      1 |      61.76 |PH
CAM090|S20|20251231|621551|DAUGHTERS/STER |20251217|      70.00 |      1 |      30.61 |PH
CAM090|S20|20260131|621586|FAM.RING/STER  |20260114|     161.00 |      1 |      64.08 |PH
CAM090|S20|20260228|621687|DAUGHTERS/STER |20260225|      90.00 |      1 |      34.54 |PH
CAM090|U01|20250331|620470|RN1/10K        |20250305|     335.00 |      1 |      93.49 |PH
CAM090|U01|20250630|620988|LPN301B/10K    |20250625|     525.00 |      1 |     130.23 |PH
CAM090|W01|20250531|620842|200L/10KY      |20250529|     718.50 |      3 |     166.02 |PH
CAM090|W01|20250531|620842|300L/10KY      |20250529|     845.25 |      3 |     193.95 |PH
CAM090|W01|20250531|620842|5T18M/10KY     |20250529|    3057.50 |      5 |     692.95 |PH
CAM090|W01|20250531|620850|5T18M/10KY     |20250529|    2446.00 |      4 |     554.36 |PH
CAR120|S01|20250228|620399|1863HEM/10K    |20250205|     344.50 |      1 |      92.29 |MO
CAR120|W80|20250131|620340|5440M/10KTT    |20250114|     725.75 |      1 |     234.32 |MO
CAR120|W80|20250131|620340|5608L/10K      |20250114|     476.75 |      1 |     167.29 |MO
CAR120|Z30|20250531|620765|CLAS.MD.M/STER |20250513|     124.00 |      1 |      57.89 |MO
CHA092|Q01|20250430|620648|C29/10K        |20250417|     550.50 |      1 |     125.10 |MO
CHA092|Q01|20250430|620650|C29/10K        |20250417|     463.00 |      1 |     125.10 |MO
CHA092|Q01|20250430|620651|C29/10K        |20250417|     550.50-|      1-|     125.10-|MO
CHM124|E40|20250228|620455|ENGRAVING      |20250227|      47.50 |      1 |       0.00 |MO
CHM124|E40|20250228|620461|ENGRAVING      |20250227|      28.50-|      1-|       0.00 |MO
CHM124|E40|20250331|620552|ENGRAVING      |20250327|      28.50 |      2 |       0.00 |MO
CHM124|E40|20250531|620740|ENGRAVING      |20250508|      11.50 |      1 |       0.00 |MO
CHM124|E40|20250630|620956|ENGRAVING      |20250623|       3.50 |      1 |       0.00 |MO
CHM124|E40|20260228|621671|ENGRAVING      |20260219|       3.50 |      1 |       0.00 |MO
CHM124|E40|20260228|621672|ENGRAVING      |20260219|      12.00 |      1 |       0.00 |MO
CHM124|I40|20250228|620455|1BMLL/10K      |20250227|     203.00 |      1 |      72.40 |MO
CHM124|I40|20250331|620552|1BMLL/10K      |20250327|     194.00 |      1 |      72.40 |MO
CHM124|I50|20250331|620552|1BEM/STER      |20250327|      33.00 |      1 |      11.06 |MO
CHM124|I50|20250531|620740|6AMLL/STER     |20250508|      63.00 |      1 |      22.91 |MO
CHM124|I50|20260228|621672|6MMC-20F/STER  |20260219|      26.00 |      1 |      24.72 |MO
CHM124|Q01|20250630|620919|C58M/10K       |20250612|     852.00 |      1 |     197.13 |MO
CHM124|R10|20250831|621140|REPAIRS        |20250819|       0.00 |      1 |       0.00 |RP
CHM124|U20|20250331|620531|LPN1/STER      |20250320|      78.50 |      1 |      36.52 |MO
CHM124|W95|20250430|620657|WEDD/STER      |20250417|     100.50 |      1 |      21.50 |MO
CHM124|Z10|20250630|620956|CLAS.PET/STER  |20250623|     102.00 |      1 |      44.40 |MO
CHM124|Z10|20250630|621013|SR111D/STER    |20250626|     107.50 |      1 |      52.19 |MO
CHM124|Z10|20260228|621671|SR27DB/STER    |20260219|     102.50 |      1 |      50.85 |MO
CHM130|C60|20251231|621535|CJ-P/10K       |20251216|    5017.50 |     20 |       0.00 |MO
CHM130|C80|20251231|621535|CJ-P/STER      |20251216|     370.00 |     10 |     132.00 |MO
CHM130|E40|20251231|621535|ENGRAVING      |20251216|       5.50 |      1 |       0.00 |MO
CHM130|Q30|20251231|621535|C19/STER       |20251216|      41.50 |      1 |      16.27 |MO
CHM130|W40|20250331|620533|S400RL/14K     |20250320|     379.50 |      1 |      96.38 |MO
CHM131|B70|20250430|620607|CHS13B/10K     |20250410|      88.25 |      1 |      22.89 |MO
CHM131|E40|20250430|620607|ENGRAVING      |20250410|      15.50 |      1 |       0.00 |MO
CHM131|E40|20250430|620609|ENGRAVING      |20250410|      15.50-|      1-|       0.00 |MO
CHM131|Z10|20251231|621441|SR122DL/STER   |20251203|     129.00 |      1 |      56.82 |MO
CHM131|Z30|20250731|621044|SR120DM/STER   |20250717|     123.75 |      1 |      61.93 |MO
CHM145|E40|20250228|620450|ENGRAVING      |20250227|       3.50 |      1 |       0.00 |MO
CHM145|Z10|20250228|620450|CLAS.SM/STER   |20250227|     103.00 |      1 |      45.03 |MO
CHM150|Z30|20251231|621455|CLAS.LG/STER   |20251203|     136.00 |      1 |      65.40 |MO
CHM150|Z30|20260331|621703|CLAS.LG/STER   |20260302|     136.00 |      1 |      82.24 |MO
CHM150|Z30|20260331|621704|CLAS.LG/STER   |20260302|     102.00-|      1-|      82.24-|PH
CHM215|X01|20250430|620691|PS11L/10K      |20250430|     121.00 |      1 |      34.78 |MO
CHM215|Z01|20251130|621377|SR15DB/10K     |20251117|     470.25 |      1 |     101.96 |MO
CHM215|Z10|20250430|620606|SR85DB/STER    |20250410|      91.75 |      1 |      44.16 |MO
CHM216|C20|20250331|620532|S17B/STER      |20250320|     102.00 |      1 |      50.52 |MO
CHM216|E40|20250331|620532|ENGRAVING      |20250320|       3.50 |      1 |       0.00 |MO
CHM216|R10|20250630|620955|REPAIRS        |20250623|       0.00 |      1 |       0.00 |RP
CHM221|B70|20251231|621456|CHS13B/10K     |20251203|     217.50 |      2 |     112.32 |MO
CHM221|E40|20250731|621093|ENGRAVING      |20250731|       3.50 |      1 |       0.00 |MO
CHM221|E40|20251231|621456|ENGRAVING      |20251203|       3.50 |      1 |       0.00 |MO
CHM221|Z01|20251231|621456|SR53B/10K      |20251203|     518.00 |      1 |     322.86 |MO
CHM221|Z10|20250630|620900|CLAS.SM/STER   |20250611|     108.00 |      1 |      45.03 |MO
CHM221|Z20|20250731|621093|CLAS.LG/10K    |20250731|    1305.00 |      1 |     307.75 |MO
CHM223|E40|20250630|620899|ENGRAVING      |20250611|       3.50 |      1 |       0.00 |PH
CHM223|S50|20251231|621536|1116MA/10K     |20251216|     957.50 |      1 |     584.74 |MO
CHM223|Z10|20250630|620899|SR105DB/STER   |20250611|     110.75 |      1 |      55.96 |PH
CHM223|Z10|20260228|621642|SR97B/STER     |20260211|     125.00 |      1 |      50.04 |MO
CHM224|E40|20250331|620516|ENGRAVING      |20250319|       3.50 |      1 |       0.00 |MO
CHM224|R10|20251031|621256|REPAIRS        |20251009|       0.00 |      1 |       0.00 |RP
CHM224|Z01|20251231|621446|CLAS.SM/10K    |20251203|     816.00 |      1 |     491.34 |MO
CHM224|Z01|20260131|621601|SR15DB/10K     |20260121|     484.00 |      1 |     313.71 |MO
CHM224|Z30|20250331|620516|CLAS.LG/STER   |20250319|     136.00 |      1 |      65.40 |MO
CHM224|Z30|20250531|620767|CLAS.LG/STER   |20250513|     136.00 |      1 |      65.40 |MO
CHM224|Z30|20250630|620957|CLAS.LG/STER   |20250623|     136.00 |      1 |      65.40 |MO
CHM226|Q30|20250531|620752|CC70M/STER     |20250508|      52.75 |      1 |      22.45 |MO
CHM227|E40|20250228|620412|ENGRAVING      |20250207|       3.50 |      1 |       0.00 |MO
CHM227|E40|20250430|620581|ENGRAVING      |20250403|       3.50 |      1 |       0.00 |MO
CHM227|E40|20250430|620658|ENGRAVING      |20250417|       3.50 |      1 |       0.00 |MO
CHM227|Z01|20250228|620412|SR51B/10K      |20250207|     331.00 |      1 |     103.73 |MO
CHM227|Z10|20250430|620581|SR27DB/STER    |20250403|      94.75 |      1 |      46.01 |MO
CHM227|Z10|20250531|620741|SR91B/STER     |20250508|      97.75 |      1 |      47.93 |MO
CHM227|Z30|20250430|620658|CLAS.MD.M/STER |20250417|     124.00 |      1 |      57.89 |MO
CHM229|C20|20250430|620690|S17B/STER      |20250430|     120.00 |      1 |      50.52 |MO
CHM229|C20|20250630|620898|S14M/STER      |20250611|     121.25 |      1 |      62.50 |MO
CHM229|E40|20250630|620958|ENGRAVING      |20250623|       3.50 |      1 |       0.00 |MO
CHM229|E40|20250831|621170|ENGRAVING      |20250828|       3.50 |      1 |       0.00 |MO
CHM229|E40|20251031|621247|ENGRAVING      |20251006|       3.50 |      1 |       0.00 |MO
CHM229|W80|20251031|621247|5312L/10KTT    |20251006|     966.00 |      1 |     207.10 |MO
CHM229|Z10|20250630|620958|CLAS.SM/STER   |20250623|     103.00 |      1 |      45.03 |MO
CHM229|Z10|20250831|621170|SR105DB/STER   |20250828|     111.00 |      1 |      55.96 |MO
CHM229|Z10|20251031|621247|CLAS.PET/STER  |20251006|     102.00 |      1 |      44.40 |MO
CHM251|E40|20250630|620874|ENGRAVING      |20250605|       3.50 |      1 |       0.00 |MO
CHM251|Z30|20250630|620874|CLAS.MD.M/STER |20250605|     114.00 |      1 |      57.89 |MO
CHM252|C01|20250531|620742|S15L/10K       |20250508|     728.50 |      1 |     180.80 |MO
CHM252|C01|20250531|620810|S15L/10K       |20250522|     728.50 |      1 |     180.80 |MO
CHM252|C01|20250630|620897|S14M/10K       |20250611|    2153.50 |      2 |     516.58 |MO
CHM252|C20|20250131|620348|S6M/STER       |20250117|     136.00 |      1 |      65.40 |MO
CHM252|C20|20250531|620787|S15L/STER      |20250515|     109.00 |      1 |      54.93 |MO
CHM252|C20|20250531|620810|S15L/STER      |20250522|     121.00 |      1 |      54.93 |MO
CHM252|C20|20250531|620810|S17RDB/STER    |20250522|     327.50 |      2 |     122.82 |MO
CHM252|C20|20250630|620897|S17RDB/STER    |20250611|     208.00 |      1 |      61.41 |MO
CHM252|C20|20250630|620913|S14RDM/STER    |20250612|     150.00 |      1 |      77.55 |MO
CHM252|C20|20250630|621002|S15L/STER      |20250626|     109.00 |      1 |      54.93 |MO
CHM252|C20|20250630|621002|S17RDB/STER    |20250626|     143.50 |      1 |      61.41 |MO
CHM252|C20|20250731|621082|S17RDB/STER    |20250728|     128.50 |      1 |      61.41 |RP
CHM252|C20|20250731|621092|S15L/STER      |20250731|     218.00 |      2 |     109.86 |MO
CHM252|C60|20250131|620391|CJ-P/10K       |20250131|    1245.50 |      7 |       0.00 |MO
CHM252|C60|20250228|620431|CJ-P/10K       |20250221|     157.00 |      1 |       0.00 |MO
CHM252|C60|20250531|620750|CJ-P/10K       |20250508|    4655.00 |     14 |       0.00 |MO
CHM252|C60|20250630|620866|CJ-P/10K       |20250604|    2088.00 |      8 |       0.00 |MO
CHM252|C60|20250630|620913|CJ-P/10K       |20250612|     270.00 |      1 |       0.00 |MO
CHM252|C60|20251031|621288|CJ-P/10K       |20251021|    1440.00 |      5 |       0.00 |MO
CHM252|C80|20250131|620343|CJ-P/STER      |20250115|    1275.00 |     30 |     396.00 |MO
CHM252|C80|20250131|620391|CJ-P/STER      |20250131|    6395.00 |    260 |    3432.00 |MO
CHM252|C80|20250228|620431|CJ-P/STER      |20250221|    7045.50 |    314 |    4144.80 |MO
CHM252|C80|20250531|620750|CJ-P/STER      |20250508|     753.25 |     23 |     303.60 |MO
CHM252|C80|20250531|620766|CJ-P/STER      |20250513|     168.00 |      4 |      52.80 |MO
CHM252|C80|20250630|620927|CJ-P/STER      |20250617|      42.00 |      1 |      13.20 |MO
CHM252|C90|20250331|620471|CJ-P/ALLOY     |20250306|     780.00 |     40 |     246.00 |MO
CHM252|C90|20251031|621288|CJ-P/ALLOY     |20251021|     200.00 |     10 |      61.50 |MO
CHM252|E40|20250131|620348|ENGRAVING      |20250117|       3.50 |      1 |       0.00 |MO
CHM252|E40|20250531|620742|ENGRAVING      |20250508|       3.50 |      1 |       0.00 |MO
CHM252|E40|20250531|620787|ENGRAVING      |20250515|       3.50 |      1 |       0.00 |MO
CHM252|E40|20250630|620897|ENGRAVING      |20250611|       3.50 |      1 |       0.00 |MO
CHM252|E40|20250630|620913|ENGRAVING      |20250612|       3.50 |      1 |       0.00 |MO
CHM252|E40|20250630|620913|ENGRAVING      |20250612|       6.00 |      1 |       0.00 |MO
CHM252|E40|20250731|621092|ENGRAVING      |20250731|       7.00 |      2 |       0.00 |MO
CHM252|R10|20250630|620914|REPAIRS        |20250612|     944.00 |     22 |       0.00 |RP
CHM252|R10|20250731|621082|REPAIRS        |20250728|      20.00 |      1 |       0.00 |RP
CHM270|E40|20260228|621665|ENGRAVING      |20260219|       0.00 |      2 |       0.00 |MO
CHM270|Z10|20260228|621665|SR27DB/STER    |20260219|       0.00 |      2 |     101.70 |MO
CHM287|E40|20250731|621052|ENGRAVING      |20250717|       3.50 |      1 |       0.00 |MO
CHM287|Z30|20250731|621052|CLAS.MD.M/STER |20250717|     124.00 |      1 |      57.89 |MO
CLA110|M10|20250831|621137|MISC-SALES     |20250819|   50585.70 |     15 |       0.00 |PH
CLA149|C01|20251130|621345|S6M/10K        |20251106|    1545.50 |      1 |     307.75 |MO
CLA149|F01|20251130|621345|F2523/10K      |20251106|     407.75 |      1 |      91.12 |MO
COM105|S20|20251231|621477|C95/STER       |20251209|    1080.00 |     12 |     513.24 |MO
CON107|C80|20260131|621585|CJ-P/STER      |20260114|     152.00 |      5 |      71.80 |MO
COO107|E40|20250131|620358|ENGRAVING      |20250121|       3.50 |      1 |       0.00 |MO
COO107|E40|20250630|620871|ENGRAVING      |20250604|       3.50 |      1 |       0.00 |PH
COO107|Z10|20250630|620871|CLAS.MD.L/STER |20250604|     119.75 |      1 |      55.34 |PH
COO107|Z10|20251231|621554|SR15DB/STER    |20251217|     172.00 |      2 |      81.34 |PH
COO107|Z30|20250131|620358|CLAS.MD.M/STER |20250121|     124.00 |      1 |      57.89 |MO
COO172|C80|20250531|620738|CJ-P/STER      |20250507|     369.00 |      8 |     105.60 |MO
COO172|C80|20260331|621707|CJ-P/STER      |20260305|     330.00 |      6 |      98.10 |MO
COO172|D60|20250531|620739|DIE-CHARGE     |20250507|     100.00 |      1 |       0.00 |MO
COO172|D60|20260331|621708|DIE-CHARGE     |20260305|     100.00 |      1 |       0.00 |MO
COO172|E40|20250131|620366|ENGRAVING      |20250123|       5.00 |      1 |       0.00 |MO
COO172|Q01|20250131|620366|C20/10K        |20250123|     245.00 |      1 |      77.74 |MO
COU175|B80|20251130|621342|CH29-40/STER   |20251105|      29.87 |      1 |      14.51 |PH
COU175|B80|20251231|621460|CH41-52/STER   |20251203|      23.01 |      1 |      10.16 |PH
COU175|B80|20260228|621632|CH41-52/STER   |20260204|      23.01-|      1-|      13.09-|PH
COU175|C01|20250930|621177|CJ-R/10K       |20250902|    1380.53 |      1 |     216.08 |PH
COU175|C20|20250430|620680|SA14CM/STER    |20250424|     176.99 |      1 |      93.21 |PH
COU175|C20|20251130|621343|SA14CM/STER    |20251105|     176.99-|      1-|      93.21-|PH
COU175|D01|20251031|621279|MK108/14K      |20251016|     924.78 |      1 |     152.45 |PH
COU175|E20|20250731|621023|EH7/10K        |20250709|     300.88 |      1 |      98.03 |PH
COU175|E20|20260228|621646|ER61/10K       |20260211|      71.46 |      1 |      47.98 |PH
COU175|E40|20251130|621433|ENGRAVING      |20251128|       7.64 |      2 |       0.00 |PH
COU175|E40|20260228|621647|ENGRAVING      |20260211|       3.10 |      1 |       0.00 |PH
COU175|F01|20250630|620947|F2586/10K      |20250618|     447.35 |      1 |     133.73 |PH
COU175|F30|20251231|621501|FPR/10K        |20251210|     523.01 |      1 |     313.44 |PH
COU175|F30|20260228|621631|FPR/10K        |20260204|     523.01-|      1-|     331.52-|PH
COU175|M10|20250131|620360|MISC-SALES     |20250122|      31.86 |      1 |       0.00 |PH
COU175|M10|20250228|620432|MISC-SALES     |20250221|      24.00 |      1 |       0.00 |PH
COU175|M10|20250331|620534|MISC-SALES     |20250320|    9903.75 |      1 |       0.00 |PH
COU175|M10|20250531|620831|MISC-SALES     |20250526|     553.99 |      1 |       0.00 |PH
COU175|M10|20250630|620929|MISC-SALES     |20250617|      18.58 |      1 |       0.00 |PH
COU175|M10|20250930|621178|MISC-SALES     |20250902|    3422.12 |      1 |       0.00 |PH
COU175|M10|20251031|621274|MISC-SALES     |20251015|      11.95 |      1 |       0.00 |PH
COU175|M10|20251130|621337|MISC-SALES     |20251105|    2160.95 |      1 |       0.00 |PH
COU175|M10|20251231|621478|MISC-SALES     |20251209|      17.70 |      1 |       0.00 |PH
COU175|M10|20251231|621543|MISC-SALES     |20251216|     313.72 |      1 |       0.00 |PH
COU175|M10|20251231|621555|MISC-SALES     |20251217|     115.04 |      1 |       0.00 |PH
COU175|M10|20251231|621556|MISC-SALES     |20251217|      57.52 |      4 |       0.00 |PH
COU175|M10|20251231|621576|MISC-SALES     |20251218|      71.68 |      1 |       0.00 |PH
COU175|M10|20260131|621581|MISC-SALES     |20260106|     353.98 |      1 |       0.00 |PH
COU175|M10|20260131|621584|MISC-SALES     |20260113|    2654.87 |      1 |       0.00 |PH
COU175|N01|20251231|621574|13R---40/10K   |20251218|     104.42 |      1 |      72.70 |PH
COU175|N20|20251130|621342|F60-30B/STER   |20251105|      59.29 |      2 |      18.00 |PH
COU175|N20|20251231|621460|F60-30B/STER   |20251203|      28.32 |      1 |       9.00 |PH
COU175|N20|20251231|621555|PAPER-18/STER  |20251217|      28.76 |      1 |      20.00 |PH
COU175|N20|20251231|621555|PAPER-7.5/STER |20251217|      13.05 |      1 |       9.00 |PH
COU175|N20|20260228|621632|F60-30B/STER   |20260204|      28.32-|      1-|       9.00-|PH
COU175|N30|20251031|621274|1120C-45/GF    |20251015|       5.75 |      1 |       3.42 |PH
COU175|N50|20250630|620977|7E/STER        |20250624|      69.03 |      1 |      37.50 |PH
COU175|Q01|20250131|620359|C21/10K        |20250121|      99.56 |      1 |      34.71 |PH
COU175|Q01|20251031|621329|C21/10K        |20251030|     159.29 |      1 |      34.71 |PH
COU175|Q30|20251130|621433|C25/STER       |20251128|      72.00 |      2 |      24.66 |PH
COU175|R10|20250131|620333|REPAIRS        |20250109|      30.97 |      1 |       0.00 |PH
COU175|R10|20250430|620637|REPAIRS        |20250416|      35.40 |      1 |       0.00 |RP
COU175|R10|20250531|620724|REPAIRS        |20250505|      66.37 |      1 |       0.00 |RP
COU175|R10|20250531|620831|REPAIRS        |20250526|      38.05 |      1 |       0.00 |PH
COU175|R10|20250630|620860|REPAIRS        |20250602|      73.45 |      1 |       0.00 |RP
COU175|R10|20250831|621108|REPAIRS        |20250806|      44.25 |      1 |       0.00 |RP
COU175|R10|20250831|621112|REPAIRS        |20250806|      10.62 |      1 |       0.00 |RP
COU175|R10|20250831|621120|REPAIRS        |20250812|      53.10 |      1 |       0.00 |PH
COU175|R10|20250831|621171|REPAIRS        |20250828|      23.89 |      1 |       0.00 |PH
COU175|R10|20251031|621275|REPAIRS        |20251015|      15.04 |      1 |       0.00 |RP
COU175|R10|20251031|621277|REPAIRS        |20251016|      66.37 |      1 |       0.00 |RP
COU175|R10|20251031|621330|REPAIRS        |20251030|      61.95 |      1 |       0.00 |PH
COU175|R10|20251130|621362|REPAIRS        |20251110|     141.59 |      1 |       0.00 |RP
COU175|R10|20251231|621479|REPAIRS        |20251209|     238.94 |      1 |       0.00 |MO
COU175|R10|20260131|621613|REPAIRS        |20260129|      83.19 |      1 |       0.00 |PH
COU175|R10|20260228|621637|REPAIRS        |20260205|     261.06 |      1 |       0.00 |PH
COU175|R10|20260228|621660|REPAIRS        |20260217|       8.85 |      1 |       0.00 |PH
COU175|R10|20260228|621698|REPAIRS        |20260226|      13.27 |      1 |       0.00 |RP
COU175|R10|20260228|621699|REPAIRS        |20260226|      13.27 |      1 |       0.00 |RP
COU175|S01|20250131|620353|1211/10K       |20250117|     663.72 |      1 |     128.41 |PH
COU175|S01|20250228|620398|1210/10K       |20250205|     224.34 |      1 |      81.24 |PH
COU175|S01|20250630|620999|1210/10K       |20250625|     343.58 |      1 |      81.24 |PH
COU175|S01|20250831|621172|1901/10K       |20250828|     576.55 |      1 |      60.35 |PH
COU175|S01|20250930|621189|1901/10K       |20250909|     576.55 |      1 |      60.35 |PH
COU175|S01|20260228|621646|1870/10K       |20260211|     152.87 |      1 |     105.18 |PH
COU175|S20|20251231|621556|FAM.RING/STER  |20251217|      99.12 |      2 |     123.52 |PH
COU175|S20|20260131|621613|DAUGHTERS/STER |20260129|     122.13 |      2 |      69.08 |PH
COU175|W01|20260228|621647|200RL/10K      |20260211|     296.46 |      1 |     172.77 |PH
COU175|W20|20251031|621328|500M/10KW      |20251030|     591.15 |      1 |     119.05 |PH
COU175|W20|20260228|621695|6T00RL/10KW    |20260226|    2140.70 |      1 |     565.14 |MO
COU175|W40|20250731|621083|300TL/14K      |20250730|     676.00 |      1 |     154.08 |PH
COU175|W80|20250731|621083|5200M/14K      |20250730|    1553.00 |      1 |     394.54 |PH
COU175|X01|20251231|621555|KEY.LG/STER    |20251217|      11.06 |      1 |       7.57 |PH
COU175|X01|20251231|621555|LOCK.LG/STER   |20251217|      17.70 |      1 |      12.20 |PH
COU175|X01|20260228|621646|P85/10K        |20260211|      92.92 |      1 |      65.47 |PH
COU175|X20|20251231|621555|P215/STER      |20251217|      20.13 |      1 |      13.88 |PH
COU175|X20|20251231|621575|P215/STER      |20251218|      79.64 |      4 |      55.52 |PH
COU175|X20|20260131|621613|P215/STER      |20260129|      74.34 |      2 |      29.18 |PH
COU175|X20|20260228|621692|P215/STER      |20260225|      46.00 |      4 |      37.44 |PH
COU175|Y01|20251231|621574|LOBSTER.SM/10K |20251218|      13.05 |      1 |       9.09 |PH
COU175|Y01|20260228|621660|LOBSTER.LG/10K |20260217|      17.25 |      1 |      12.00 |PH
COU175|Y01|20260228|621660|J10/10K        |20260217|      29.65 |      1 |      19.00 |PH
COW112|C20|20250531|620795|S50DM/STER     |20250521|    1120.00 |      7 |     537.60 |PH
COW112|J30|20251231|621568|BR4/STERB      |20251218|      53.00 |      1 |      23.34 |PH
COW112|M10|20260131|621614|MISC-SALES     |20260129|       0.00 |      1 |       0.00 |PH
COW112|S01|20260131|621617|1866/10K       |20260129|     383.00 |      1 |     232.35 |PH
COW112|S20|20251031|621324|STONE.SET/STER |20251030|      70.00 |      1 |      61.76 |PH
COW112|W60|20251031|621324|7T01BM/10KTT   |20251030|     995.00 |      1 |     197.01 |PH
COW112|W60|20251231|621568|6T08M/10KTT    |20251218|    1218.00 |      1 |     661.50 |PH
COW112|W95|20251031|621324|WEDD/STER      |20251030|     222.00 |      2 |      43.00 |PH
CRA154|F01|20260228|621645|F6T18FCM/STER  |20260211|     104.00 |      1 |      78.89 |PH
CRE155|B30|20250228|620411|BB10/GFB       |20250207|      22.75 |      1 |       7.83 |PH
CRE155|E40|20250531|620735|ENGRAVING      |20250507|       7.00 |      2 |       0.00 |PH
CRE155|E40|20250531|620798|ENGRAVING      |20250521|       3.50 |      1 |       0.00 |PH
CRE155|E40|20260228|621690|ENGRAVING      |20260225|       3.50 |      1 |       0.00 |PH
CRE155|F05|20250430|620591|2280/10K       |20250408|     394.25 |      1 |      75.34 |PH
CRE155|J30|20251031|621271|BR5/STERB      |20251015|     106.00 |      2 |      46.68 |MO
CRE155|J40|20251031|621271|BR5/GFB        |20251015|     106.00 |      2 |      46.68 |MO
CRE155|M11|20250228|620411|EMRBRO1        |20250207|       0.00 |      1 |       0.00 |PH
CRE155|M11|20250228|620411|FAMBRO1        |20250207|       0.00 |      1 |       0.00 |PH
CRE155|M11|20250228|620411|SCHBRO1        |20250207|       0.00 |      1 |       0.00 |PH
CRE155|M11|20251031|621271|EMRBRO1        |20251015|       0.00 |      1 |       0.00 |MO
CRE155|Q20|20250731|621090|CS13/STER      |20250731|     155.50 |      2 |      71.06 |PH
CRE155|Q30|20250531|620735|600RM/STER     |20250507|      87.75 |      1 |      29.91 |PH
CRE155|Q30|20250731|621090|C42/STER       |20250731|     175.50 |      2 |      83.44 |PH
CRE155|Q30|20250731|621090|CS1/STER       |20250731|     199.00 |      2 |      97.96 |PH
CRE155|R10|20250531|620798|REPAIRS        |20250521|       0.00 |      1 |       0.00 |PH
CRE155|S01|20250331|620517|1945.OPAL/10K  |20250319|     271.50 |      1 |      78.20 |PH
CRE155|S01|20251031|621271|1304HEM/10K    |20251015|     325.75 |      1 |      74.29 |MO
CRE155|S01|20251031|621271|1981HEM/10K    |20251015|     317.25 |      1 |      72.66 |MO
CRE155|S20|20250131|620365|STONE.SET/STER |20250123|      75.00 |      1 |      61.76 |PH
CRE155|S20|20251231|621539|C95/STER       |20251216|    1080.00 |     12 |     513.24 |MO
CRE155|W60|20260228|621640|1T84M/STER     |20260209|      84.75 |      1 |      39.96 |PH
CRE155|W60|20260228|621640|1T85L/STER     |20260209|      65.75 |      1 |      28.16 |PH
CRE155|W95|20250331|620475|S300RL/STER    |20250306|      90.00 |      2 |      36.86 |PH
CRE155|W95|20250531|620735|WEDD/STER      |20250507|     400.50 |      9 |     193.50 |PH
CRE155|W95|20250630|620936|5T18M/STER     |20250618|      77.50 |      1 |      28.53 |PH
CRE155|W95|20250630|620936|WEDD/STER      |20250618|      99.25 |      1 |      21.50 |PH
CRE155|W95|20250731|621090|WEDD/STER      |20250731|      75.00 |      1 |      21.50 |PH
CRE155|W95|20250831|621147|3T18L/STER     |20250821|      65.50 |      1 |      22.85 |PH
CRE155|W95|20250831|621147|4T18L/STER     |20250821|      88.00 |      1 |      24.80 |PH
CRE155|W95|20250831|621147|5T18M/STER     |20250821|      69.50 |      1 |      28.53 |PH
CRE155|W95|20251231|621461|WEDD/STER      |20251204|      75.00 |      1 |      21.50 |PH
CRE155|W95|20251231|621524|WEDD/STER      |20251215|     395.00 |      8 |     172.00 |MO
CRE155|W95|20251231|621561|WEDD/STER      |20251218|     135.25 |      2 |      43.00 |PH
CRE155|W95|20260131|621589|WEDD/STER      |20260115|      94.00 |      1 |      22.66 |PH
CRE155|X20|20251031|621271|DT98SM/STER    |20251015|      55.75 |      1 |      24.99 |MO
CRE155|X20|20251031|621271|P120M/STER     |20251015|      36.50 |      1 |      16.06 |MO
CRE155|Z10|20250531|620735|SR109D/STER    |20250507|     129.00 |      1 |      64.99 |PH
CRE155|Z10|20250531|620735|SR27DB/STER    |20250507|      94.75 |      1 |      46.01 |PH
CRE155|Z10|20250531|620798|CLAS.SM/STER   |20250521|     109.00 |      1 |      45.03 |PH
CRE155|Z10|20250531|620798|SR121D/STER    |20250521|     110.00 |      1 |      53.52 |PH
CRE155|Z10|20260228|621690|SR109D/STER    |20260225|     139.00 |      1 |      70.98 |PH
CUR205|E40|20250531|620702|ENGRAVING      |20250501|      10.50 |      1 |       0.00 |PH
CUR205|E40|20260331|621706|ENGRAVING      |20260304|      10.50 |      1 |       0.00 |PH
CUR205|Y01|20250531|620702|SB2/10K        |20250501|     342.00 |      1 |       9.91 |PH
CUR205|Y01|20260331|621706|SB2/10K        |20260304|     625.00 |      1 |      28.73 |PH
DAN118|W80|20250531|620832|5850M/10K      |20250527|    1058.25 |      1 |     242.22 |MO
DAR100|M10|20250831|621150|MISC-SALES     |20250821|   13333.35 |      5 |       0.00 |PH
DAV135|C60|20251130|621372|CJ297/10K      |20251113|     304.50 |      1 |      50.74 |MO
DAV135|C80|20251130|621372|CJ297/STER     |20251113|     120.00 |      4 |      32.48 |MO
DAV135|C80|20260131|621599|CJ-P/STER      |20260121|      29.00 |      1 |      16.35 |MO
DAV135|C80|20260131|621616|CJ297/STER     |20260129|      30.00 |      1 |      10.01 |MO
DAV135|C90|20251130|621372|CJ-P/ALLOY     |20251113|     108.00 |      6 |      36.90 |MO
DAV135|C90|20260131|621599|CJ-P/ALLOY     |20260121|      20.00 |      1 |       6.15 |MO
DEL139|N40|20250630|620989|13TGA/10KB     |20250625|     260.00 |      1 |      64.55 |PH
DEL139|N40|20250630|620989|13TGD/10KB     |20250625|     285.75 |      1 |      80.52 |PH
DEL139|N50|20250630|620989|D12/STERB      |20250625|      34.00 |      1 |      14.72 |PH
DEL139|N50|20250630|620989|M2B/STERB      |20250625|      56.00 |      1 |      24.32 |PH
DEL139|N50|20250630|620989|S13C/STERB     |20250625|      56.00 |      1 |      24.32 |PH
DEL139|N50|20250630|620989|S13X/STERB     |20250625|      56.00 |      1 |      24.32 |PH
DIA135|R10|20250930|621188|REPAIRS        |20250909|     135.00 |      1 |       0.00 |RP
DUB085|C01|20251031|621272|S54M/10K       |20251015|   24399.50 |     13 |    5566.08 |MO
DUB085|C01|20251130|621334|S54M/10K       |20251104|    1868.00 |      1 |     428.16 |PH
DUB085|C01|20251231|621459|S54M/10K       |20251203|    1868.00-|      1-|    1444.56-|MO
DUB085|C20|20250430|620593|S33L/STER      |20250408|     517.50 |      6 |     244.62 |MO
DUB085|C80|20250630|620946|CJ-P/STER      |20250618|     241.50 |      3 |      39.60 |MO
DUB085|D60|20251031|621273|DIE-CHARGE     |20251015|     185.00 |      1 |       0.00 |MO
DUB085|E40|20250630|620946|ENGRAVING      |20250618|      42.00 |      3 |       0.00 |MO
DUB085|E40|20251031|621272|ENGRAVING      |20251015|      45.50 |     13 |       0.00 |MO
DUB085|E40|20251130|621334|ENGRAVING      |20251104|       3.50 |      1 |       0.00 |PH
DUB085|E40|20251231|621459|ENGRAVING      |20251203|       3.50-|      1-|       0.00 |MO
DUB085|F01|20251031|621311|F2591/10KTT    |20251023|     749.00 |      1 |     140.62 |MO
DUB085|F05|20250228|620427|1877/10K       |20250220|     279.75 |      1 |      82.65 |MO
DUB085|N50|20251130|621339|3NH/STERB      |20251105|     115.00 |      1 |      56.78 |MO
DUB085|N50|20251130|621339|70NB/STERB     |20251105|      85.00 |      1 |      38.86 |MO
DUB085|N50|20251130|621339|8/STERB        |20251105|      78.00 |      1 |      34.73 |MO
DUB085|N50|20251130|621339|8NF/STERB      |20251105|      85.00 |      1 |      38.86 |MO
DUB085|N50|20251231|621532|70NH/STERB     |20251216|     170.00 |      2 |      77.72 |PH
DUB085|N70|20250331|620518|59/10KB        |20250319|      33.00 |      1 |      42.42 |MO
DUB085|R10|20250731|621070|REPAIRS        |20250724|       0.00 |      1 |       0.00 |RP
DUB085|Z10|20250430|620625|SR55B/STER     |20250416|      92.75 |      1 |      44.77 |PH
ELG165|C20|20250131|620374|S16RDM/STER    |20250128|     152.75 |      1 |      88.02 |MO
ELG165|E40|20250131|620374|ENGRAVING      |20250128|       3.50 |      1 |       0.00 |MO
ELG165|E40|20250131|620375|ENGRAVING      |20250128|       3.50-|      1 |       0.00 |MO
ELG165|R10|20250630|620968|REPAIRS        |20250623|      20.00 |      1 |       0.00 |RP
END159|J30|20251130|621425|BR4/STERB      |20251127|     106.00 |      2 |      46.68 |MO
END159|J30|20251130|621425|BR5/STERB      |20251127|      53.00 |      1 |      23.34 |MO
END159|N50|20251130|621425|20/STERB       |20251127|      52.75 |      1 |      22.63 |MO
END159|N50|20251130|621425|7E/STERB       |20251127|      78.00 |      1 |      34.73 |MO
END159|N50|20251130|621425|D1/STERB       |20251127|      31.50 |      1 |      13.21 |MO
END159|N60|20251130|621425|7/GFB          |20251127|      78.00 |      1 |      34.74 |MO
END159|N60|20251130|621425|S10COL/GFB     |20251127|      56.75 |      1 |      24.80 |MO
END159|N60|20251130|621425|S12/GFB        |20251127|      53.75 |      1 |      23.05 |MO
END159|R10|20250630|621012|REPAIRS        |20250626|      60.00 |      1 |       0.00 |RP
END159|S01|20250531|620737|2282/10K       |20250507|     523.00 |      1 |     116.29 |MO
END159|Z30|20250630|620876|CLAS.MD.M/STER |20250605|     124.00 |      1 |      57.89 |MO
FAC120|C01|20250630|620872|SM59L/10K      |20250604|    2685.00 |      3 |     636.93 |PH
FAC120|C01|20250630|620911|SM59L/10K      |20250612|     895.00 |      1 |     212.31 |PH
FAC120|C01|20250630|620922|SM59L/10K      |20250616|     895.00-|      1-|     212.31-|PH
FAC120|E40|20250630|620872|ENGRAVING      |20250604|      17.00 |      2 |       0.00 |PH
FAC120|Q40|20251031|621306|INIT.LG/STER   |20251023|      27.25 |      1 |      10.59 |PH
FAC120|R10|20250331|620505|REPAIRS        |20250317|      75.00 |      1 |       0.00 |RP
FAN167|E40|20250630|620934|ENGRAVING      |20250617|       3.50 |      1 |       0.00 |PH
FAN167|Z10|20250630|620934|SR15DB/STER    |20250617|      86.00 |      1 |      40.67 |PH
FAN443|B80|20250531|620813|CHS13B/STER    |20250522|      35.00 |      1 |      12.26 |PH
FAN443|Z30|20250630|620893|CLAS.MD.M/STER |20250610|     124.00 |      1 |      57.89 |PH
FIA171|C01|20260331|621714|S17B/10K       |20260309|     755.00 |      1 |     452.40 |MO
FIA171|C20|20251130|621385|S14M/STER      |20251118|     726.00 |      6 |     375.00 |PH
FIA171|C20|20251231|621562|S14M/STER      |20251218|     148.25 |      1 |      62.50 |PH
FIA171|W40|20250630|620873|250L-3/14K     |20250605|     911.75 |      1 |     222.18 |PH
FIL530|C60|20250430|620692|CJ-P/10K       |20250430|     353.00 |      2 |       0.00 |CO
FIL530|C80|20260331|621711|CJ-P/STER      |20260305|     130.00 |      2 |      32.70 |MO
FIL530|D65|20250430|620693|LITHOGRAPHY    |20250430|     285.00 |      1 |       0.00 |CO
FIL530|M10|20250131|620332|MISC-SALES     |20250109|      40.00-|      1 |       0.00 |MO
FIN185|E40|20250228|620395|ENGRAVING      |20250204|       3.50 |      1 |       0.00 |MO
FIN185|E40|20250531|620796|ENGRAVING      |20250521|       3.50 |      1 |       0.00 |PH
FIN185|E40|20251031|621265|ENGRAVING      |20251009|       3.50 |      1 |       0.00 |MO
FIN185|E40|20251130|621360|ENGRAVING      |20251110|       3.50 |      1 |       0.00 |MO
FIN185|F01|20250731|621050|F140/10K       |20250717|     491.00 |      1 |     120.43 |MO
FIN185|F05|20250531|620761|1967/10K       |20250512|     230.50 |      1 |      58.02 |MO
FIN185|S20|20250228|620437|DAUGHTERS/STER |20250225|      75.00 |      1 |      30.61 |PH
FIN185|S20|20251031|621265|DAUGHTERS/STER |20251009|      58.25 |      1 |      30.61 |MO
FIN185|S20|20251231|621509|FAM.RING/STER  |20251211|     122.00 |      1 |      61.76 |MO
FIN185|U20|20250531|620796|LPN1/STER      |20250521|      84.50 |      1 |      36.52 |PH
FIN185|U20|20251130|621360|FF20/STER      |20251110|     126.00 |      1 |      65.40 |MO
FIN185|Z01|20250531|620796|CLAS.PET/10K   |20250521|     512.75 |      1 |     128.59 |PH
FIN185|Z10|20250228|620395|CLAS.SM/STER   |20250204|     121.00 |      1 |      45.03 |MO
FIN185|Z10|20250531|620761|SR27DB/STER    |20250512|      94.75 |      1 |      46.01 |MO
FIN185|Z10|20250531|620796|CLAS.MD.L/STER |20250521|     119.75 |      1 |      55.34 |PH
FIN185|Z10|20250731|621027|SR115D/STER    |20250710|     107.50 |      1 |      52.19 |MO
FIN185|Z30|20250228|620395|CLAS.MD.M/STER |20250204|     134.00 |      1 |      57.89 |MO
FIN185|Z30|20250930|621187|CLAS.MD.M/STER |20250909|     124.00 |      1 |      57.89 |MO
FLA175|C20|20250131|620392|S50DM/STER     |20250203|     144.50 |      1 |      76.80 |PH
FLA175|C20|20250131|620396|S50DM/STER     |20250204|     144.50-|      1 |      76.80 |PH
FLA175|C20|20250228|620397|S50DM/STER     |20250204|     144.50 |      1 |      76.80 |PH
FLA175|C20|20250531|620839|S19RDB/STER    |20250529|     130.75 |      1 |      50.93 |PH
FLA175|C20|20250630|620994|S51DM/STER     |20250625|     692.50 |      5 |     346.70 |PH
FLA175|C20|20251031|621303|S190B/STER     |20251023|      70.00 |      1 |      30.63 |PH
FLA175|C20|20260131|621597|S19RDB/STER    |20260121|     102.75 |      1 |      57.45 |PH
FLA175|E40|20260131|621597|ENGRAVING      |20260121|       3.50 |      1 |       0.00 |PH
FLA175|F01|20251130|621363|F2547/10K      |20251112|    1224.00 |      2 |     234.34 |PH
FLA175|S20|20250531|620838|FAM.RING/STER  |20250529|     153.50 |      2 |     123.52 |PH
FLO174|E40|20250531|620827|ENGRAVING      |20250522|      10.50 |      3 |       0.00 |MO
FLO174|E40|20250531|620855|ENGRAVING      |20250529|       3.50 |      1 |       0.00 |MO
FLO174|N70|20250331|620529|12D/10KB       |20250320|      72.00 |      1 |      22.78 |MO
FLO174|S01|20250531|620855|1304HEM/10K    |20250529|     285.75 |      1 |      74.29 |MO
FLO174|W01|20250531|620827|5T00RM/10KY    |20250522|     696.50 |      1 |     157.43 |MO
FLO174|W01|20250630|620995|6T00RM/10KY    |20250625|     784.00 |      1 |     177.30 |MO
FLO174|Z10|20250531|620855|CLAS.PET/STER  |20250529|     102.00 |      1 |      44.40 |MO
FLO174|Z30|20250531|620827|CLAS.MD.M/STER |20250522|     496.00 |      4 |     231.56 |MO
FOR188|C01|20250630|620983|S16M/10K       |20250624|   33092.00 |     26 |    8088.60 |MO
FOR188|C01|20250630|620983|S185L/10K      |20250624|    3567.00 |      6 |    1082.94 |MO
FOR188|M10|20251031|621295|MISC-SALES     |20251023|      35.00 |      1 |       0.00 |MO
FOR188|M10|20251231|621454|MISC-SALES     |20251203|      35.00-|      1-|       0.00 |PH
FOR188|M10|20251231|621579|MISC-SALES     |20251229|      35.00-|      1-|       0.00 |MO
FOR188|M10|20251231|621580|MISC-SALES     |20251229|      35.00 |      1 |       0.00 |MO
FOR188|N40|20251130|621432|L3GC/10K       |20251127|    5260.00 |      4 |    3463.20 |MO
FOR188|R10|20250531|620720|REPAIRS        |20250505|      20.00 |      1 |       0.00 |RP
FOR188|R10|20250531|620845|REPAIRS        |20250529|      14.50 |      1 |       0.00 |RP
FOR188|R10|20250731|621077|REPAIRS        |20250728|       0.00 |      2 |       0.00 |RP
FOU140|F01|20250430|620574|F2552/14K      |20250402|     890.50 |      1 |     178.71 |MO
FOU140|R10|20250131|620376|REPAIRS        |20250128|       0.00 |      1 |       0.00 |RP
FOU140|S01|20251231|621550|1210/10K       |20251217|     360.00 |      1 |     216.16 |MO
FRA175|F01|20250228|620429|F2543/10K      |20250221|     409.25 |      1 |     117.17 |PH
FRA233|E40|20250430|620596|ENGRAVING      |20250409|       5.50 |      1 |       0.00 |PH
FRA233|E40|20250731|621059|ENGRAVING      |20250723|       5.50 |      1 |       0.00 |PH
FRA233|J30|20250731|621059|BR4/STERB      |20250723|      53.00 |      1 |      23.34 |PH
FRA233|J30|20250731|621059|BR6/STERB      |20250723|      53.00 |      1 |      23.34 |PH
FRA233|Q01|20250731|621059|C126/10K       |20250723|     151.50 |      1 |      35.64 |PH
FRA233|Q01|20251130|621370|C24/10K        |20251113|     346.75 |      1 |      62.62 |PH
FRA233|S20|20250430|620596|STONE.SET/STER |20250409|      94.25 |      1 |      61.76 |PH
FRA233|W60|20251231|621530|4913M/10KY     |20251215|    1131.00 |      1 |     691.92 |PH
FRA233|W80|20250131|620384|5630M/10K      |20250130|     650.50 |      1 |     191.01 |MO
FRE217|S50|20250430|620674|1117RB-I/10K   |20250424|     602.50 |      1 |      46.36 |MO
GEM218|W01|20250228|620433|400M/10KY      |20250224|     375.50 |      1 |     101.84 |PH
GEM218|W01|20250228|620433|450M/10KY      |20250224|     388.50 |      1 |     105.32 |PH
GEM218|W01|20250228|620433|500M/10KY      |20250224|     440.50 |      1 |     119.05 |PH
GEM218|W01|20250228|620433|5T18M/10KY     |20250224|     514.25 |      1 |     138.59 |PH
GEM218|W40|20250630|620965|200L/14KY      |20250623|     368.00 |      1 |      83.72 |PH
GIF224|S20|20251130|621398|C95/STER       |20251120|    1080.00 |     12 |     513.24 |PH
GIR220|M10|20250531|620807|MISC-SALES     |20250522|      40.50 |      3 |       0.00 |MO
GIR220|M10|20250531|620829|MISC-SALES     |20250522|      27.00-|      3-|       0.00 |MO
GIR220|X20|20250531|620807|PS11L/STER     |20250522|     103.50 |      2 |      45.34 |MO
GIR220|Z10|20250531|620807|CLAS.MD.L/STER |20250522|     109.75 |      1 |      55.34 |MO
GIR220|Z30|20250531|620807|CLAS.LG/STER   |20250522|     252.00 |      2 |     130.80 |MO
GMG193|M11|20250531|620731|EMRBRO1        |20250506|       0.00 |      1 |       0.00 |PH
GMG193|M11|20250531|620731|FAMBRO1        |20250506|       0.00 |      1 |       0.00 |PH
GMG193|M11|20250531|620731|SCHBRO1        |20250506|       0.00 |      1 |       0.00 |PH
GOL202|C60|20251130|621431|CJ-P/10K       |20251127|    3568.00 |     15 |       0.00 |PH
GOL202|S20|20250331|620538|DAUGHTERS/STER |20250324|      84.00 |      1 |      30.61 |PH
GOL214|C01|20250430|620694|S6M/10K        |20250430|    1210.00 |      1 |     307.75 |MO
GOL218|E40|20250531|620758|ENGRAVING      |20250508|       3.50 |      1 |       0.00 |PH
GOL218|F01|20250630|620910|F2530/10K      |20250612|     273.00 |      1 |      74.84 |PH
GOL218|F01|20250630|620984|F134/10K       |20250624|     355.25 |      1 |      92.25 |PH
GOL218|F01|20250630|620985|F2530/10K      |20250624|     273.00-|      1-|      74.84-|PH
GOL218|F01|20251130|621351|F2591/10KTT    |20251106|     742.00 |      1 |     140.62 |PH
GOL218|F05|20250430|620573|2280/10K       |20250402|     270.75 |      1 |      75.34 |PH
GOL218|F05|20250630|620910|1869/10K       |20250612|     241.25 |      1 |      55.90 |PH
GOL218|S20|20250228|620394|FAM.RING/STER  |20250204|      79.25 |      1 |      61.76 |PH
GOL218|S20|20250531|620758|FAM.RING/STER  |20250508|      85.25 |      1 |      61.76 |PH
GOL218|S20|20250630|620972|FAM.RING/STER  |20250624|      81.75 |      1 |      61.76 |PH
GOL218|S20|20251231|621442|DAUGHTERS/STER |20251203|     156.50 |      2 |      61.22 |PH
GOL218|S20|20260131|621591|FAM.RING/STER  |20260115|      70.75 |      1 |      64.08 |PH
GOL218|Z10|20250831|621152|SR17B/STER     |20250825|     185.50 |      2 |      89.54 |PH
GOL218|Z10|20250930|621204|SR21B/STER     |20250911|      92.75 |      1 |      44.77 |PH
GOL218|Z10|20250930|621233|SR17B/STER     |20250929|      92.75 |      1 |      44.77 |PH
GOL235|E20|20251231|621514|EH3HEM/10KB    |20251215|     195.00 |      1 |     115.98 |MO
GOL235|E40|20250630|620906|ENGRAVING      |20250612|       7.00 |      2 |       0.00 |MO
GOL235|E40|20250630|620948|ENGRAVING      |20250623|       3.50 |      1 |       0.00 |MO
GOL235|R10|20250228|620423|REPAIRS        |20250213|      30.00 |      1 |       0.00 |RP
GOL235|S01|20251231|621514|1861HEM/10K    |20251215|     481.00 |      1 |     283.14 |MO
GOL235|X01|20251231|621514|PH3HEM/10KB    |20251215|     229.50 |      1 |     156.67 |MO
GOL235|Z10|20250630|620906|SR17HB/STER    |20250612|      92.75 |      1 |      44.77 |MO
GOL235|Z10|20250630|620906|SR27DB/STER    |20250612|      94.75 |      1 |      46.01 |MO
GOL235|Z10|20250831|621166|SR63DB/STER    |20250828|      96.25 |      1 |      46.95 |MO
GOL235|Z10|20250831|621173|SR21B/STER     |20250828|      99.75 |      1 |      44.77 |MO
GOL235|Z30|20250630|620948|CLAS.MD.M/STER |20250623|     124.00 |      1 |      57.89 |MO
GOL286|C20|20251031|621298|SA12CM/STER    |20251023|     171.00 |      1 |      93.21 |MO
GOL286|C20|20251130|621367|SA12CM/STER    |20251112|     340.00 |      2 |     186.42 |MO
GOL286|C20|20251231|621434|SA12CM/STER    |20251202|     342.00 |      2 |     186.42 |MO
GOL286|C20|20260131|621608|S33L/STER      |20260127|      93.25 |      1 |      49.43 |MO
GOL286|C20|20260131|621608|SA12CM/STER    |20260127|     171.25 |      1 |     120.62 |MO
GOL286|E40|20251031|621298|ENGRAVING      |20251023|       3.50 |      1 |       0.00 |MO
GOL286|E40|20251130|621367|ENGRAVING      |20251112|       7.00 |      2 |       0.00 |MO
GOL286|E40|20251231|621434|ENGRAVING      |20251202|       7.00 |      2 |       0.00 |MO
GOL286|E40|20260131|621608|ENGRAVING      |20260127|       7.00 |      2 |       0.00 |MO
GOL286|S20|20250531|620723|FAM.RING/STER  |20250505|      80.75 |      1 |      61.76 |PH
GOL286|S20|20250630|620903|FAM.RING/STER  |20250611|     121.75 |      1 |      61.76 |PH
GOL286|S20|20250630|620918|FAM.RING/STER  |20250612|     112.00 |      1 |      61.76 |PH
GOL340|E40|20251130|621383|ENGRAVING      |20251118|       3.50 |      1 |       0.00 |MO
GOL340|W80|20251130|621383|5298M/14KTT    |20251118|    2204.00 |      1 |     395.96 |MO
GOR220|W40|20250731|621079|600TM/14K      |20250728|    2728.00 |      2 |     606.64 |MO
GOR220|W95|20251130|621344|WEDD/STER      |20251106|     113.50 |      1 |      21.50 |MO
GOR220|W95|20251231|621486|WEDD/STER      |20251210|     113.50 |      1 |      21.50 |MO
GOR230|N50|20250630|620992|29A/STER       |20250625|      58.75 |      1 |      26.05 |MO
GOR230|N50|20250630|620992|29E/STER       |20250625|      58.75 |      1 |      26.05 |MO
GOR230|N50|20250630|620992|70/STER        |20250625|      80.50 |      1 |      36.16 |MO
GOR230|N50|20250630|620992|7E/STER        |20250625|      80.50 |      1 |      36.23 |MO
GOR230|N50|20250630|620992|M1/STER        |20250625|      58.75 |      1 |      26.05 |MO
GOR230|N50|20250630|620992|M1B/STER       |20250625|      58.75 |      1 |      26.05 |MO
GOR230|N50|20250630|620992|S13X/STER      |20250625|      58.75 |      1 |      26.05 |MO
GOR230|N50|20250630|620992|T70A/STER      |20250625|      80.50 |      1 |      36.23 |MO
GOR230|N60|20250630|620992|29A/GF         |20250625|      58.75 |      1 |      24.69 |MO
GOR230|N60|20250630|620992|29E/GF         |20250625|      58.75 |      1 |      24.69 |MO
GOR230|N60|20250630|620992|70/GF          |20250625|      80.50 |      1 |      36.29 |MO
GOR230|N60|20250630|620992|7E/GF          |20250625|      80.50 |      1 |      36.29 |MO
GOR230|N60|20250630|620992|M1/GF          |20250625|      56.50 |      1 |      24.74 |MO
GOR230|N60|20250630|620992|M1B/GF         |20250625|      56.50 |      1 |      24.74 |MO
GOR230|N60|20250630|620992|S13X/GF        |20250625|      58.75 |      1 |      24.74 |MO
GOR230|N60|20250630|620992|T70A/GF        |20250625|      80.50 |      1 |      36.29 |MO
GOR230|N70|20250630|620992|62/10K         |20250625|     321.50 |      1 |      73.45 |MO
GOR230|N80|20250630|620992|102/STER       |20250625|      47.00 |      1 |      19.61 |MO
GOR230|N80|20250630|620992|102S/STER      |20250625|      47.00 |      1 |      19.61 |MO
GOR230|N80|20250630|620992|104/STER       |20250625|      55.75 |      1 |      24.92 |MO
GOR230|N80|20250630|620992|105A/STER      |20250625|      55.75 |      1 |      24.92 |MO
GOR230|N80|20250630|620992|106AC/STER     |20250625|      63.25 |      1 |      29.56 |MO
GOR230|N80|20250630|620992|107C/STER      |20250625|      63.25 |      1 |      29.51 |MO
GOR230|N80|20250630|620992|33C/STER       |20250625|      47.50 |      1 |      19.70 |MO
GOR230|N80|20250630|620992|97/STER        |20250625|      40.25 |      1 |      14.86 |MO
GOR230|N80|20250630|620992|98/STER        |20250625|      40.25 |      1 |      14.86 |MO
GOR230|N80|20250630|620992|99/STER        |20250625|      40.25 |      1 |      14.86 |MO
GOR230|N90|20250630|620992|102/GF         |20250625|      47.00 |      1 |      19.61 |MO
GOR230|N90|20250630|620992|102S/GF        |20250625|      47.00 |      1 |      19.61 |MO
GOR230|N90|20250630|620992|104/GF         |20250625|      56.50 |      1 |      25.42 |MO
GOR230|N90|20250630|620992|105A/GF        |20250625|      56.50 |      1 |      25.42 |MO
GOR230|N90|20250630|620992|106AC/GF       |20250625|      64.00 |      1 |      30.07 |MO
GOR230|N90|20250630|620992|107C/GF        |20250625|      63.75 |      1 |      30.00 |MO
GOR230|N90|20250630|620992|33C/GF         |20250625|      45.00 |      1 |      18.37 |MO
GOR230|N90|20250630|620992|97/GF          |20250625|      37.00 |      1 |      13.53 |MO
GOR230|N90|20250630|620992|98/GF          |20250625|      37.00 |      1 |      13.53 |MO
GOR230|N90|20250630|620992|99/GF          |20250625|      37.00 |      1 |      13.53 |MO
GOR230|R10|20250731|621101|REPAIRS        |20250731|       0.00 |      1 |       0.00 |RP
GOR230|S20|20251231|621474|C95/STER       |20251208|    1080.00 |     12 |     513.24 |MO
GRA218|Q30|20250531|620856|CM16/STER      |20250529|      95.50 |      1 |      46.53 |PH
GRA218|Q30|20250531|620856|CS1/STER       |20250529|      99.50 |      1 |      48.98 |PH
GRA218|R10|20250831|621141|REPAIRS        |20250819|       0.00 |      1 |       0.00 |MO
GRA218|W01|20250228|620409|250L-3/10K     |20250207|     523.25 |      1 |     153.52 |MO
GRA218|W01|20250331|620476|250L-3/10K     |20250306|     546.00 |      1 |     153.52 |MO
GRA218|W60|20250531|620776|6T22M/14KTT    |20250513|    1235.00 |      1 |     309.44 |MO
GRA218|W95|20250831|621141|6T18L/STER     |20250819|      70.25 |      1 |      29.02 |MO
GRA229|C20|20250630|620867|CJ-R/STER      |20250604|    6606.00 |     31 |    1665.63 |MO
HAL225|W60|20260228|621681|5T64M/10K      |20260225|    1402.75 |      1 |     802.38 |MO
HAL226|J30|20250630|620917|BR5/STERB      |20250612|      53.00 |      1 |      23.34 |MO
HAL226|J30|20250630|620921|BR5/STERB      |20250612|      53.00 |      1 |      23.34 |MO
HAL226|N50|20250630|620917|L26/STERB      |20250612|      53.00 |      1 |      22.63 |MO
HAL226|N50|20250630|620917|S10/STERB      |20250612|      56.00 |      1 |      24.32 |MO
HAL226|N80|20250630|620917|34C/STERB      |20250612|      40.00 |      1 |      18.16 |MO
HAL226|N80|20250630|620917|45/STERB       |20250612|      50.00 |      1 |      21.17 |MO
HAL226|S20|20251231|621493|C95/STER       |20251210|    1080.00 |     12 |     513.24 |MO
HAL226|U20|20250630|620917|FFCWM/STER     |20250612|     117.25 |      1 |      58.04 |MO
HAL226|W60|20250430|620595|1T093L/10KTT   |20250408|     878.75 |      1 |     198.49 |MO
HAL226|W60|20250430|620661|1T84M/10K      |20250422|     728.00 |      1 |     181.75 |MO
HAL226|W80|20250531|620777|5231L/10K      |20250513|     804.00 |      1 |     145.66 |MO
HAL226|W95|20251231|621493|WEDD/STER      |20251210|      81.00 |      1 |      21.50 |MO
HAR243|C80|20250430|620597|CJ-P/STER      |20250409|     183.00 |      6 |      79.20 |MO
HAR243|C80|20251231|621475|CJ-P/STER      |20251209|      70.00 |      2 |      26.40 |MO
HAR243|E40|20250430|620597|ENGRAVING      |20250409|      37.00 |      6 |       0.00 |MO
HAR243|E40|20251231|621475|ENGRAVING      |20251209|      13.50 |      2 |       0.00 |MO
HAR261|W80|20251231|621578|5296L/10KTT    |20251218|    1136.75 |      1 |     672.95 |PH
HAR275|N50|20250430|620584|M2S/STER       |20250403|      68.75 |      1 |      24.74 |PH
HAR275|N50|20250430|620584|SM3C/STER      |20250403|      68.75 |      1 |      24.74 |PH
HAR275|N50|20250930|621212|20/STER        |20250916|      55.75 |      1 |      24.36 |PH
HAR275|N50|20250930|621212|21/STER        |20250916|      56.00 |      1 |      24.36 |PH
HAR275|N50|20250930|621212|7/STER         |20250916|      80.50 |      1 |      36.23 |PH
HAR275|N50|20250930|621212|7E/STER        |20250916|      80.50 |      1 |      36.23 |PH
HAR275|N50|20250930|621212|D1/STER        |20250916|      34.00 |      1 |      14.71 |PH
HAR275|N50|20250930|621212|D3/STER        |20250916|      34.00 |      1 |      14.71 |PH
HAR275|N50|20250930|621212|M1/STER        |20250916|      58.75 |      1 |      26.05 |PH
HAR275|N60|20250930|621212|D11/GF         |20250916|      34.50 |      1 |      14.91 |PH
HAR275|N60|20250930|621212|D2/GF          |20250916|      31.50 |      1 |      13.11 |PH
HAR275|N90|20250930|621212|100S/GF        |20250916|      40.50 |      1 |      18.66 |PH
HAR275|N90|20250930|621212|102/GF         |20250916|      42.00 |      1 |      19.61 |PH
HAR275|N90|20250930|621212|105/GF         |20250916|      56.50 |      1 |      25.42 |PH
HAR275|N90|20250930|621212|105N/GF        |20250916|      56.50 |      1 |      25.42 |PH
HAR275|N90|20250930|621212|106/GF         |20250916|      58.00 |      1 |      26.37 |PH
HAR275|N90|20250930|621212|12DS/GF        |20250916|      30.50 |      1 |      12.46 |PH
HAR275|N90|20250930|621212|50/GF          |20250916|      38.00 |      1 |      17.00 |PH
HAR275|N90|20250930|621212|97/GF          |20250916|      32.00 |      1 |      13.53 |PH
HEA130|E40|20250531|620713|ENGRAVING      |20250502|       6.50 |      1 |       0.00 |PH
HEA130|F01|20250630|620869|F400T/14K      |20250604|     816.50 |      1 |     196.00 |PH
HEA130|F01|20251031|621291|F2540/10K      |20251023|     442.00 |      1 |      86.90 |PH
HEA130|N40|20250531|620713|70TGD/10K      |20250502|      96.00 |      1 |      46.80 |PH
HEA130|W40|20250630|620869|250L/14KY      |20250604|     303.00 |      1 |      69.39 |PH
HEA130|W50|20250630|620869|8T18M/18K      |20250604|    2120.00 |      1 |     472.65 |PH
HEA130|W60|20250531|620713|5T58M/10KTT    |20250502|    1040.25 |      1 |     259.50 |PH
HEI200|R10|20260228|621634|REPAIRS        |20260205|     170.00 |      1 |       0.00 |RP
HEI257|D30|20250831|621168|WJ37/14K       |20250828|     606.00 |      1 |     153.83 |MO
HEI257|D30|20250831|621168|MJ37/14K       |20250828|     654.00 |      1 |     161.87 |MO
HEI257|E40|20251130|621405|ENGRAVING      |20251125|       3.50 |      1 |       0.00 |MO
HEI257|M10|20251130|621405|MISC-SALES     |20251125|      79.00 |      1 |       0.00 |MO
HEI257|Q01|20251130|621405|C57D/10K       |20251125|    1727.00 |      1 |     611.18 |MO
HEI257|Q30|20251231|621498|CC73/STER      |20251210|      47.00 |      1 |      19.07 |MO
HEI257|S50|20250930|621198|1066.ON-I/10K  |20250911|     549.75 |      1 |     127.74 |MO
HEN264|C01|20251031|621259|S32HM/10K      |20251009|    3717.00 |      3 |     767.91 |MO
HEN264|C01|20251130|621409|SA12CM/10K     |20251126|    9515.00 |      4 |    6009.68 |MO
HEN264|C60|20250331|620485|CJ-P/10K       |20250311|    5485.50 |     18 |       0.00 |MO
HEN264|C60|20250430|620605|CJ-P/10K       |20250410|    6095.00 |     20 |       0.00 |MO
HEN264|C60|20250630|620962|CJ-P/10K       |20250623|   11060.00 |     35 |       0.00 |MO
HEN264|C60|20250831|621139|CJ-P/10K       |20250819|   10112.00 |     32 |       0.00 |MO
HEN264|C60|20251031|621259|CJ-P/10K       |20251009|    1453.50 |      3 |       0.00 |MO
HEN264|C60|20251130|621409|CJ-P/10K       |20251126|    5754.00 |     14 |       0.00 |MO
HEN264|C60|20251130|621421|CJ-P/10K       |20251127|    5343.00 |     13 |       0.00 |MO
HEN264|C80|20250331|620485|CJ-P/STER      |20250311|     185.00 |      5 |      66.00 |MO
HEN264|D60|20250331|620486|DIE-CHARGE     |20250311|     285.00 |      1 |       0.00 |MO
HEN264|D60|20251031|621260|DIE-CHARGE     |20251009|     100.00 |      1 |       0.00 |MO
HEN264|E40|20251031|621259|ENGRAVING      |20251009|      10.50 |      3 |       0.00 |MO
HEN264|E40|20251130|621409|ENGRAVING      |20251126|      14.00 |      4 |       0.00 |MO
HEN264|F01|20250930|621221|F400T/10K      |20250918|     602.00 |      1 |     134.55 |PH
HEN264|F01|20260228|621644|F2591/14KTT    |20260211|    1291.50 |      1 |     702.66 |MO
HEN264|F01|20260331|621705|F400T/10K      |20260304|     901.00 |      1 |     439.72 |MO
HEN264|F30|20260228|621675|FPR/STER       |20260223|     211.75 |      1 |      60.77 |MO
HEN264|M11|20250331|620525|SCHBRO1        |20250320|       0.00 |      1 |       0.00 |MO
HEN264|N50|20250630|620961|21/STER        |20250623|      55.75 |      1 |      24.36 |MO
HEN264|N50|20250630|620961|29A/STER       |20250623|      58.75 |      1 |      26.05 |MO
HEN264|N50|20250630|620961|7ECOL/STER     |20250623|      83.50 |      1 |      38.06 |MO
HEN264|N50|20250630|620961|8ND/STER       |20250623|      87.50 |      1 |      40.36 |MO
HEN264|N50|20250630|620961|8NF/STER       |20250623|      87.50 |      1 |      40.36 |MO
HEN264|N50|20250630|620961|8NH/STER       |20250623|      87.50 |      1 |      40.36 |MO
HEN264|N50|20250630|620961|S11/STER       |20250623|      58.75 |      1 |      26.05 |MO
HEN264|N50|20250630|620961|S13A/STER      |20250623|      58.75 |      1 |      26.05 |MO
HEN264|N50|20250630|620961|S13C/STER      |20250623|      58.75 |      1 |      26.05 |MO
HEN264|N50|20250630|620961|SM3/STER       |20250623|      58.75 |      1 |      26.04 |MO
HEN264|N50|20250630|620961|T70A/STER      |20250623|      80.50 |      1 |      36.23 |MO
HEN264|N60|20250630|620961|S13COL/GF      |20250623|      59.50 |      1 |      26.56 |MO
HEN264|N80|20250630|620961|100/STER       |20250623|      40.50 |      1 |      18.66 |MO
HEN264|N80|20250630|620961|102S/STER      |20250623|      42.00 |      1 |      19.61 |MO
HEN264|N80|20250630|620961|105A/STER      |20250623|      55.75 |      1 |      24.92 |MO
HEN264|N80|20250630|620961|106AC/STER     |20250623|      63.25 |      1 |      29.56 |MO
HEN264|N80|20250630|620961|34/STER        |20250623|      36.50 |      1 |      16.12 |MO
HEN264|N80|20250630|620961|98/STER        |20250623|      34.25 |      1 |      14.86 |MO
HEN264|N90|20250630|620961|102/GF         |20250623|      42.00 |      1 |      19.61 |MO
HEN264|N90|20250630|620961|103S/GF        |20250623|      42.00 |      1 |      19.61 |MO
HEN264|N90|20250630|620961|104N/GF        |20250623|      56.50 |      1 |      25.42 |MO
HEN264|N90|20250630|620961|106/GF         |20250623|      58.00 |      1 |      26.37 |MO
HEN264|N90|20250630|620961|34E/GF         |20250623|      34.25 |      1 |      14.81 |MO
HEN264|S20|20251231|621484|FAM.RING/STER  |20251210|     144.00 |      1 |      61.76 |PH
HEN264|Z10|20250531|620823|CLAS.SM/STER   |20250522|     115.00 |      1 |      45.03 |PH
HER241|C01|20250131|620331|S17B/10K       |20250109|     489.00-|      1 |     141.19 |MO
HER241|C01|20250131|620331|S510MIN/10K    |20250109|     378.00-|      1 |     112.81 |MO
HER241|C01|20250131|620331|S510XS/10K     |20250109|     452.00-|      1 |     133.67 |MO
HER241|C01|20250228|620447|S15L/10K       |20250226|     619.00 |      1 |     180.80 |MO
HER241|C01|20250228|620447|S510XS/10K     |20250226|     452.00 |      1 |     133.67 |MO
HER241|C01|20250228|620456|N-S18M/10K     |20250227|     670.00 |      1 |     200.14 |MO
HER241|C01|20250228|620456|N-S51DM/10K    |20250227|     841.00 |      1 |     242.25 |MO
HER241|C01|20250228|620456|S15L/10K       |20250227|     619.00 |      1 |     180.80 |MO
HER241|C01|20250228|620456|S17B/10K       |20250227|     489.00 |      1 |     141.19 |MO
HER241|C01|20250228|620456|S510DB/10K     |20250227|     628.00 |      1 |     180.19 |MO
HER241|C01|20250228|620456|S510MIN/10K    |20250227|     378.00 |      1 |     112.81 |MO
HER241|C01|20250228|620456|S510XS/10K     |20250227|    1356.00 |      3 |     401.01 |MO
HER241|C01|20250228|620466|S510MIN/10K    |20250227|     378.00 |      1 |     112.81 |MO
HER241|C01|20250228|620466|S510XS/10K     |20250227|     457.25 |      1 |     133.67 |MO
HER241|C01|20250228|620467|S15L/10K       |20250227|     634.75 |      1 |     180.80 |MO
HER241|C01|20250228|620468|S15L/10K       |20250227|     447.95-|      1 |     180.80 |MO
HER241|C01|20250331|620523|N-S16RDM/10K   |20250319|    1453.00 |      1 |     407.32 |MO
HER241|C01|20250331|620523|N-S18M/10K     |20250319|     670.00 |      1 |     200.14 |MO
HER241|C01|20250331|620523|S510MIN/10K    |20250319|     756.00 |      2 |     225.62 |MO
HER241|C01|20250331|620523|S510XS/10K     |20250319|    1366.50 |      3 |     401.01 |MO
HER241|C01|20250331|620524|S15L/10K       |20250319|     593.75-|      1-|     180.80-|MO
HER241|C01|20250331|620540|S15L/10K       |20250326|     593.75 |      1 |     180.80 |MO
HER241|C01|20250331|620555|N-S14RDM/STER  |20250327|     140.00 |      1 |      73.77 |MO
HER241|C01|20250331|620555|N-S51DM/10K    |20250327|     841.00 |      1 |     242.25 |MO
HER241|C01|20250331|620555|S14M/10K       |20250327|     910.00 |      1 |     258.29 |MO
HER241|C01|20250331|620555|S510MIN/10K    |20250327|     378.00 |      1 |     112.81 |MO
HER241|C01|20250331|620555|S510XS/10K     |20250327|     925.00 |      2 |     267.34 |MO
HER241|C01|20250331|620557|N-S51DM/10K    |20250327|     841.00 |      1 |     242.25 |MO
HER241|C01|20250331|620557|S510XS/10K     |20250327|     452.00 |      1 |     133.67 |MO
HER241|C01|20250430|620576|S510DB/10K     |20250403|     628.00 |      1 |     180.19 |MO
HER241|C01|20250430|620576|S510MIN/10K    |20250403|     388.50 |      1 |     112.81 |MO
HER241|C01|20250430|620576|S510XS/10K     |20250403|    2082.00 |      4 |     534.68 |MO
HER241|C01|20250430|620615|S17B/10K       |20250410|    1567.00 |      3 |     423.57 |MO
HER241|C01|20250430|620615|S510XS/10K     |20250410|     982.00 |      2 |     267.34 |MO
HER241|C01|20250430|620630|N-S18M/10K     |20250416|     728.00 |      1 |     200.14 |MO
HER241|C01|20250430|620630|S15L/10K       |20250416|     619.00 |      1 |     180.80 |MO
HER241|C01|20250430|620630|S510XS/10K     |20250416|    1000.00 |      2 |     267.34 |MO
HER241|C01|20250430|620662|S510DB/10K     |20250424|     684.00 |      1 |     180.19 |MO
HER241|C01|20250531|620718|N-S18M/10K     |20250502|     728.00 |      1 |     200.14 |MO
HER241|C01|20250531|620718|S14M/10K       |20250502|     993.00 |      1 |     258.29 |MO
HER241|C01|20250531|620718|S510MIN/10K    |20250502|     411.00 |      1 |     112.81 |MO
HER241|C01|20250531|620718|S510XS/10K     |20250502|     491.00 |      1 |     133.67 |MO
HER241|C01|20250531|620754|S17B/10K       |20250508|     533.00 |      1 |     141.19 |MO
HER241|C01|20250531|620754|S510XS/10K     |20250508|     491.00 |      1 |     133.67 |MO
HER241|C01|20250531|620771|S510MIN/10K    |20250513|     822.00 |      2 |     225.62 |MO
HER241|C01|20250630|620863|S15L/10K       |20250603|     674.00 |      1 |     180.80 |MO
HER241|C01|20250630|620863|S17B/10K       |20250603|     533.00 |      1 |     141.19 |MO
HER241|C01|20250630|620878|S17B/10K       |20250605|     533.00 |      1 |     141.19 |MO
HER241|C01|20250630|620878|S510MIN/10K    |20250605|     411.00 |      1 |     112.81 |MO
HER241|C01|20250630|620885|S510MIN/10K    |20250605|     411.00-|      1-|     112.81-|MO
HER241|C01|20250630|620886|S510MIN/10K    |20250605|     411.00 |      1 |     112.81 |MO
HER241|C01|20250630|620920|S510MIN/10K    |20250612|    1233.00 |      3 |     338.43 |MO
HER241|C01|20250630|620920|S510XS/10K     |20250612|     533.00 |      1 |     133.67 |MO
HER241|C01|20250630|620991|S17B/10K       |20250625|     533.00 |      1 |     141.19 |MO
HER241|C01|20250630|620991|S510MIN/10K    |20250625|     411.00 |      1 |     112.81 |MO
HER241|C01|20250630|620991|S510XS/10K     |20250625|     491.00 |      1 |     133.67 |MO
HER241|C01|20250731|621036|CJ-R/10K       |20250710|    1546.00 |      1 |     216.08 |MO
HER241|C01|20250731|621036|N-S50DM/10K    |20250710|    1309.00 |      1 |     339.86 |MO
HER241|C01|20250731|621036|S14M/10K       |20250710|     993.00 |      1 |     258.29 |MO
HER241|C01|20250731|621036|S510XS/10K     |20250710|     491.00 |      1 |     133.67 |MO
HER241|C01|20250731|621066|S15L/10K       |20250723|     609.75-|      1-|     180.80-|PH
HER241|C01|20250731|621066|S510DB/10K     |20250723|     618.75-|      1-|     180.19-|PH
HER241|C01|20250731|621066|S510XS/10K     |20250723|     906.30-|      2-|     267.34-|PH
HER241|C01|20250731|621098|N-S18M/10K     |20250731|     728.00 |      1 |     200.14 |MO
HER241|C01|20250731|621098|S14M/10K       |20250731|     993.00 |      1 |     258.29 |MO
HER241|C01|20250731|621098|S510XS/10K     |20250731|     687.00 |      1 |     133.67 |MO
HER241|C01|20250831|621153|S14M/10K       |20250825|     993.00 |      1 |     258.29 |MO
HER241|C01|20250831|621153|S510XS/10K     |20250825|     491.00 |      1 |     133.67 |MO
HER241|C01|20250930|621200|S17B/10K       |20250911|     533.00 |      1 |     141.19 |MO
HER241|C01|20251130|621335|N-S51DM/10K    |20251104|    1032.00 |      1 |     242.25 |MO
HER241|C01|20251130|621335|S15L/10K       |20251104|     756.00 |      1 |     180.80 |MO
HER241|C01|20251130|621335|S17RDB/10K     |20251104|     812.00 |      1 |     191.86 |MO
HER241|C01|20251130|621335|S510XS/10K     |20251104|    3603.00 |      6 |     802.02 |MO
HER241|C01|20251130|621386|N-S14RDM/STER  |20251119|     140.00 |      1 |      73.77 |MO
HER241|C01|20251130|621386|N-S18M/10K     |20251119|     991.00 |      1 |     200.14 |MO
HER241|C01|20251130|621386|S16M/10K       |20251119|    1612.00 |      1 |     311.10 |MO
HER241|C01|20251130|621386|S17B/10K       |20251119|    1196.00 |      2 |     282.38 |MO
HER241|C01|20251130|621386|S510XS/10K     |20251119|     550.00 |      1 |     133.67 |MO
HER241|C01|20251130|621397|S17B/10K       |20251120|     598.00 |      1 |     443.69 |MO
HER241|C01|20251130|621397|S510DB/10K     |20251120|     769.00 |      1 |     573.44 |MO
HER241|C01|20251130|621397|S510MIN/10K    |20251120|     459.00 |      1 |     336.66 |MO
HER241|C01|20251130|621397|S510XS/10K     |20251120|     668.00 |      1 |     405.92 |MO
HER241|C01|20251231|621481|S16M/10K       |20251210|    1612.00 |      1 |     988.70 |MO
HER241|C01|20251231|621481|S510DB/10K     |20251210|     939.00 |      1 |     573.44 |MO
HER241|C01|20251231|621542|S510DB/10K     |20251216|     769.00 |      1 |     573.44 |MO
HER241|C01|20251231|621549|S16M/10K       |20251217|    1612.00-|      1-|     988.70-|PH
HER241|C01|20251231|621549|S510DB/10K     |20251217|     939.00-|      1-|     573.44-|PH
HER241|C01|20251231|621577|S16M/10K       |20251218|    1612.00-|      1-|     988.70-|PH
HER241|C01|20251231|621577|S510DB/10K     |20251218|     769.00-|      1-|     573.44-|PH
HER241|C01|20260228|621654|S510XS/10K     |20260212|     668.00 |      1 |     436.16 |MO
HER241|C01|20260228|621669|S510MIN/10K    |20260219|    2224.00 |      4 |    1446.08 |MO
HER241|C01|20260228|621669|S510XS/10K     |20260219|    1336.00 |      2 |     872.32 |MO
HER241|C01|20260228|621689|N-S180M/10K    |20260225|    1246.00 |      1 |     820.08 |MO
HER241|C01|20260228|621689|S510XS/10K     |20260225|    3340.00 |      5 |    2180.80 |MO
HER241|C01|20260331|621712|N-S180M/10K    |20260305|    1431.00 |      1 |     820.08 |MO
HER241|C01|20260331|621712|S15L/10K       |20260305|    1842.00 |      2 |    1208.58 |MO
HER241|C01|20260331|621712|S17B/10K       |20260305|    1458.00 |      2 |     954.58 |MO
HER241|C01|20260331|621712|S510DB/10K     |20260305|     939.00 |      1 |     617.12 |MO
HER241|C01|20260331|621712|S510MIN/10K    |20260305|    1112.00 |      2 |     723.04 |MO
HER241|C01|20260331|621712|S510XS/10K     |20260305|     668.00 |      1 |     436.16 |MO
HER241|C20|20250228|620447|N-S50DM/STER   |20250226|     157.50 |      1 |      79.82 |MO
HER241|C20|20250228|620456|N-S51DM/STER   |20250227|     129.25 |      1 |      65.17 |MO
HER241|C20|20250228|620456|S510XS/STER    |20250227|     105.75 |      1 |      51.18 |MO
HER241|C20|20250228|620466|N-S50DM/STER   |20250227|     149.50 |      1 |      79.82 |MO
HER241|C20|20250228|620466|S14M/STER      |20250227|     121.25 |      1 |      62.50 |MO
HER241|C20|20250228|620466|S15L/STER      |20250227|     109.00 |      1 |      54.93 |MO
HER241|C20|20250228|620466|S16M/STER      |20250227|     136.00 |      1 |      66.64 |MO
HER241|C20|20250228|620466|S510DB/STER    |20250227|     112.50 |      1 |      57.10 |MO
HER241|C20|20250228|620466|S510MIN/STER   |20250227|     102.00 |      1 |      50.47 |MO
HER241|C20|20250228|620466|S510XS/STER    |20250227|     105.75 |      1 |      51.18 |MO
HER241|C20|20250331|620523|N-S18M/STER    |20250319|     116.50 |      1 |      59.44 |MO
HER241|C20|20250331|620523|N-S51DM/STER   |20250319|     258.50 |      2 |     130.34 |MO
HER241|C20|20250331|620523|S510XS/STER    |20250319|     105.75 |      1 |      51.18 |MO
HER241|C20|20250331|620555|S14M/STER      |20250327|     121.25 |      1 |      62.50 |MO
HER241|C20|20250331|620555|S17B/STER      |20250327|     102.00 |      1 |      50.52 |MO
HER241|C20|20250331|620555|S510MIN/STER   |20250327|     204.00 |      2 |     100.94 |MO
HER241|C20|20250331|620555|S510XS/STER    |20250327|     105.75 |      1 |      51.18 |MO
HER241|C20|20250331|620557|N-S50DM/STER   |20250327|     157.50 |      1 |      79.82 |MO
HER241|C20|20250331|620557|S510MIN/STER   |20250327|     102.00 |      1 |      50.47 |MO
HER241|C20|20250331|620557|S510XS/STER    |20250327|     105.75 |      1 |      51.18 |MO
HER241|C20|20250430|620576|N-S51DM/STER   |20250403|     129.25 |      1 |      65.17 |MO
HER241|C20|20250430|620576|S17B/STER      |20250403|     102.00 |      1 |      50.52 |MO
HER241|C20|20250430|620576|S510XS/STER    |20250403|     211.50 |      2 |     102.36 |MO
HER241|C20|20250430|620615|N-S50DM/STER   |20250410|     149.50 |      1 |      79.82 |MO
HER241|C20|20250430|620615|S510MIN/STER   |20250410|     102.00 |      1 |      50.47 |MO
HER241|C20|20250430|620615|S510XS/STER    |20250410|     105.75 |      1 |      51.18 |MO
HER241|C20|20250430|620630|S510XS/STER    |20250416|     105.75 |      1 |      51.18 |MO
HER241|C20|20250430|620662|N-S51DM/STER   |20250424|     129.25 |      1 |      65.17 |MO
HER241|C20|20250430|620662|S510XS/STER    |20250424|     105.75 |      1 |      51.18 |MO
HER241|C20|20250531|620718|S510MIN/STER   |20250502|     102.00 |      1 |      50.47 |MO
HER241|C20|20250531|620718|S510XS/STER    |20250502|     211.50 |      2 |     102.36 |MO
HER241|C20|20250531|620719|N-S50DM/STER   |20250502|     157.50-|      1-|      79.82-|MO
HER241|C20|20250531|620754|S17B/STER      |20250508|     210.00 |      2 |     101.04 |MO
HER241|C20|20250531|620754|S510XS/STER    |20250508|     105.75 |      1 |      51.18 |MO
HER241|C20|20250531|620771|S510DB/STER    |20250513|     112.50 |      1 |      57.10 |MO
HER241|C20|20250531|620771|S510MIN/STER   |20250513|     231.00 |      2 |     100.94 |MO
HER241|C20|20250531|620771|S510XS/STER    |20250513|     238.50 |      2 |     102.36 |MO
HER241|C20|20250630|620863|N-S51DM/STER   |20250603|     129.25 |      1 |      65.17 |MO
HER241|C20|20250630|620878|S510XS/STER    |20250605|     117.75 |      1 |      51.18 |MO
HER241|C20|20250630|620920|S510XS/STER    |20250612|     211.50 |      2 |     102.36 |MO
HER241|C20|20250630|620945|S17B/STER      |20250618|     102.00 |      1 |      50.52 |MO
HER241|C20|20250630|620945|S510XS/STER    |20250618|     105.75 |      1 |      51.18 |MO
HER241|C20|20250630|620991|S510DB/STER    |20250625|     124.50 |      1 |      57.10 |MO
HER241|C20|20250630|620991|S510XS/STER    |20250625|     317.25 |      3 |     153.54 |MO
HER241|C20|20250630|620993|N-S51DM/STER   |20250625|     129.25 |      1 |      65.17 |MO
HER241|C20|20250731|621036|N-S51DM/STER   |20250710|     258.50 |      2 |     130.34 |MO
HER241|C20|20250731|621036|S14M/STER      |20250710|     121.25 |      1 |      62.50 |MO
HER241|C20|20250731|621036|S510XS/STER    |20250710|     105.75 |      1 |      51.18 |MO
HER241|C20|20250731|621066|S17B/STER      |20250723|      94.95-|      1-|      50.52-|PH
HER241|C20|20250731|621066|S510XS/STER    |20250723|     193.45-|      2-|     102.36-|PH
HER241|C20|20250731|621098|S16M/STER      |20250731|     128.00 |      1 |      66.64 |MO
HER241|C20|20250731|621098|S510DB/STER    |20250731|     130.50 |      1 |      57.10 |MO
HER241|C20|20250731|621098|S510XS/STER    |20250731|     105.75 |      1 |      51.18 |MO
HER241|C20|20250831|621130|S510XS/STER    |20250814|      98.32-|      1-|      51.18-|MO
HER241|C20|20250831|621153|S510MIN/STER   |20250825|     102.00 |      1 |      50.47 |MO
HER241|C20|20250831|621167|S510DB/STER    |20250828|     133.50 |      1 |      57.10 |MO
HER241|C20|20250930|621179|S510DB/STER    |20250904|     133.50-|      1-|      57.10-|MO
HER241|C20|20250930|621200|S510DB/STER    |20250911|     112.50 |      1 |      57.10 |MO
HER241|C20|20251031|621251|S17B/STER      |20251008|     102.00-|      1-|      50.52-|MO
HER241|C20|20251031|621266|S510MIN/STER   |20251014|     105.00 |      1 |      50.47 |MO
HER241|C20|20251130|621335|N-S51DM/STER   |20251104|     258.50 |      2 |     130.34 |MO
HER241|C20|20251130|621335|S510MIN/STER   |20251104|     102.00 |      1 |      50.47 |MO
HER241|C20|20251130|621335|S510XS/STER    |20251104|     105.75 |      1 |      51.18 |MO
HER241|C20|20251130|621386|S15L/STER      |20251119|     130.00 |      1 |      54.93 |MO
HER241|C20|20251130|621386|S510MIN/STER   |20251119|     204.00 |      2 |     100.94 |MO
HER241|C20|20251130|621386|S510XS/STER    |20251119|     211.50 |      2 |     102.36 |MO
HER241|C20|20251130|621397|S16M/STER      |20251120|     128.00 |      1 |      66.64 |MO
HER241|C20|20251130|621397|S510MIN/STER   |20251120|     102.00 |      1 |      50.47 |MO
HER241|C20|20251130|621397|S510XS/STER    |20251120|     246.50 |      2 |     102.36 |MO
HER241|C20|20251231|621440|S17RDB/STER    |20251203|     119.50 |      1 |      61.41 |MO
HER241|C20|20251231|621440|S510MIN/STER   |20251203|     204.00 |      2 |     100.94 |MO
HER241|C20|20251231|621440|S510XS/STER    |20251203|     105.75 |      1 |      51.18 |MO
HER241|C20|20251231|621481|S17B/STER      |20251210|     102.00 |      1 |      50.52 |MO
HER241|C20|20251231|621481|S510MIN/STER   |20251210|     102.00 |      1 |      50.47 |MO
HER241|C20|20251231|621523|N-S16RDM/STER  |20251215|     167.00 |      1 |      90.67 |MO
HER241|C20|20251231|621523|S510MIN/STER   |20251215|     102.00 |      1 |      50.47 |MO
HER241|C20|20251231|621542|S510XS/STER    |20251216|     105.75 |      1 |      51.18 |MO
HER241|C20|20260131|621583|S510MIN/STER   |20260113|     102.00-|      1-|      50.47-|MO
HER241|C20|20260228|621654|N-S50DM/STER   |20260212|     149.50 |      1 |      99.86 |MO
HER241|C20|20260228|621654|S510MIN/STER   |20260212|     204.00 |      2 |     111.42 |MO
HER241|C20|20260228|621654|S510XS/STER    |20260212|     211.50 |      2 |     115.40 |MO
HER241|C20|20260228|621689|S14M/STER      |20260225|     121.00 |      1 |      77.62 |MO
HER241|C20|20260228|621689|S16M/STER      |20260225|     128.00 |      1 |      84.26 |MO
HER241|C20|20260228|621689|S510MIN/STER   |20260225|     207.75 |      2 |     111.42 |MO
HER241|C20|20260228|621689|S510XS/STER    |20260225|     317.25 |      3 |     173.10 |MO
HER241|C20|20260331|621712|N-S18M/STER    |20260305|     133.50 |      1 |      70.00 |MO
HER241|C20|20260331|621712|N-S51DM/STER   |20260305|     281.25 |      2 |     157.94 |MO
HER241|C20|20260331|621712|S510DB/STER    |20260305|     127.50 |      1 |      66.24 |MO
HER241|C20|20260331|621712|S510MIN/STER   |20260305|     306.00 |      3 |     167.13 |MO
HER241|C20|20260331|621712|S510XS/STER    |20260305|     540.00 |      5 |     288.50 |MO
HER241|C60|20250531|620754|CJ-P/10K       |20250508|    1430.00 |     10 |       0.00 |MO
HER241|C60|20250731|621066|CJ-P/10K       |20250723|     128.70-|      1-|       0.00 |PH
HER241|C60|20251130|621386|CJ-P/10K       |20251119|     870.00 |      5 |       0.00 |MO
HER241|C80|20250531|620754|CJ-P/STER      |20250508|    1453.00 |     41 |     541.20 |MO
HER241|C80|20250930|621200|CJ-P/STER      |20250911|    1084.00 |     32 |     422.40 |MO
HER241|C80|20251130|621335|S180LP/STER    |20251104|     483.75 |     15 |     158.40 |MO
HER241|D60|20250731|621037|DIE-CHARGE     |20250710|     100.00 |      1 |       0.00 |MO
HER241|E40|20250131|620331|ENGRAVING      |20250109|       7.00-|      2 |       0.00 |MO
HER241|E40|20250228|620447|ENGRAVING      |20250226|       7.00 |      2 |       0.00 |MO
HER241|E40|20250228|620456|ENGRAVING      |20250227|      38.50 |     11 |       0.00 |MO
HER241|E40|20250228|620466|ENGRAVING      |20250227|      31.50 |      9 |       0.00 |MO
HER241|E40|20250228|620467|ENGRAVING      |20250227|       3.50 |      1 |       0.00 |MO
HER241|E40|20250331|620523|ENGRAVING      |20250319|      38.50 |     11 |       0.00 |MO
HER241|E40|20250331|620524|ENGRAVING      |20250319|       3.50-|      1-|       0.00 |MO
HER241|E40|20250331|620540|ENGRAVING      |20250326|       3.50 |      1 |       0.00 |MO
HER241|E40|20250331|620555|ENGRAVING      |20250327|      35.00 |     10 |       0.00 |MO
HER241|E40|20250331|620557|ENGRAVING      |20250327|      17.50 |      5 |       0.00 |MO
HER241|E40|20250430|620576|ENGRAVING      |20250403|      24.50 |      7 |       0.00 |MO
HER241|E40|20250430|620615|ENGRAVING      |20250410|      28.00 |      8 |       0.00 |MO
HER241|E40|20250430|620630|ENGRAVING      |20250416|      17.50 |      5 |       0.00 |MO
HER241|E40|20250430|620662|ENGRAVING      |20250424|      10.50 |      3 |       0.00 |MO
HER241|E40|20250531|620718|ENGRAVING      |20250502|      24.50 |      7 |       0.00 |MO
HER241|E40|20250531|620719|ENGRAVING      |20250502|       3.50-|      1-|       0.00 |MO
HER241|E40|20250531|620754|ENGRAVING      |20250508|      10.50 |      3 |       0.00 |MO
HER241|E40|20250531|620771|ENGRAVING      |20250513|      17.50 |      5 |       0.00 |MO
HER241|E40|20250630|620863|ENGRAVING      |20250603|      10.50 |      3 |       0.00 |MO
HER241|E40|20250630|620878|ENGRAVING      |20250605|      10.50 |      3 |       0.00 |MO
HER241|E40|20250630|620885|ENGRAVING      |20250605|       3.50-|      1-|       0.00 |MO
HER241|E40|20250630|620886|ENGRAVING      |20250605|       3.50 |      1 |       0.00 |MO
HER241|E40|20250630|620920|ENGRAVING      |20250612|      21.00 |      6 |       0.00 |MO
HER241|E40|20250630|620945|ENGRAVING      |20250618|       7.00 |      2 |       0.00 |MO
HER241|E40|20250630|620991|ENGRAVING      |20250625|      24.50 |      7 |       0.00 |MO
HER241|E40|20250731|621036|ENGRAVING      |20250710|      24.50 |      7 |       0.00 |MO
HER241|E40|20250731|621098|ENGRAVING      |20250731|      21.00 |      6 |       0.00 |MO
HER241|E40|20250831|621153|ENGRAVING      |20250825|      10.50 |      3 |       0.00 |MO
HER241|E40|20250831|621167|ENGRAVING      |20250828|       3.50 |      1 |       0.00 |MO
HER241|E40|20250930|621179|ENGRAVING      |20250904|       3.50-|      1-|       0.00 |MO
HER241|E40|20250930|621200|ENGRAVING      |20250911|       7.00 |      2 |       0.00 |MO
HER241|E40|20251031|621251|ENGRAVING      |20251008|       3.50-|      1-|       0.00 |MO
HER241|E40|20251031|621266|ENGRAVING      |20251014|       3.50 |      1 |       0.00 |MO
HER241|E40|20251130|621335|ENGRAVING      |20251104|      35.00 |     10 |       0.00 |MO
HER241|E40|20251130|621386|ENGRAVING      |20251119|      38.50 |     11 |       0.00 |MO
HER241|E40|20251130|621397|ENGRAVING      |20251120|      28.00 |      8 |       0.00 |MO
HER241|E40|20251231|621440|ENGRAVING      |20251203|      14.00 |      4 |       0.00 |MO
HER241|E40|20251231|621481|ENGRAVING      |20251210|      14.00 |      4 |       0.00 |MO
HER241|E40|20251231|621523|ENGRAVING      |20251215|       7.00 |      2 |       0.00 |MO
HER241|E40|20251231|621542|ENGRAVING      |20251216|       7.00 |      2 |       0.00 |MO
HER241|E40|20251231|621549|ENGRAVING      |20251217|       7.00-|      2-|       0.00 |PH
HER241|E40|20251231|621577|ENGRAVING      |20251218|       7.00-|      2-|       0.00 |PH
HER241|E40|20260131|621583|ENGRAVING      |20260113|       3.50-|      1-|       0.00 |MO
HER241|E40|20260228|621654|ENGRAVING      |20260212|      21.00 |      6 |       0.00 |MO
HER241|E40|20260228|621669|ENGRAVING      |20260219|      17.50 |      5 |       0.00 |MO
HER241|E40|20260228|621689|ENGRAVING      |20260225|      42.00 |     12 |       0.00 |MO
HER241|E40|20260331|621712|ENGRAVING      |20260305|      70.00 |     20 |       0.00 |MO
HER241|F01|20250731|621099|F2520/10K      |20250731|     303.00 |      1 |      69.60 |MO
HER241|J30|20250630|620879|BR4/STERB      |20250605|     106.00 |      2 |      46.68 |MO
HER241|M11|20250930|621200|EMRBRO1        |20250911|       0.00 |      1 |       0.00 |MO
HER241|N30|20250630|620883|14F---50/GF    |20250605|      28.00 |      2 |      10.94 |MO
HER241|N30|20250630|620883|14F---55/GF    |20250605|      47.25 |      3 |      18.15 |MO
HER241|N50|20250228|620447|21/STERB       |20250226|      53.50 |      1 |      22.95 |MO
HER241|Q01|20250430|620662|C31H/10K       |20250424|     463.50 |      1 |      83.96 |MO
HER241|R10|20250331|620558|REPAIRS        |20250327|      30.00 |      2 |       0.00 |RP
HER241|R10|20250831|621153|REPAIRS        |20250825|       9.50 |      2 |       0.00 |MO
HER241|R10|20251231|621440|REPAIRS        |20251203|       0.00 |      1 |       0.00 |MO
HER241|R10|20251231|621542|REPAIRS        |20251216|       0.00 |      2 |       0.00 |MO
HER241|R10|20260331|621713|REPAIRS        |20260305|      25.00 |      1 |       0.00 |RP
HER241|U01|20250630|620991|LPN301B/10K    |20250625|     525.00 |      1 |     130.23 |MO
HIL244|D60|20250331|620473|DIE-CHARGE     |20250306|     100.00 |      1 |       0.00 |MO
HIL244|F01|20251231|621448|F140/10K       |20251203|     625.00 |      1 |     366.06 |MO
HIL244|Z01|20250331|620472|CLAS.PET/10K   |20250306|     439.25 |      1 |     128.59 |MO
HIL244|Z10|20251231|621564|SR105DB/STER   |20251218|     110.75 |      1 |      55.96 |MO
HIL244|Z10|20251231|621564|SR91B/STER     |20251218|      97.75 |      1 |      47.93 |MO
HOG200|C01|20250331|620556|S510DB/10K     |20250327|    1755.00 |      3 |     540.57 |MO
HOG200|C01|20250331|620556|S510MIN/10K    |20250327|    1093.50 |      3 |     338.43 |MO
HOG200|C01|20250331|620556|S510XS/10K     |20250327|    2115.00 |      5 |     668.35 |MO
HOG200|C01|20250430|620570|S510XS/10K     |20250401|     846.00 |      2 |     267.34 |MO
HOG200|C01|20250430|620570|S51DL/10K      |20250401|     902.00 |      1 |     270.10 |MO
HOG200|C01|20250430|620570|S51DM/10K      |20250401|     937.00 |      1 |     285.98 |MO
HOG200|C01|20250430|620645|S510DB/10K     |20250417|     585.00-|      1-|     180.19-|MO
HOG200|C01|20250430|620645|S510XS/10K     |20250417|     423.00 |      1 |     133.67 |MO
HOG200|C01|20250531|620700|S50DM/10K      |20250501|    1229.00 |      1 |     367.31 |MO
HOG200|C01|20250531|620700|S510DB/10K     |20250501|     585.00 |      1 |     180.19 |MO
HOG200|C01|20250531|620700|S510MIN/10K    |20250501|    2514.00 |      7 |     789.67 |MO
HOG200|C01|20250531|620700|S510XS/10K     |20250501|    1755.00 |      4 |     534.68 |MO
HOG200|C01|20250531|620700|S51DL/10K      |20250501|     902.00 |      1 |     270.10 |MO
HOG200|C01|20250630|620990|S510DB/10K     |20250625|     732.00 |      1 |     180.19 |MO
HOG200|C01|20250630|620990|S510MIN/10K    |20250625|     617.00 |      1 |     112.81 |MO
HOG200|C01|20250630|620990|S510XS/10K     |20250625|     527.00 |      1 |     133.67 |MO
HOG200|C01|20251130|621333|S50DM/10K      |20251104|    3678.00 |      2 |     734.62 |MO
HOG200|C01|20251130|621333|S510DB/10K     |20251104|     769.00 |      1 |     180.19 |MO
HOG200|C01|20251130|621333|S510MIN/10K    |20251104|    1768.00 |      4 |     451.24 |MO
HOG200|C01|20251130|621333|S510XS/10K     |20251104|    1142.00 |      2 |     267.34 |MO
HOG200|C01|20251130|621423|S510DB/10K     |20251127|    4628.00 |      6 |    3440.64 |MO
HOG200|C01|20251130|621423|S510MIN/10K    |20251127|    4590.00 |     10 |    3366.60 |MO
HOG200|C01|20251130|621423|S510XS/10K     |20251127|    2200.00 |      4 |    1623.68 |MO
HOG200|C01|20251231|621540|S51DM/10K      |20251216|     151.00 |      1 |     929.70 |PH
HOG200|C20|20250331|620556|S510DB/STER    |20250327|     112.50 |      1 |      57.10 |MO
HOG200|C20|20250331|620556|S510MIN/STER   |20250327|     816.00 |      8 |     403.76 |MO
HOG200|C20|20250331|620556|S510XS/STER    |20250327|     323.25 |      3 |     153.54 |MO
HOG200|C20|20250331|620556|S51DL/STER     |20250327|     127.50 |      1 |      66.23 |MO
HOG200|C20|20250331|620556|S51DM/STER     |20250327|     132.50 |      1 |      69.34 |MO
HOG200|C20|20250430|620570|S510DB/STER    |20250401|     112.50 |      1 |      57.10 |MO
HOG200|C20|20250430|620570|S51DL/STER     |20250401|     139.50 |      1 |      66.23 |MO
HOG200|C20|20250531|620700|S510MIN/STER   |20250501|     102.00 |      1 |      50.47 |MO
HOG200|C20|20250531|620700|S510XS/STER    |20250501|     105.75 |      1 |      51.18 |MO
HOG200|C20|20250531|620700|S51DL/STER     |20250501|     133.50 |      1 |      66.23 |MO
HOG200|C20|20250630|620963|S51DL/STER     |20250623|     139.50 |      1 |      66.23 |RP
HOG200|C20|20250630|620990|S50DM/STER     |20250625|     144.50 |      1 |      76.80 |MO
HOG200|C20|20250630|620990|S510XS/STER    |20250625|     105.75 |      1 |      51.18 |MO
HOG200|C20|20251031|621282|S51DM/STER     |20251016|     106.00 |      1 |      69.34 |MO
HOG200|C20|20251130|621333|S510DB/STER    |20251104|     112.50 |      1 |      57.10 |MO
HOG200|C20|20251130|621333|S510MIN/STER   |20251104|     306.00 |      3 |     151.41 |MO
HOG200|C20|20251130|621376|S50DM/STER     |20251117|     289.00 |      2 |     153.60 |MO
HOG200|C20|20251130|621376|S510DB/STER    |20251117|     225.00 |      2 |     114.20 |MO
HOG200|C20|20251130|621376|S510XS/STER    |20251117|     331.25 |      3 |     153.54 |MO
HOG200|C20|20251130|621376|S51DM/STER     |20251117|     132.50 |      1 |      69.34 |MO
HOG200|C20|20251130|621423|S510DB/STER    |20251127|     112.50 |      1 |      57.10 |MO
HOG200|C20|20251130|621423|S510MIN/STER   |20251127|     306.00 |      3 |     151.41 |MO
HOG200|C20|20251130|621423|S510XS/STER    |20251127|     211.50 |      2 |     102.36 |MO
HOG200|C20|20251130|621423|S51DL/STER     |20251127|     127.50 |      1 |      66.23 |MO
HOG200|C20|20251231|621465|S51DM/STER     |20251204|     106.00-|      1-|      69.34-|MO
HOG200|C20|20251231|621503|S510DB/STER    |20251210|     112.50 |      1 |      57.10 |MO
HOG200|C20|20260228|621655|S510DB/STER    |20260212|     112.50 |      1 |      66.24 |MO
HOG200|C60|20250531|620700|CJ-P/10K       |20250501|      86.00 |      1 |       0.00 |MO
HOG200|C60|20251130|621423|CJ-P/10K       |20251127|     342.00 |      3 |       0.00 |MO
HOG200|C80|20250331|620556|CJ-P/STER      |20250327|      76.00 |      2 |      26.40 |MO
HOG200|C80|20251130|621333|CJ-P/STER      |20251104|      41.00 |      1 |      13.20 |MO
HOG200|E40|20250331|620556|ENGRAVING      |20250327|      84.00 |     24 |       0.00 |MO
HOG200|E40|20250331|620556|ENGRAVING      |20250327|      14.00 |      2 |       0.00 |MO
HOG200|E40|20250430|620570|ENGRAVING      |20250401|      21.00 |      6 |       0.00 |MO
HOG200|E40|20250531|620700|ENGRAVING      |20250501|      59.50 |     17 |       0.00 |MO
HOG200|E40|20250531|620700|ENGRAVING      |20250501|       7.00 |      1 |       0.00 |MO
HOG200|E40|20250630|620963|ENGRAVING      |20250623|       3.50 |      1 |       0.00 |RP
HOG200|E40|20250630|620990|ENGRAVING      |20250625|      17.50 |      5 |       0.00 |MO
HOG200|E40|20251031|621282|ENGRAVING      |20251016|       3.50 |      1 |       0.00 |MO
HOG200|E40|20251130|621333|ENGRAVING      |20251104|      35.00 |     10 |       0.00 |MO
HOG200|E40|20251130|621333|ENGRAVING      |20251104|      10.00 |      1 |       0.00 |MO
HOG200|E40|20251130|621376|ENGRAVING      |20251117|       7.00 |      2 |       0.00 |MO
HOG200|E40|20251130|621423|ENGRAVING      |20251127|     109.50 |     29 |       0.00 |MO
HOG200|E40|20251130|621423|ENGRAVING      |20251127|      10.00 |      1 |       0.00 |MO
HOG200|E40|20251231|621465|ENGRAVING      |20251204|       3.50-|      1-|       0.00 |MO
HOG200|E40|20251231|621503|ENGRAVING      |20251210|       3.50 |      1 |       0.00 |MO
HOG200|E40|20251231|621540|ENGRAVING      |20251216|       3.50 |      1 |       0.00 |PH
HOG200|E40|20260228|621655|ENGRAVING      |20260212|       3.50 |      1 |       0.00 |MO
HOG200|R10|20250131|620385|REPAIRS        |20250130|      25.00 |      1 |       0.00 |RP
HOG200|R10|20250228|620418|REPAIRS        |20250212|       0.00 |      1 |       0.00 |RP
HOG200|R10|20250331|620481|REPAIRS        |20250310|      25.00-|      1 |       0.00 |MO
HOG200|R10|20250531|620700|REPAIRS        |20250501|       0.00 |      1 |       0.00 |MO
HOG200|R10|20250630|620963|REPAIRS        |20250623|       0.00 |      1 |       0.00 |RP
HOG200|R10|20250630|620975|REPAIRS        |20250624|      35.00 |      1 |       0.00 |RP
HOG200|R10|20260228|621668|REPAIRS        |20260219|     126.00 |      6 |       0.00 |PH
HOO250|C20|20250930|621180|SA12M/STER     |20250904|    1720.50 |      7 |     930.65 |PH
HOO250|E40|20250930|621180|ENGRAVING      |20250904|      45.50 |      7 |       0.00 |PH
HOO250|J30|20260131|621612|BR4/STERB      |20260129|      53.00 |      1 |      35.55 |PH
HOO250|J30|20260131|621612|BR5/STERB      |20260129|      53.00 |      1 |      35.55 |PH
HOO250|J30|20260131|621612|BR6/STERB      |20260129|      53.00 |      1 |      35.55 |PH
HOO250|J40|20260131|621612|BR4/GFB        |20260129|      53.00 |      1 |      35.55 |PH
HOO250|J40|20260131|621612|BR5/GFB        |20260129|      53.00 |      1 |      35.55 |PH
HOO250|J40|20260131|621612|BR6/GFB        |20260129|      53.00 |      1 |      35.55 |PH
HOO250|M11|20250228|620421|SCHBRO1        |20250213|       0.00 |      1 |       0.00 |PH
HOO250|N50|20250731|621043|70/STERB       |20250717|      78.00 |      1 |      34.73 |MO
HOO250|N50|20250731|621043|T70A/STERB     |20250717|      78.00 |      1 |      34.73 |MO
HOO250|N50|20251031|621253|70NB/STER      |20251008|      87.50 |      1 |      40.36 |PH
HOO250|N50|20251031|621253|7E/STER        |20251008|      80.50 |      1 |      36.23 |PH
HOO250|N50|20251031|621253|7ND/GF         |20251008|      87.50 |      1 |      40.43 |PH
HOO250|N50|20251031|621253|7NH/STER       |20251008|      87.50 |      1 |      40.36 |PH
HOO250|N50|20251031|621253|8/STER         |20251008|      80.50 |      1 |      36.23 |PH
HOO250|N50|20251031|621253|S10B/STER      |20251008|      58.00 |      1 |      25.73 |PH
HOO250|N50|20251031|621253|S13C/STER      |20251008|      58.00 |      1 |      25.73 |PH
HOO250|N50|20251031|621253|SM3/STER       |20251008|      58.00 |      1 |      25.72 |PH
HOO250|N50|20251031|621253|T8R/STER       |20251008|      80.50 |      1 |      36.23 |PH
HOO250|N50|20251231|621468|70NB/STER      |20251208|     437.50 |      5 |     201.80 |PH
HOO250|N60|20251031|621253|4/GF           |20251008|     102.00 |      1 |      49.00 |PH
HOO250|N60|20251031|621253|70B/GF         |20251008|      80.50 |      1 |      36.29 |PH
HOO250|N60|20251031|621253|70NB/GF        |20251008|      87.50 |      1 |      40.43 |PH
HOO250|N60|20251031|621253|M2/GF          |20251008|      55.75 |      1 |      24.40 |PH
HOO250|N60|20251031|621253|S10/GF         |20251008|      55.75 |      1 |      24.35 |PH
HOO250|N60|20251031|621253|S14B/GF        |20251008|      55.75 |      1 |      24.40 |PH
HOO250|N60|20251031|621253|T8RB/GF        |20251008|      80.50 |      1 |      36.29 |PH
HOO250|N80|20260131|621612|100/STER       |20260129|      50.75 |      1 |      21.92 |PH
HOO250|N80|20260131|621612|102/STER       |20260129|      53.25 |      1 |      23.44 |PH
HOO250|N80|20260131|621612|30/STER        |20260129|      32.00 |      1 |      13.51 |PH
HOO250|N90|20260131|621612|27/GF          |20260129|      33.50 |      1 |      14.28 |PH
HOO250|N90|20260131|621612|97/GF          |20260129|      34.75 |      1 |      15.14 |PH
HOO250|N90|20260131|621612|98/GF          |20260129|      34.75 |      1 |      15.14 |PH
HOO250|Q30|20250430|620664|C127/STER      |20250424|      27.50 |      1 |      10.65 |MO
HOO250|Q30|20250430|620664|C129/STER      |20250424|      26.25 |      1 |       9.88 |MO
HOO250|Q30|20250430|620664|C156/STER      |20250424|      46.25 |      1 |      19.20 |MO
HOO250|Q30|20250430|620664|C23/STER       |20250424|      30.00 |      1 |      12.30 |MO
HOO250|Q30|20250430|620664|C25/STER       |20250424|      30.00 |      1 |      12.33 |MO
HOO250|Q30|20250430|620664|C26/STER       |20250424|      30.00 |      1 |      12.38 |MO
HOO250|Q30|20250430|620664|C50/STER       |20250424|      40.00 |      1 |      15.38 |MO
HOO250|Q30|20250430|620664|CM17/STER      |20250424|      71.25 |      1 |      31.53 |MO
HOO250|Q30|20250430|620664|CS10/STER      |20250424|      41.25 |      1 |      16.16 |MO
HOO250|Q30|20251031|621287|CS10/STER      |20251020|      92.00 |      2 |      32.32 |PH
HOO250|R10|20250831|621124|REPAIRS        |20250814|      25.00 |      1 |       0.00 |RP
HUX255|E40|20250831|621122|ENGRAVING      |20250813|       6.50 |      1 |       0.00 |MO
HUX255|W01|20250228|620415|6T18M/10KY     |20250211|     628.75 |      1 |     169.39 |MO
HUX255|W01|20250831|621158|400TM/10KY     |20250827|     590.25 |      1 |     133.93 |MO
HUX255|W01|20250930|621190|3T18M/10KY     |20250910|     448.00 |      1 |      97.68 |MO
HUX255|W01|20251130|621411|5T00RM/10KY    |20251126|     911.50 |      1 |     544.02 |PH
HUX255|W01|20251231|621464|5T00RM/10KW    |20251204|     911.50 |      1 |     544.02 |PH
HUX255|W01|20251231|621506|5T00RM/10KY    |20251211|     911.50-|      1-|     544.02-|MO
HUX255|W40|20250228|620414|7T18M/14K      |20250211|    1126.50 |      1 |     295.51 |PH
HUX255|W40|20250331|620543|4T18L/14K      |20250326|     684.25 |      1 |     161.51 |MO
HUX255|W40|20251231|621519|4T00RL/14K     |20251215|     913.50 |      1 |     557.59 |MO
HUX255|W70|20250331|620506|DF7T01M/10KTT  |20250318|     934.50 |      1 |     233.74 |PH
HUX255|X50|20250831|621122|AL6/10K        |20250813|     812.00 |      1 |     178.74 |MO
IND220|C01|20250331|620480|SM54M/10K      |20250310|   39150.00 |     25 |   11876.75 |MO
IND220|W80|20251130|621371|SB5412L/10K    |20251113|    1077.00 |      1 |     207.10 |MO
ING375|E40|20250131|620388|ENGRAVING      |20250131|       3.50 |      1 |       0.00 |PH
ING375|E40|20250531|620704|ENGRAVING      |20250501|       7.00 |      2 |       0.00 |PH
ING375|E40|20250630|621009|ENGRAVING      |20250626|       3.50 |      1 |       0.00 |PH
ING375|E40|20251130|621394|ENGRAVING      |20251120|       3.50 |      1 |       0.00 |PH
ING375|R10|20250331|620500|REPAIRS        |20250313|       0.00 |      1 |       0.00 |RP
ING375|U20|20250131|620350|LPN301B/STER   |20250117|      86.00 |      1 |      39.39 |PH
ING375|U20|20250131|620388|LPN301B/STER   |20250131|      86.00 |      1 |      39.39 |PH
ING375|U20|20250531|620704|LPN301B/STER   |20250501|     172.00 |      2 |      78.78 |PH
ING375|U20|20250630|621009|LPN301B/STER   |20250626|      86.00 |      1 |      39.39 |PH
ING375|U20|20251031|621302|CCA301B/STER   |20251023|      86.00 |      1 |      39.39 |PH
ING375|U20|20251130|621394|CCA301B/STER   |20251120|      86.00 |      1 |      39.39 |PH
ING375|Z10|20250630|621018|SR27DB/STER    |20250626|      94.75 |      1 |      46.01 |PH
ING376|C60|20251231|621518|CJ1409/10K     |20251215|     222.00 |      1 |     130.58 |PH
ING376|E40|20250831|621127|ENGRAVING      |20250814|       3.50 |      1 |       0.00 |PH
ING376|E40|20250930|621207|ENGRAVING      |20250911|       0.00 |      1 |       0.00 |RP
ING376|M11|20260228|621629|EMRBRO1        |20260204|       0.00 |      1 |       0.00 |MO
ING376|M11|20260228|621629|SCHBRO1        |20260204|       0.00 |      1 |       0.00 |MO
ING376|Z10|20250630|620978|SR27DB/STER    |20250624|      94.75 |      1 |      46.01 |PH
ING376|Z10|20250630|621017|SR27DB/STER    |20250626|      94.75-|      1-|      46.01-|PH
ING376|Z10|20250731|621025|SR105DB/STER   |20250710|     110.75 |      1 |      55.96 |PH
ING376|Z30|20250831|621127|CLAS.LG/STER   |20250814|     136.00 |      1 |      65.40 |PH
ING376|Z30|20250930|621207|CLAS.LG/STER   |20250911|       0.00 |      1 |      65.40 |RP
ING378|C20|20250430|620642|S20L/STER      |20250417|      95.00 |      1 |      43.54 |MO
ING378|U20|20250731|621026|CCA301B/STER   |20250710|      86.00 |      1 |      39.39 |MO
ING378|W80|20250430|620643|5454L/10K      |20250417|     778.75 |      1 |     198.49 |MO
ING378|W95|20250531|620712|WEDD/STER      |20250501|     234.00 |      2 |      43.00 |MO
ING380|D60|20250930|621206|DIE-CHARGE     |20250911|     100.00 |      1 |       0.00 |MO
ING380|Z10|20250930|621205|CLAS.PET/STER  |20250911|      92.00 |      1 |      44.40 |MO
IRE259|E40|20250930|621232|ENGRAVING      |20250924|       3.50 |      1 |       0.00 |PH
IRE259|W01|20250630|621001|3T18L/10KY     |20250626|     379.50 |      1 |      86.28 |MO
IRE259|W01|20250930|621232|5T18L/10KY     |20250924|     557.25 |      1 |     120.44 |PH
ISL100|Z10|20250731|621081|CLAS.PET/STER  |20250728|      92.00 |      1 |      44.40 |MO
JEW260|C90|20250331|620550|CJ-P/ALLOY     |20250327|     137.00 |      6 |      36.90 |MO
JEW260|D60|20250331|620551|DIE-CHARGE     |20250327|     285.00 |      1 |       0.00 |MO
JEW260|F05|20251231|621450|1879/10K       |20251203|     310.00 |      1 |     191.59 |PH
JEW271|W01|20250228|620422|700TL/10KY     |20250213|     708.50 |      1 |     190.56 |PH
JEW271|W01|20250228|620448|300TM/10KY     |20250226|     442.50 |      1 |     113.14 |MO
JEW278|C01|20250531|620725|S171B/10K      |20250506|     438.00 |      1 |     103.38 |MO
JEW278|C01|20250731|621031|S171B/10K      |20250710|     414.00 |      1 |     103.38 |MO
JEW278|C01|20251031|621280|SA8M/10K       |20251016|    3326.00 |      2 |     719.18 |MO
JEW278|C01|20251130|621384|S330B/10K      |20251118|     690.25 |      1 |     130.23 |MO
JEW278|C01|20260228|621648|S171B/10K      |20260212|     793.00 |      1 |     338.65 |MO
JEW278|C20|20250331|620509|S151M/STER     |20250318|      84.00 |      1 |      39.47 |MO
JEW278|C20|20250331|620509|S6M/STER       |20250318|     126.00 |      1 |      65.40 |MO
JEW278|C20|20260331|621702|S195L/STER     |20260302|     116.25 |      1 |      59.30 |MO
JEW278|E40|20250331|620509|ENGRAVING      |20250318|       7.00 |      2 |       0.00 |MO
JEW278|E40|20250531|620725|ENGRAVING      |20250506|       3.50 |      1 |       0.00 |MO
JEW278|E40|20250531|620725|ENGRAVING      |20250506|       3.50 |      1 |       0.00 |MO
JEW278|E40|20250630|620954|ENGRAVING      |20250623|       3.50 |      1 |       0.00 |PH
JEW278|E40|20251031|621280|ENGRAVING      |20251016|       7.00 |      2 |       0.00 |MO
JEW278|E40|20251130|621384|ENGRAVING      |20251118|       3.50 |      1 |       0.00 |MO
JEW278|E40|20260228|621648|ENGRAVING      |20260212|       3.50 |      1 |       0.00 |MO
JEW278|E40|20260331|621702|ENGRAVING      |20260302|       3.50 |      1 |       0.00 |MO
JEW278|F01|20251231|621449|F2543/10K      |20251203|     752.00 |      1 |     354.33 |MO
JEW278|M11|20250531|620725|SCHBRO1        |20250506|       0.00 |      1 |       0.00 |MO
JEW278|S20|20250531|620843|DAUGHTERS/STER |20250529|     112.75 |      1 |      30.61 |MO
JEW278|S20|20250630|620954|FAM.RING/STER  |20250623|      86.75 |      1 |      61.76 |PH
JEW278|S20|20250731|621094|DAUGHTERS/STER |20250731|      81.25 |      1 |      30.61 |PH
JEW278|S20|20250731|621094|FAM.RING/STER  |20250731|     154.00 |      1 |      61.76 |PH
JEW278|S20|20251031|621281|FAM.RING/STER  |20251016|     183.00 |      1 |      61.76 |MO
JEW278|U01|20250131|620354|LPN301B/10K    |20250117|     379.50 |      1 |     130.23 |MO
JEW278|U01|20250531|620843|LPN301B/10K    |20250529|     525.00 |      1 |     130.23 |MO
JEW278|U20|20250531|620725|LPN301B/STER   |20250506|      86.00 |      1 |      39.39 |MO
JEW278|U20|20250531|620843|LPN301B/STER   |20250529|      86.00 |      1 |      39.39 |MO
JEW278|U20|20250630|620954|LPN31M/STER    |20250623|      99.25 |      1 |      47.21 |PH
JEW278|U20|20251231|621497|LPN31M/STER    |20251210|      99.25 |      1 |      47.21 |MO
JEW278|Z10|20250630|620954|SR15DB/STER    |20250623|      86.00 |      1 |      40.67 |PH
JEW278|Z30|20251031|621297|CLAS.LG/STER   |20251023|     136.00 |      1 |      65.40 |MO
JEW330|C80|20251130|621346|CJ1462/STER    |20251106|     395.00 |     11 |     116.11 |PH
JEW330|E20|20251130|621332|EH2/10K        |20251104|     243.25 |      1 |      63.99 |PH
JEW333|C80|20251130|621380|CJ-P/STER      |20251117|     202.00 |      5 |      66.00 |MO
JEW333|E40|20250731|621086|ENGRAVING      |20250730|       3.50 |      1 |       0.00 |MO
JEW333|Z10|20250731|621086|CLAS.PET/STER  |20250730|     102.00 |      1 |      44.40 |MO
JEW350|C20|20250531|620828|SA12M/STER     |20250522|     459.00 |      2 |     265.90 |PH
JEW350|E40|20250531|620828|ENGRAVING      |20250522|       7.00 |      2 |       0.00 |PH
JEW370|E40|20251231|621558|ENGRAVING      |20251218|      24.00 |      3 |       0.00 |PH
JEW370|E40|20260228|621619|ENGRAVING      |20260203|       8.50 |      1 |       0.00 |PH
JEW370|M11|20250228|620434|SCHBRO1        |20250224|       0.00 |      1 |       0.00 |MO
JEW370|N50|20251231|621558|29A/STER       |20251218|     152.25 |      3 |      63.96 |PH
JEW370|N50|20260228|621619|29A/STER       |20260203|      50.75 |      1 |      23.92 |PH
JEW370|R10|20251031|621314|REPAIRS        |20251029|      60.00 |      1 |       0.00 |RP
JEW495|E40|20250430|620618|ENGRAVING      |20250410|       7.00 |      2 |       0.00 |MO
JEW495|E40|20250531|620710|ENGRAVING      |20250501|       3.50 |      1 |       0.00 |MO
JEW495|E40|20250531|620833|ENGRAVING      |20250529|       3.50 |      1 |       0.00 |MO
JEW495|E40|20250930|621210|ENGRAVING      |20250911|       3.50 |      1 |       0.00 |MO
JEW495|E40|20251231|621529|ENGRAVING      |20251215|       3.50 |      1 |       0.00 |MO
JEW495|E40|20260331|621701|ENGRAVING      |20260302|      10.50 |      3 |       0.00 |MO
JEW495|U20|20250531|620710|LPN301B/STER   |20250501|     122.00 |      1 |      39.39 |MO
JEW495|U20|20251231|621529|FF12/STER      |20251215|     136.00 |      1 |      65.40 |MO
JEW495|U20|20260331|621701|LPN1/STER      |20260302|     102.50 |      1 |      40.85 |MO
JEW495|Z01|20250430|620618|SR27DB/10K     |20250410|     414.00 |      1 |     113.54 |MO
JEW495|Z10|20250531|620833|SR15DB/STER    |20250529|      86.00 |      1 |      40.67 |MO
JEW495|Z10|20260331|621701|CLAS.PET/STER  |20260302|     206.00 |      2 |     102.06 |MO
JEW495|Z30|20250430|620618|CLAS.MD.M/STER |20250410|     124.00 |      1 |      57.89 |MO
JEW495|Z30|20250930|621210|CLAS.LG/STER   |20250911|     126.00 |      1 |      65.40 |MO
JOH295|E40|20251231|621444|ENGRAVING      |20251203|       3.50 |      1 |       0.00 |MO
JOH295|F01|20250331|620519|F2556/10K      |20250319|     431.00 |      1 |     115.43 |PH
JOH295|M11|20251231|621444|EMRBRO1        |20251203|       0.00 |      1 |       0.00 |MO
JOH295|M11|20251231|621444|FAMBRO1        |20251203|       0.00 |      1 |       0.00 |MO
JOH295|M11|20251231|621444|SCHBRO1        |20251203|       0.00 |      1 |       0.00 |MO
JOH295|Z10|20251231|621444|SR21B/STER     |20251203|      92.75 |      1 |      44.77 |MO
JOH295|Z10|20251231|621444|SR610DB/STER   |20251203|      91.00 |      1 |      43.79 |MO
JOH323|C01|20250531|620788|S6M/10K        |20250515|    1320.00 |      1 |     307.75 |PH
JOY288|C01|20250228|620402|S510DB/10K     |20250205|    1256.00 |      2 |     360.38 |MO
JOY288|C01|20250228|620402|S51DL/10K      |20250205|     970.00 |      1 |     270.10 |MO
JOY288|C01|20250228|620457|S15L/10K       |20250227|    1878.00 |      3 |     542.40 |MO
JOY288|C01|20250228|620457|S510DB/10K     |20250227|    4396.00 |      7 |    1261.33 |MO
JOY288|C01|20250228|620457|S51DL/10K      |20250227|     970.00 |      1 |     270.10 |MO
JOY288|C01|20250228|620457|S51DM/10K      |20250227|    1007.00 |      1 |     285.98 |MO
JOY288|C01|20250331|620559|S15L/10K       |20250327|     619.00 |      1 |     180.80 |MO
JOY288|C01|20250331|620559|S16M/10K       |20250327|    1075.00 |      1 |     311.10 |MO
JOY288|C01|20250331|620559|S510DB/10K     |20250327|    1256.00 |      2 |     360.38 |MO
JOY288|C01|20250331|620559|S51DL/10K      |20250327|     970.00 |      1 |     270.10 |MO
JOY288|C01|20250430|620617|S16M/10K       |20250410|    1075.00 |      1 |     311.10 |MO
JOY288|C01|20250430|620617|S50DM/10K      |20250410|    1302.00 |      1 |     367.31 |MO
JOY288|C01|20250430|620617|S510DB/10K     |20250410|    3140.00 |      5 |     900.95 |MO
JOY288|C01|20250430|620617|S51DL/10K      |20250410|    1971.50 |      2 |     540.20 |MO
JOY288|C01|20250430|620654|S510DB/10K     |20250417|    1368.00 |      2 |     360.38 |MO
JOY288|C01|20250430|620654|S51DL/10K      |20250417|     856.00 |      1 |     270.10 |MO
JOY288|C01|20250430|620654|S51DM/10K      |20250417|    1099.00 |      1 |     285.98 |MO
JOY288|C01|20250430|620655|S510DB/10K     |20250417|     486.00-|      1-|     180.19-|MO
JOY288|C01|20250531|620709|S510DB/10K     |20250501|    2704.00 |      4 |     720.76 |MO
JOY288|C01|20250531|620709|S51DL/10K      |20250501|    1061.00 |      1 |     270.10 |MO
JOY288|C01|20250531|620709|S51DM/10K      |20250501|    1099.00 |      1 |     285.98 |MO
JOY288|C01|20250531|620757|S50DM/10K      |20250508|    2846.00 |      2 |     734.62 |MO
JOY288|C01|20250531|620757|S510DB/10K     |20250508|    6156.00 |      9 |    1621.71 |MO
JOY288|C01|20250531|620757|S51DM/10K      |20250508|    1099.00 |      1 |     285.98 |MO
JOY288|C01|20250531|620794|S15L/10K       |20250521|     674.00 |      1 |     180.80 |MO
JOY288|C01|20250531|620794|S50DM/10K      |20250521|    1423.00 |      1 |     367.31 |MO
JOY288|C01|20250531|620794|S510DB/10K     |20250521|    4048.00 |      6 |    1081.14 |MO
JOY288|C01|20250630|620941|S510DB/10K     |20250618|    4818.00 |      7 |    1261.33 |MO
JOY288|C01|20250630|620941|S51DL/10K      |20250618|    1061.00 |      1 |     270.10 |MO
JOY288|C01|20250630|621004|SM62M/10K      |20250626|    1059.25 |      1 |     245.45 |MO
JOY288|C01|20250630|621004|SM63L/10K      |20250626|    1528.00 |      2 |     341.96 |MO
JOY288|C01|20250731|621035|S510DB/10K     |20250710|    2736.00 |      4 |     720.76 |RP
JOY288|C01|20250731|621035|S51DL/10K      |20250710|    1097.00 |      1 |     270.10 |RP
JOY288|C01|20250731|621035|S51DM/10K      |20250710|    1099.00 |      1 |     285.98 |RP
JOY288|C01|20250831|621106|S50DM/10K      |20250806|    1423.00 |      1 |     367.31 |MO
JOY288|C01|20250831|621106|S510DB/10K     |20250806|    1392.00 |      2 |     360.38 |MO
JOY288|C01|20250831|621113|S50DM/10K      |20250806|    1423.00 |      1 |     367.31 |MO
JOY288|C01|20250831|621113|S510DB/10K     |20250806|     702.00 |      1 |     180.19 |MO
JOY288|C01|20250831|621154|S50DM/10K      |20250825|    1423.00 |      1 |     367.31 |MO
JOY288|C01|20250831|621154|S510DB/10K     |20250825|     684.00 |      1 |     180.19 |MO
JOY288|C01|20250930|621222|S510DB/10K     |20250918|    2094.00 |      3 |     540.57 |MO
JOY288|C01|20250930|621222|S51DL/10K      |20250918|    1061.00 |      1 |     270.10 |MO
JOY288|C01|20251031|621299|S510DB/10K     |20251023|    2307.00 |      3 |     540.57 |MO
JOY288|C01|20251130|621417|S510DB/10K     |20251126|     769.00 |      1 |     573.44 |MO
JOY288|C01|20251130|621419|S50DM/10K      |20251126|    1998.00 |      1 |    1208.26 |MO
JOY288|C01|20251130|621419|S510DB/10K     |20251126|     988.00 |      1 |     573.44 |MO
JOY288|C01|20251231|621470|S510DB/10K     |20251208|    1920.00 |      2 |    1146.88 |MO
JOY288|C01|20251231|621533|S15L/10K       |20251216|     934.00 |      1 |     561.95 |MO
JOY288|C20|20250228|620457|S15L/STER      |20250227|     109.00 |      1 |      54.93 |MO
JOY288|C20|20250331|620559|S15L/STER      |20250327|     218.00 |      2 |     109.86 |MO
JOY288|C20|20250331|620559|S16M/STER      |20250327|     418.00 |      3 |     199.92 |MO
JOY288|C20|20250430|620617|S7L/STER       |20250410|     231.50 |      2 |     110.68 |MO
JOY288|C20|20250430|620654|S16M/STER      |20250417|     128.00 |      1 |      66.64 |MO
JOY288|C20|20250531|620835|S16M/STER      |20250529|     146.00 |      1 |      66.64 |MO
JOY288|C20|20250630|620941|S15L/STER      |20250618|     109.00 |      1 |      54.93 |MO
JOY288|C20|20250731|621035|S14M/STER      |20250710|     139.00 |      1 |      62.50 |RP
JOY288|C20|20251231|621470|S16M/STER      |20251208|     146.00 |      1 |      66.64 |MO
JOY288|C60|20250630|621004|CJ-P/10K       |20250626|     180.00 |      1 |       0.00 |MO
JOY288|C60|20250831|621106|CJ-P/10K       |20250806|     143.00 |      1 |       0.00 |MO
JOY288|E40|20250228|620402|ENGRAVING      |20250205|      10.50 |      3 |       0.00 |MO
JOY288|E40|20250228|620457|ENGRAVING      |20250227|      45.50 |     13 |       0.00 |MO
JOY288|E40|20250331|620559|ENGRAVING      |20250327|      35.00 |     10 |       0.00 |MO
JOY288|E40|20250331|620560|ENGRAVING      |20250327|       7.00 |      2 |       0.00 |MO
JOY288|E40|20250331|620560|ENGRAVING      |20250327|      14.00 |      1 |       0.00 |MO
JOY288|E40|20250430|620617|ENGRAVING      |20250410|      38.50 |     11 |       0.00 |MO
JOY288|E40|20250430|620654|ENGRAVING      |20250417|      17.50 |      5 |       0.00 |MO
JOY288|E40|20250430|620655|ENGRAVING      |20250417|       3.50-|      1-|       0.00 |MO
JOY288|E40|20250531|620709|ENGRAVING      |20250501|      17.50 |      5 |       0.00 |MO
JOY288|E40|20250531|620709|ENGRAVING      |20250501|      21.00 |      6 |       0.00 |MO
JOY288|E40|20250531|620711|ENGRAVING      |20250501|       3.50 |      1 |       0.00 |MO
JOY288|E40|20250531|620756|ENGRAVING      |20250508|       7.00 |      2 |       0.00 |MO
JOY288|E40|20250531|620756|ENGRAVING      |20250508|      24.50 |      1 |       0.00 |MO
JOY288|E40|20250531|620757|ENGRAVING      |20250508|      42.00 |     12 |       0.00 |MO
JOY288|E40|20250531|620794|ENGRAVING      |20250521|      24.50 |      7 |       0.00 |MO
JOY288|E40|20250531|620835|ENGRAVING      |20250529|       3.50 |      1 |       0.00 |MO
JOY288|E40|20250531|620836|ENGRAVING      |20250529|       7.00 |      2 |       0.00 |MO
JOY288|E40|20250630|620941|ENGRAVING      |20250618|      31.50 |      9 |       0.00 |MO
JOY288|E40|20250630|620942|ENGRAVING      |20250618|       3.50 |      1 |       0.00 |MO
JOY288|E40|20250630|620942|ENGRAVING      |20250618|       3.50 |      1 |       0.00 |MO
JOY288|E40|20250630|621003|ENGRAVING      |20250626|       7.00 |      2 |       0.00 |RP
JOY288|E40|20250630|621003|ENGRAVING      |20250626|       8.50 |      1 |       0.00 |RP
JOY288|E40|20250630|621004|ENGRAVING      |20250626|      10.50 |      3 |       0.00 |MO
JOY288|E40|20250630|621004|ENGRAVING      |20250626|       7.00 |      1 |       0.00 |MO
JOY288|E40|20250731|621035|ENGRAVING      |20250710|       3.50 |      1 |       0.00 |RP
JOY288|E40|20250731|621035|ENGRAVING      |20250710|      24.50 |      7 |       0.00 |RP
JOY288|E40|20250831|621106|ENGRAVING      |20250806|      10.50 |      3 |       0.00 |MO
JOY288|E40|20250831|621106|ENGRAVING      |20250806|       8.00 |      1 |       0.00 |MO
JOY288|E40|20250831|621113|ENGRAVING      |20250806|       7.00 |      2 |       0.00 |MO
JOY288|E40|20250831|621154|ENGRAVING      |20250825|       7.00 |      2 |       0.00 |MO
JOY288|E40|20250831|621155|ENGRAVING      |20250825|       7.50 |      1 |       0.00 |MO
JOY288|E40|20250930|621222|ENGRAVING      |20250918|      14.00 |      4 |       0.00 |MO
JOY288|E40|20251031|621299|ENGRAVING      |20251023|      10.50 |      3 |       0.00 |MO
JOY288|E40|20251031|621300|ENGRAVING      |20251023|       3.50 |      1 |       0.00 |MO
JOY288|E40|20251130|621416|ENGRAVING      |20251126|      18.00 |      1 |       0.00 |MO
JOY288|E40|20251130|621417|ENGRAVING      |20251126|       3.50 |      1 |       0.00 |MO
JOY288|E40|20251130|621419|ENGRAVING      |20251126|       7.00 |      2 |       0.00 |MO
JOY288|E40|20251231|621470|ENGRAVING      |20251208|      10.50 |      3 |       0.00 |MO
JOY288|E40|20251231|621471|ENGRAVING      |20251208|       7.00 |      2 |       0.00 |MO
JOY288|E40|20251231|621533|ENGRAVING      |20251216|       3.50 |      1 |       0.00 |MO
JOY288|F30|20250930|621183|FPHH/10K       |20250908|     406.00 |      1 |     111.24 |MO
JOY288|I50|20250331|620560|2AMLL/STER     |20250327|      53.00 |      1 |      23.38 |MO
JOY288|I50|20250531|620756|15M-60C/STER   |20250508|     129.75 |      1 |      67.60 |MO
JOY288|I50|20250630|621003|4BMLL/STER     |20250626|      46.50 |      1 |      19.42 |RP
JOY288|I50|20251130|621416|6MMC-20F/STER  |20251126|      50.00 |      1 |      21.80 |MO
JOY288|N90|20250531|620836|102/GF         |20250529|      45.00 |      1 |      19.85 |MO
JOY288|N90|20250930|621222|100S/GFB       |20250918|      24.00 |      1 |      11.86 |MO
JOY288|R10|20250228|620403|REPAIRS        |20250205|      15.00 |      2 |       0.00 |RP
JOY288|R10|20250331|620561|REPAIRS        |20250327|      40.00 |      1 |       0.00 |RP
JOY288|R10|20250430|620656|REPAIRS        |20250417|      15.00 |      4 |       0.00 |RP
JOY288|R10|20250531|620709|REPAIRS        |20250501|       0.00 |      3 |       0.00 |MO
JOY288|R10|20250531|620757|REPAIRS        |20250508|      49.00 |      1 |       0.00 |MO
JOY288|R10|20250531|620836|REPAIRS        |20250529|       0.00 |      1 |       0.00 |MO
JOY288|R10|20250630|620941|REPAIRS        |20250618|       0.00 |      1 |       0.00 |MO
JOY288|R10|20250630|621003|REPAIRS        |20250626|       0.00 |      3 |       0.00 |RP
JOY288|R10|20250731|621035|REPAIRS        |20250710|       0.00 |      1 |       0.00 |RP
JOY288|R10|20250831|621106|REPAIRS        |20250806|       0.00 |      1 |       0.00 |MO
JOY288|R10|20250831|621155|REPAIRS        |20250825|       0.00 |      3 |       0.00 |MO
JOY288|R10|20250930|621222|REPAIRS        |20250918|       0.00 |      2 |       0.00 |MO
JOY288|R10|20251031|621250|REPAIRS        |20251007|      43.50 |      4 |       0.00 |RP
JOY288|R10|20251031|621299|REPAIRS        |20251023|       0.00 |      1 |       0.00 |MO
JOY288|R10|20251130|621416|REPAIRS        |20251126|      30.00 |      1 |       0.00 |MO
JOY288|R10|20251231|621470|REPAIRS        |20251208|       0.00 |      1 |       0.00 |MO
JOY288|R10|20251231|621487|REPAIRS        |20251210|      30.00 |      3 |       0.00 |RP
JOY288|R10|20251231|621534|REPAIRS        |20251216|      45.00 |      1 |       0.00 |RP
JOY288|R10|20260228|621696|REPAIRS        |20260226|      50.00 |      3 |       0.00 |RP
JOY288|U01|20250531|620756|RN1/10K        |20250508|     347.25 |      1 |      93.49 |MO
JOY288|U01|20251031|621300|RN301B/10K     |20251023|     651.00 |      1 |     130.23 |MO
JOY288|U20|20250630|620942|RN301B/STER    |20250618|      98.00 |      1 |      39.39 |MO
JOY288|U20|20250630|621003|LPN301B/STER   |20250626|      86.00 |      1 |      39.39 |RP
JOY288|U20|20251231|621471|P-RN1/STER     |20251208|      29.75 |      1 |      11.71 |MO
JOY288|X30|20250831|621155|P21BM/GF       |20250825|      50.00 |      1 |      21.53 |MO
JOY288|Z01|20250531|620756|SR21B/10K      |20250508|     394.50 |      1 |     106.04 |MO
JOY288|Z01|20250531|620836|SR21B/10K      |20250529|     430.50 |      1 |     106.04 |MO
JOY288|Z01|20250630|620942|SR51B/10K      |20250618|     384.00 |      1 |     103.73 |MO
JOY288|Z01|20251231|621471|SR27DB/10K     |20251208|     533.00 |      1 |     322.87 |MO
JOY288|Z10|20250331|620560|CLAS.SM/STER   |20250327|     103.00 |      1 |      45.03 |MO
JOY288|Z10|20250331|620560|SR17HB/STER    |20250327|      92.75 |      1 |      44.77 |MO
JOY288|Z10|20250531|620709|CLAS.PET/STER  |20250501|     174.00 |      1 |      44.40 |MO
JOY288|Z10|20250531|620709|CLAS.SM/STER   |20250501|     103.00 |      1 |      45.03 |MO
JOY288|Z10|20250531|620711|CLAS.PET/STER  |20250501|     108.00 |      1 |      44.40 |MO
JOY288|Z10|20250731|621035|SR27DB/STER    |20250710|      94.75 |      1 |      46.01 |RP
JOY288|Z10|20251231|621471|SR51B/STER     |20251208|      92.75 |      1 |      44.77 |MO
JOY288|Z20|20250531|620836|CLAS.MD.M/10K  |20250529|    1102.50 |      1 |     238.81 |MO
JOY288|Z30|20250531|620709|CLAS.MD.M/STER |20250501|     372.00 |      3 |     173.67 |MO
JOY288|Z30|20250531|620756|CLAS.MD.M/STER |20250508|     124.00 |      1 |      57.89 |MO
JOY288|Z30|20250630|621003|CLAS.MD.M/STER |20250626|     164.00 |      1 |      57.89 |RP
JOY288|Z30|20250630|621003|SR120DM/STER   |20250626|     163.75 |      1 |      61.93 |RP
KEN240|C01|20250630|620960|S51DM/10K      |20250623|    1201.75 |      1 |     285.98 |RP
KEN240|F01|20251231|621447|F2530/10K      |20251203|     349.50 |      1 |     201.89 |MO
KEN240|F05|20260228|621649|2080/10K       |20260212|     888.00 |      1 |     379.34 |MO
KEN240|R10|20250630|620960|REPAIRS        |20250623|       0.00 |      2 |       0.00 |RP
KEN240|W70|20250430|620685|6T72M/10K      |20250428|     937.50 |      1 |     233.74 |MO
KEN240|W70|20250430|620685|6T73L/10K      |20250428|     641.50 |      1 |     163.96 |MO
KEN240|W80|20251231|621447|5190L/10K      |20251203|    1036.75 |      1 |     613.25 |MO
KEN287|B80|20250430|620697|CHS13B/STER    |20250430|      30.00 |      1 |      12.26 |PH
KEN287|E20|20251031|621269|EH3HEM/10K     |20251015|     179.50 |      1 |      52.51 |MO
KEN287|E40|20251031|621309|ENGRAVING      |20251023|       3.50 |      1 |       0.00 |PH
KEN287|M11|20251031|621269|EMRBRO1        |20251015|       0.00 |      1 |       0.00 |MO
KEN287|S01|20251031|621269|1862HEM/10K    |20251015|     412.25 |      1 |      99.58 |MO
KEN287|S01|20251031|621269|1866HEM/10K    |20251015|     326.00 |      1 |      71.85 |MO
KEN287|X01|20251031|621269|PH3HEM/10K     |20251015|     263.75 |      1 |     106.83 |MO
KEN287|X20|20250430|620697|PS11L/STER     |20250430|      43.00 |      1 |      17.44 |PH
KEN287|Z01|20251031|621309|SR27DB/10K     |20251023|     548.00 |      1 |     113.54 |PH
KIN298|C01|20251130|621355|S20M/10K       |20251106|    2768.25 |      3 |     689.67 |MO
KIN298|C60|20251130|621355|CJ-P/10K       |20251106|    1020.00 |      4 |       0.00 |MO
KNA292|C60|20251130|621407|CJ-P/10K       |20251125|    5579.00 |      7 |       0.00 |MO
KNA292|C80|20251130|621410|CJ-P/STER      |20251126|     164.00 |      4 |      52.80 |MO
KNA292|C80|20251130|621418|CJ-P/STER      |20251126|     123.00 |      3 |      39.60 |MO
KNA292|E40|20250228|620458|ENGRAVING      |20250227|       7.00 |      2 |       0.00 |MO
KNA292|G20|20250831|621118|230-440CL/STER |20250812|     320.00 |      4 |     154.28 |PH
KNA292|W01|20260228|621638|3T18L/10KW     |20260205|     537.00 |      1 |     314.83 |MO
KNA292|W01|20260228|621638|3T18L/10KY     |20260205|     491.00 |      1 |     314.83 |MO
KNA292|W01|20260228|621638|4T18L/10KY     |20260205|     652.00 |      1 |     384.29 |MO
KNA292|W01|20260228|621638|500TM/10KW     |20260205|    1056.00 |      1 |     630.39 |MO
KNA292|W40|20250430|620610|400TM/14K      |20250410|     827.25 |      1 |     206.79 |MO
KNA292|W40|20260131|621607|500TL/14K      |20260127|    1422.00 |      1 |     834.69 |MO
KNA292|W40|20260228|621638|200L/14KY      |20260205|    1042.00 |      2 |     609.74 |MO
KNA292|W40|20260228|621638|3T18L/14K      |20260205|    2826.00 |      4 |    1746.44 |MO
KNA292|W40|20260228|621638|4T18L/14K      |20260205|    1001.00 |      1 |     602.89 |MO
KNA292|W40|20260228|621638|500TM/14K      |20260205|    3300.00 |      2 |    1983.54 |MO
KNA292|W40|20260228|621638|700TM/14K      |20260205|    2204.00 |      1 |    1328.25 |MO
KNA292|W80|20250228|620458|5436L/10KTT    |20250227|     771.00 |      1 |     198.49 |MO
KNA292|W80|20250228|620458|5604L/10K      |20250227|     597.00 |      1 |     167.29 |MO
KNA292|W80|20250430|620610|5604L/10K      |20250410|       0.00 |      1 |     167.29 |MO
KOR394|E20|20250331|620530|E58/10K        |20250320|      78.75 |      1 |      21.75 |PH
KOR394|Q04|20250331|620530|CC73/10K       |20250320|     268.50 |      1 |      66.95 |PH
KOR394|Q20|20250731|621071|C20/ST10K      |20250724|      75.25 |      1 |      23.37 |PH
KOR394|Q20|20250731|621071|CS6/ST10K      |20250724|     331.00 |      2 |     126.50 |PH
KOR394|Q20|20251031|621270|C20/ST10K      |20251015|     163.50 |      2 |      46.74 |PH
KOR394|Q30|20250930|621199|CS6/STER       |20250911|     192.00 |      2 |      94.08 |PH
KOR394|Q30|20260228|621661|CC73/STER      |20260219|      68.50 |      1 |      23.00 |PH
KOR394|X01|20250331|620530|P58/10K        |20250320|     146.50 |      1 |      39.55 |PH
LAG250|C20|20250331|620489|S6M/STER       |20250311|     444.00 |      3 |     196.20 |MO
LAG250|C20|20260228|621652|S6M/STER       |20260212|     344.50 |      2 |     164.48 |MO
LAG250|C20|20260228|621653|S6M/STER       |20260212|     326.50 |      2 |     164.48 |MO
LAG250|E40|20250331|620489|ENGRAVING      |20250311|      10.50 |      3 |       0.00 |MO
LAG250|E40|20260228|621652|ENGRAVING      |20260212|      14.00 |      4 |       0.00 |MO
LAG250|F01|20250331|620491|F2596/10K      |20250311|     552.75 |      1 |     120.91 |PH
LAG250|R10|20250430|620677|REPAIRS        |20250424|      45.00 |      1 |       0.00 |RP
LAG260|C20|20250331|620469|S6M/STER       |20250304|     444.00 |      3 |     196.20 |MO
LAG260|C20|20250331|620488|S6M/STER       |20250311|     444.00-|      3 |     196.20 |PH
LAG260|E40|20250331|620469|ENGRAVING      |20250304|      10.50 |      3 |       0.00 |MO
LAG260|E40|20250331|620488|ENGRAVING      |20250311|      10.50-|      3 |       0.00 |PH
LAG260|E40|20250531|620789|ENGRAVING      |20250515|       7.00 |      2 |       0.00 |MO
LAG260|F01|20250331|620478|F2596/10K      |20250306|     552.75 |      1 |     120.91 |PH
LAG260|F01|20250331|620490|F2596/10K      |20250311|     552.75-|      1 |     120.91 |PH
LAG260|M11|20250131|620330|SCHBRO1        |20250109|       0.00 |      1 |       0.00 |MO
LAG260|M11|20250331|620510|SCHBRO1        |20250318|       0.00 |      1 |       0.00 |MO
LAG260|M11|20250331|620514|SCHBRO1        |20250318|       0.00 |      1-|       0.00 |MO
LAG260|M11|20250430|620599|SCHBRO1        |20250409|       0.00 |      1 |       0.00 |MO
LAG260|Q40|20251130|621420|INIT.SM/10K    |20251127|      92.00 |      2 |      38.42 |BO
LAG260|X01|20250331|620510|PS11L/10KB     |20250318|     119.00 |      1 |      33.28 |MO
LAG260|X01|20250331|620514|PS11L/10KB     |20250318|     119.00-|      1-|      33.28-|MO
LAG260|X01|20250430|620599|PS11L/10KB     |20250409|     124.75 |      1 |      33.28 |MO
LAG260|X20|20250331|620510|PS11L/STERB    |20250318|      41.00 |      1 |      15.94 |MO
LAG260|X20|20250331|620514|PS11L/STERB    |20250318|      41.00-|      1-|      15.94-|MO
LAG260|X20|20250430|620599|PS11L/STERB    |20250409|      41.00 |      1 |      15.94 |MO
LAG260|Z10|20250531|620789|CLAS.PET/STER  |20250515|      92.00 |      1 |      44.40 |MO
LAG260|Z10|20250531|620789|SR53B/STER     |20250515|     108.75 |      1 |      44.77 |MO
LAG260|Z30|20250630|620909|CLAS.MD.M/STER |20250612|     124.00 |      1 |      57.89 |MO
LAI299|C01|20251130|621365|S32HM/10K      |20251112|    1273.00 |      1 |     255.97 |PH
LAN047|J40|20250131|620344|BR5/GFB        |20250115|      53.00 |      1 |      23.34 |PH
LAN047|N90|20251231|621566|34E/GF         |20251218|      37.00 |      1 |      16.62 |PH
LAU302|W60|20250331|620492|306M/10K       |20250312|     507.50 |      1 |     144.39 |MO
LES301|M11|20260228|621630|EMRBRO1        |20260204|       0.00 |      1 |       0.00 |PH
LES301|M11|20260228|621630|FAMBRO1        |20260204|       0.00 |      1 |       0.00 |PH
LES301|M11|20260228|621630|SCHBRO1        |20260204|       0.00 |      1 |       0.00 |PH
LES301|N50|20251130|621428|M2B/STER       |20251127|      58.75 |      1 |      26.05 |PH
LES301|N50|20251130|621428|S10COL/STER    |20251127|      61.75 |      1 |      27.75 |PH
LES301|N50|20251130|621428|T70A/STER      |20251127|      80.50 |      1 |      36.23 |PH
LES301|S20|20250331|620541|STONE.SET/STER |20250326|      84.00 |      1 |      61.76 |PH
LES301|W01|20251130|621428|5T00RM/10KY    |20251127|     864.00 |      1 |     544.02 |PH
LES301|W01|20251130|621428|7T00RM/10KY    |20251127|    1102.00 |      1 |     696.43 |PH
LES301|W60|20251130|621428|1T010M/10K     |20251127|     980.00 |      1 |     617.95 |PH
LES301|W60|20251130|621428|1T68M/10K      |20251127|     980.00 |      1 |     617.95 |PH
LES301|W60|20251130|621428|2T76M/10K      |20251127|     980.00 |      1 |     617.95 |PH
LES301|W60|20251130|621428|7T28M/10K      |20251127|     935.00 |      1 |     589.48 |PH
LES301|W95|20250228|620444|5T18M/STER     |20250226|      69.50 |      1 |      28.53 |PH
LES301|Z10|20260131|621610|SR15DB/STER    |20260128|      86.00 |      1 |      44.60 |PH
LES301|Z30|20260131|621610|CLAS.MD.M/STER |20260128|     114.00 |      1 |      70.80 |PH
LLO348|F01|20250131|620380|F2520/10K      |20250129|     219.00 |      1 |      69.60 |MO
LLO348|F01|20250430|620634|F2520/10K      |20250416|     252.00 |      1 |      69.60 |MO
LLO348|F01|20250731|621024|F120M/14K      |20250710|    1773.50 |      1 |     402.14 |MO
LLO348|F30|20260331|621710|FPR/STER       |20260305|     121.75 |      1 |      60.77 |MO
LLO348|S20|20250131|620380|FAM.RING/STER  |20250129|      85.25 |      1 |      61.76 |MO
LLO348|S20|20251130|621373|STONE.SET/STER |20251113|      84.00 |      1 |      61.76 |MO
LLO348|S20|20260131|621594|STONE.SET/STER |20260115|      84.00 |      1 |      64.08 |MO
LOC110|M10|20250831|621149|MISC-SALES     |20250821|   20551.30 |      5 |       0.00 |PH
LUC328|M11|20250531|620728|EMRBRO1        |20250506|       0.00 |      1 |       0.00 |PH
LUC328|M11|20250531|620728|FAMBRO1        |20250506|       0.00 |      1 |       0.00 |PH
LUC328|M11|20250531|620728|SCHBRO1        |20250506|       0.00 |      1 |       0.00 |PH
M&R330|C20|20250731|621033|SM53L/STER     |20250710|     811.25 |      7 |     339.71 |MO
M&R330|C80|20250430|620613|CJ-P/STER      |20250410|     574.50 |     18 |     237.60 |MO
M&R330|C80|20250430|620688|CJ-P/STER      |20250430|     228.00 |     12 |     158.40 |MO
M&R330|C80|20250531|620768|CJ-P/STER      |20250513|     114.00 |      6 |      79.20 |PH
M&R330|C80|20251031|621245|CJ-P/STER      |20251006|     432.00 |     18 |     237.60 |MO
M&R330|D60|20250430|620614|DIE-CHARGE     |20250410|     570.00 |      2 |       0.00 |MO
M&R330|D60|20250731|621034|DIE-CHARGE     |20250710|     285.00 |      1 |       0.00 |MO
M&R330|F05|20250131|620373|1879/10K       |20250128|     293.50 |      1 |      71.80 |PH
M&R330|F05|20250131|620373|1967/10K       |20250128|     232.75 |      1 |      58.02 |PH
M&R330|R10|20260228|621623|REPAIRS        |20260203|       0.00 |      1 |       0.00 |PH
M&R330|S01|20251231|621515|2282/10K       |20251215|     790.00 |      1 |     358.29 |PH
M&R330|S01|20260331|621720|1210/10K       |20260310|     418.50 |      1 |     231.15 |PH
M&R330|S20|20251031|621258|FAM.RING/STER  |20251009|     150.75 |      1 |      61.76 |PH
M&R330|S20|20251231|621515|STONE.SET/STER |20251215|      98.00 |      1 |      67.23 |PH
M&R330|W95|20250331|620539|WEDD/STER      |20250324|     831.25 |      4 |      86.00 |MO
MAD001|N50|20250331|620484|T8RA/STER      |20250311|      61.06 |      1 |      31.00 |PH
MAD001|N50|20250331|620520|T8RA/STER      |20250319|      46.02 |      1 |      31.00 |PH
MAD328|E40|20250731|621085|ENGRAVING      |20250730|      12.50 |      1 |       0.00 |MO
MAD328|E40|20250731|621096|ENGRAVING      |20250731|      11.50 |      2 |       0.00 |MO
MAD328|F01|20250430|620578|F2552/10K      |20250403|     567.50 |      1 |     122.52 |PH
MAD328|F01|20250630|621008|F2532/10K      |20250626|     249.00 |      1 |      68.91 |PH
MAD328|F01|20251231|621510|F2586/10K      |20251211|     578.00 |      1 |     339.43 |MO
MAD328|F05|20251130|621379|1930/14K       |20251117|     603.75 |      1 |      87.40 |MO
MAD328|I60|20250731|621085|2BMLL/GF       |20250730|      58.00 |      1 |      23.38 |MO
MAD328|M11|20250228|620438|FAMBRO1        |20250225|       0.00 |      1 |       0.00 |MO
MAD328|M11|20250228|620438|SCHBRO1        |20250225|       0.00 |      1 |       0.00 |MO
MAD328|N50|20260228|621618|41NB/GF        |20260202|     149.50 |      1 |      77.44 |MO
MAD328|N50|20260228|621618|8NB/GF         |20260202|     440.00 |      5 |     203.40 |MO
MAD328|N60|20250331|620528|20/GF          |20250320|      63.50 |      1 |      23.00 |PH
MAD328|Q01|20260228|621624|2537NS/10K     |20260203|      62.75 |      1 |     282.09 |MO
MAD328|Q30|20250731|621096|C21/STER       |20250731|      29.75 |      1 |      12.11 |MO
MAD328|Q30|20250731|621096|C21A/STER      |20250731|      30.75 |      1 |      12.67 |MO
MAD328|S20|20250131|620379|STONE.SET/STER |20250129|      67.00 |      1 |      61.76 |PH
MAD328|S20|20251130|621379|DAUGHTERS/STER |20251117|      77.00 |      1 |      30.61 |MO
MAD328|S20|20251231|621462|FAM.RING/STER  |20251204|     152.00 |      1 |      61.76 |MO
MAD328|W01|20250630|620932|400M/10KY      |20250617|     445.25 |      1 |     101.84 |PH
MAD328|W01|20251031|621262|500TL/10KY     |20251009|     733.00 |      1 |     143.01 |PH
MAD328|W80|20250930|621211|5010BL/10K     |20250911|     557.00 |      1 |     152.49 |MO
MAD328|W95|20250430|620626|WEDD/STER      |20250416|      88.00 |      1 |      21.50 |PH
MAD328|W95|20250630|620932|WEDD/STER      |20250617|      56.00 |      1 |      21.50 |PH
MAD328|W95|20251031|621262|6T18L/STER     |20251009|      70.00 |      1 |      29.02 |PH
MAD328|W95|20251031|621262|6T18M/STER     |20251009|      75.00 |      1 |      31.89 |PH
MAD328|Z30|20250531|620769|CLAS.MD.M/STER |20250513|     114.00 |      1 |      57.89 |MO
MAR118|C60|20250630|620894|CJ-P/10K       |20250611|     463.00 |      1 |       0.00 |PH
MAR364|E40|20250331|620496|ENGRAVING      |20250312|       3.50 |      1 |       0.00 |MO
MAR364|E40|20251231|621569|ENGRAVING      |20251218|      24.00 |      1 |       0.00 |MO
MAR364|I40|20251231|621569|6MMCLL/10K     |20251218|     324.00 |      1 |     193.80 |MO
MAR364|Q30|20250331|620496|301M/STER      |20250312|     145.75 |      4 |      65.04 |MO
MAR364|Q30|20250331|620496|600RM/STER     |20250312|      71.75 |      1 |      29.91 |MO
MAR364|Q30|20250731|621076|301L/STER      |20250724|      81.50 |      2 |      24.28 |MO
MAR364|Q30|20250731|621076|301M/STER      |20250724|      93.00 |      2 |      32.52 |MO
MAR364|Q30|20250731|621076|601L/STER      |20250724|      52.50 |      1 |      20.02 |MO
MAR364|W80|20250731|621076|5152L/10K      |20250724|     832.50 |      1 |     184.07 |MO
MAR364|W80|20250731|621076|5152M/10K      |20250724|    1046.75 |      1 |     221.05 |MO
MAR364|W95|20250430|620619|WEDD/STER      |20250410|      57.00 |      1 |      21.50 |MO
MAR364|W95|20250731|621076|WEDD/STER      |20250724|     162.00 |      2 |      43.00 |MO
MAR364|W95|20251231|621548|WEDD/STER      |20251217|     196.00 |      3 |      64.50 |MO
MAR385|F01|20250331|620522|F2530/10K      |20250319|     400.00 |      1 |      74.84 |PH
MAR385|F01|20250430|620673|F140/10K       |20250424|     650.00 |      1 |     120.43 |PH
MAR385|F01|20251031|621316|F2579/10KTT    |20251029|     716.00 |      1 |     104.56 |MO
MAR385|F01|20251231|621563|F2585/10K      |20251218|     573.75 |      1 |     284.99 |PH
MAR385|F05|20251231|621516|1890/10K       |20251215|     333.00 |      1 |     159.66 |PH
MAR385|F05|20251231|621516|1987/10K       |20251215|     334.50 |      1 |     177.00 |PH
MAR385|M10|20250131|620329|MISC-SALES     |20250108|      70.00 |      1 |       0.00 |MO
MAR385|Q30|20251130|621392|C156/STER      |20251120|      46.25 |      1 |      19.20 |PH
MAR385|W80|20250430|620673|5410M/10KTT    |20250424|    1076.00 |      1 |     260.60 |PH
MAR385|W95|20251231|621516|WEDD/STER      |20251215|     110.00 |      1 |      21.50 |PH
MAR385|X20|20250630|620940|PS11L/STER     |20250618|      43.25 |      1 |      17.44 |PH
MAR385|Z30|20250531|620824|CLAS.LG/STER   |20250522|     136.00 |      1 |      65.40 |PH
MAR388|N40|20251130|621396|21TGA/10KB     |20251120|     165.50 |      1 |      95.96 |PH
MAR388|N40|20251130|621396|9TGA/10KB      |20251120|     716.75 |      1 |     436.20 |PH
MAR388|N40|20251130|621396|9TGB/10KB      |20251120|     716.75 |      1 |     436.20 |PH
MAR388|N40|20251130|621396|B7GA/10KB      |20251120|     649.50 |      1 |     394.69 |PH
MAR388|N40|20251130|621396|B7GC/10KB      |20251120|     649.50 |      1 |     394.69 |PH
MAR388|N40|20251130|621396|L26TG/10KB     |20251120|     165.50 |      1 |      95.96 |PH
MAR388|N50|20251130|621396|29A/STERB      |20251120|      48.00 |      1 |      19.59 |PH
MAR388|N50|20251130|621396|M1S/STERB      |20251120|      48.00 |      1 |      19.59 |PH
MAR388|N50|20251130|621396|S13/STERB      |20251120|      48.00 |      1 |      19.59 |PH
MAR388|N50|20251130|621396|S14BCOL/STERB  |20251120|      51.00 |      1 |      21.49 |PH
MAR388|N50|20251130|621396|SM3COL/STERB   |20251120|      51.00 |      1 |      21.49 |PH
MAR388|N50|20260228|621667|8NB/STERB      |20260219|      88.75 |      1 |      40.96 |MO
MAR388|N50|20260228|621667|S14B/STERB     |20260219|      52.25 |      1 |      22.19 |MO
MAR388|N60|20251130|621396|S14B/GFB       |20251120|      48.00 |      1 |      19.63 |PH
MAR388|N60|20251130|621396|S14BCOL/GFB    |20251120|      51.00 |      1 |      21.38 |PH
MAR388|N60|20260228|621667|M1BTT/GFB      |20260219|      51.25 |      1 |      21.51 |MO
MAR390|C90|20251130|621338|CJ-P/ALLOY     |20251105|     290.00 |     10 |      61.50 |MO
MAR394|F01|20250630|620981|F2585/10K      |20250624|     469.50 |      1 |     118.61 |PH
MAR394|W01|20250630|620935|600M/10KY      |20250617|     621.25 |      1 |     133.34 |PH
MAR394|W01|20250731|621047|7T18M/10KY     |20250717|     843.00 |      1 |     190.33 |PH
MAR404|C80|20250430|620600|CJ-P/STER      |20250409|    1650.00 |     30 |     396.00 |MO
MAR404|C90|20251130|621408|CJ-P/ALLOY     |20251125|     752.00 |     27 |     166.05 |MO
MAR404|E40|20250531|620703|ENGRAVING      |20250501|       3.50 |      1 |       0.00 |MO
MAR404|E40|20250731|621080|ENGRAVING      |20250728|       3.50 |      1 |       0.00 |MO
MAR404|I20|20251231|621520|7GLL/STER      |20251215|     206.00 |      1 |      51.31 |MO
MAR404|R10|20250831|621148|REPAIRS        |20250821|       0.00 |      1 |       0.00 |RP
MAR404|Z10|20250531|620703|SR17B/STER     |20250501|     128.75 |      1 |      44.77 |MO
MAR404|Z10|20250731|621080|SR21B/STER     |20250728|      98.75 |      1 |      44.77 |MO
MAY359|C01|20251130|621340|S15L/10K       |20251105|     846.00 |      1 |     180.80 |MO
MAY359|C01|20251231|621458|S14M/10K       |20251203|    1466.00 |      1 |     839.09 |MO
MAY359|E40|20250331|620498|ENGRAVING      |20250313|       3.50 |      1 |       0.00 |MO
MAY359|E40|20250430|620575|ENGRAVING      |20250403|       4.00 |      1 |       0.00 |PH
MAY359|E40|20250930|621202|ENGRAVING      |20250911|       3.50 |      1 |       0.00 |MO
MAY359|E40|20251130|621340|ENGRAVING      |20251105|       3.50 |      1 |       0.00 |MO
MAY359|E40|20251231|621458|ENGRAVING      |20251203|       3.50 |      1 |       0.00 |MO
MAY359|F30|20250930|621202|FP93/10K       |20250911|     601.00 |      1 |     177.54 |MO
MAY359|M10|20250228|620405|MISC-SALES     |20250205|      80.00-|      2 |       0.00 |PH
MAY359|Q01|20250430|620575|CM5/10K        |20250403|     705.00 |      1 |     172.96 |PH
MAY359|R10|20250228|620404|REPAIRS        |20250205|      65.00 |      2 |       0.00 |RP
MAY359|R10|20250228|620426|REPAIRS        |20250219|       0.00 |      1 |       0.00 |RP
MAY359|R10|20250531|620762|REPAIRS        |20250512|      35.00 |      1 |       0.00 |RP
MAY359|R10|20260228|621697|REPAIRS        |20260226|      45.00 |      1 |       0.00 |RP
MAY359|R10|20260228|621697|REPAIRS        |20260226|      50.00 |      1 |       0.00 |RP
MAY359|S20|20250630|620997|FAM.RING/STER  |20250625|     236.50 |      2 |     123.52 |MO
MAY359|S20|20250731|621087|DAUGHTERS/STER |20250730|      77.00 |      1 |      30.61 |MO
MAY359|S20|20251231|621546|FAM.RING/STER  |20251217|      80.75 |      1 |      61.76 |MO
MAY359|W95|20250331|620482|4T18M/STER     |20250311|      66.00 |      1 |      26.68 |MO
MAY359|Z10|20250331|620498|CLAS.SM/STER   |20250313|     121.00 |      1 |      45.03 |MO
MAY359|Z10|20250930|621202|CLAS.SM/STER   |20250911|     152.00 |      1 |      45.03 |MO
MAY369|F01|20250430|620623|F2579/10KTT    |20250415|     648.00 |      1 |     104.56 |PH
MAY369|F01|20250531|620847|F2596/10K      |20250529|     628.50 |      1 |     120.91 |PH
MAY369|F05|20251231|621560|1879/10K       |20251218|     320.50 |      1 |     191.59 |PH
MAY369|S20|20250630|620967|STONE.SET/STER |20250623|      93.25 |      1 |      61.76 |PH
MAY369|S20|20251231|621560|2080/STER      |20251218|      73.75 |      1 |      31.98 |PH
MAY369|W01|20250331|620521|1000L/10KY     |20250319|     749.00 |      1 |     200.26 |PH
MAY369|W40|20251130|621390|300RM/14KY     |20251119|     535.00 |      1 |     150.48 |PH
MAY369|W50|20250831|621151|200L/18K       |20250825|     542.50 |      1 |     122.33 |PH
MAY369|W60|20250630|621010|5168L/10KTT    |20250626|     680.00 |      1 |     160.69 |PH
MCC394|S30|20260331|621709|PG2068/10K     |20260305|     475.50 |      1 |     261.34 |MO
MCC394|W01|20250531|620779|7T18M/10KY     |20250514|     843.00 |      1 |     190.33 |MO
MCC394|W40|20250630|620973|4T18L/14K      |20250624|     715.00 |      1 |     161.51 |MO
MCM404|E40|20250531|620705|ENGRAVING      |20250501|       3.50 |      1 |       0.00 |PH
MCM404|E40|20260131|621604|ENGRAVING      |20260126|       3.50 |      1 |       0.00 |PH
MCM404|F01|20250131|620371|F2538/10K      |20250124|     351.75 |      1 |      81.70 |PH
MCM404|F01|20250131|620371|F2596/10K      |20250124|     507.00 |      1 |     120.91 |PH
MCM404|F05|20250331|620536|1879/10K       |20250324|     238.00 |      1 |      71.80 |PH
MCM404|R10|20250228|620441|REPAIRS        |20250225|      50.00 |      2 |       0.00 |PH
MCM404|R10|20250630|620966|REPAIRS        |20250623|      55.00 |      1 |       0.00 |RP
MCM404|S01|20250331|620503|1210/10K       |20250317|     268.00 |      1 |      81.24 |PH
MCM404|S01|20250630|620930|1864/14K       |20250617|     578.00 |      1 |     136.30 |PH
MCM404|S20|20250131|620371|FAM.RING/STER  |20250124|     106.50 |      1 |      61.76 |PH
MCM404|S20|20250228|620441|DAUGHTERS/STER |20250225|      61.00 |      1 |      30.61 |PH
MCM404|S20|20250531|620705|STONE.SET/STER |20250501|      67.75 |      1 |      61.76 |PH
MCM404|S20|20251231|621451|DAUGHTERS/STER |20251203|      71.50 |      1 |      30.61 |PH
MCM404|S50|20260331|621715|C528SILV/10K   |20260309|     138.00 |      1 |     600.83 |PH
MCM404|W60|20250531|620705|1T010M/10K     |20250501|     744.00 |      1 |     181.75 |PH
MCM404|W60|20250930|621186|4T91L/10KTT    |20250909|     446.50 |      1 |     114.47 |PH
MCM404|W60|20260131|621604|4T91L/10KTT    |20260126|     565.00 |      1 |     349.07 |PH
MCM404|W60|20260228|621641|2T85L/10K      |20260211|     718.00 |      1 |     391.74 |PH
MCM404|W60|20260228|621641|4T98L/10KTT    |20260211|     580.00 |      1 |     431.41 |PH
MIK358|C20|20250430|620594|S32HM/STER     |20250408|     920.00 |      8 |     459.52 |MO
MIT358|C90|20250531|620854|CJ-P/ALLOY     |20250529|    1665.00 |     90 |     553.50 |MO
MIT358|E40|20250430|620669|ENGRAVING      |20250424|       7.00 |      1 |       0.00 |MO
MIT358|E40|20251130|621399|ENGRAVING      |20251124|      11.50 |      1 |       0.00 |MO
MIT358|E40|20260228|621636|ENGRAVING      |20260205|      14.50 |      1 |       0.00 |MO
MIT358|F01|20250531|620853|F2520/10K      |20250529|     276.50 |      1 |      69.60 |MO
MIT358|F05|20251130|621381|2080/10K       |20251117|     476.00 |      1 |     113.82 |MO
MIT358|I30|20260228|621636|6MLL/GF        |20260205|      57.00 |      1 |      19.89 |MO
MIT358|I40|20251130|621399|15M-BR05/10K   |20251124|    2121.00 |      1 |    1229.96 |MO
MIT358|R10|20250531|620853|REPAIRS        |20250529|       0.00 |      1 |       0.00 |MO
MIT358|X20|20250430|620669|P21M/STER      |20250424|      50.00 |      1 |      12.65 |MO
MIT368|A40|20250630|620884|PE42P/10K      |20250605|      35.00 |      1 |      39.73 |MO
MIT368|E20|20250831|621131|131/STERB      |20250814|      66.00 |      2 |      28.34 |MO
MIT368|M10|20250831|621131|MISC-SALES     |20250814|       0.00 |      1 |       0.00 |MO
MIT368|N20|20251231|621526|32F-30B/STER   |20251215|     202.00 |      4 |      46.00 |MO
MIT368|N30|20251031|621246|14F---60/GF    |20251006|      31.50 |      2 |      13.00 |MO
MIT368|N30|20251031|621246|20F---50/GF    |20251006|      23.75 |      1 |       8.40 |MO
MIT368|N30|20251031|621246|20F---55/GF    |20251006|      24.75 |      1 |       9.08 |MO
MIT368|N30|20251031|621246|20F---60/GF    |20251006|      26.00 |      1 |       9.80 |MO
MIT368|N30|20251031|621246|32F-30B/GF     |20251006|     158.50 |      3 |      34.50 |MO
MIT368|N30|20251031|621246|14F---50/GF    |20251006|      28.00 |      2 |      10.94 |MO
MIT368|N30|20251031|621246|14F---55/GF    |20251006|      30.00 |      2 |      12.10 |MO
MIT368|N50|20250831|621131|20/STER        |20250814|      56.50 |      1 |      24.36 |MO
MIT368|N50|20250831|621131|21/STER        |20250814|      56.50 |      1 |      24.36 |MO
MIT368|N50|20250831|621131|D1/STER        |20250814|      34.00 |      1 |      14.71 |MO
MIT368|N50|20250831|621131|L26/STER       |20250814|      56.50 |      1 |      24.36 |MO
MIT368|N50|20250831|621131|L27/STER       |20250814|      56.50 |      1 |      24.36 |MO
MIT368|N50|20250831|621164|L26/STER       |20250827|      56.00 |      1 |      24.36 |PH
MIT368|N60|20250831|621131|21/GF          |20250814|      53.50 |      1 |      23.00 |MO
MIT368|N60|20250831|621131|D1/GF          |20250814|      31.50 |      1 |      13.11 |MO
MIT368|N60|20250831|621131|L26/GF         |20250814|      53.50 |      1 |      23.70 |MO
MIT368|N60|20250831|621131|L27/GF         |20250814|      53.50 |      1 |      23.70 |MO
MIT368|N60|20260131|621600|44E/GF         |20260121|     144.00 |      1 |      75.60 |MO
MIT368|N80|20250831|621131|97/STER        |20250814|      35.00 |      1 |      14.86 |MO
MIT368|N80|20250831|621131|98/STER        |20250814|      35.00 |      1 |      14.86 |MO
MIT368|N90|20250831|621131|30/GF          |20250814|      55.00 |      2 |      21.42 |MO
MIT368|N90|20250831|621131|32/GF          |20250814|      55.00 |      2 |      21.42 |MO
MIT368|N90|20250831|621131|97/GF          |20250814|      32.00 |      1 |      13.53 |MO
MIT368|N90|20250831|621131|98/GF          |20250814|      32.00 |      1 |      13.53 |MO
MIT368|Q01|20250831|621131|C155/10K       |20250814|      42.50 |      1 |      81.60 |MO
MIT368|Q01|20250831|621131|C157/10K       |20250814|      44.25 |      1 |      90.21 |MO
MIT368|Q01|20250831|621131|C26/10K        |20250814|     231.50 |      1 |      53.32 |MO
MIT368|Q20|20250630|620884|CS13/STER      |20250605|      77.75 |      1 |      35.53 |MO
MIT368|Q30|20250430|620660|C25/STER       |20250422|      40.00 |      1 |      12.33 |MO
MIT368|Q30|20250430|620660|C27/STER       |20250422|      39.75 |      1 |      12.06 |MO
MIT368|Q30|20250430|620660|C33/STER       |20250422|      41.50 |      1 |      13.15 |MO
MIT368|Q30|20250630|620884|C127/STER      |20250605|      27.50 |      1 |      10.65 |MO
MIT368|Q30|20250630|620884|C129/STER      |20250605|      26.25 |      1 |       9.88 |MO
MIT368|Q30|20250630|620884|C156/STER      |20250605|      46.25 |      1 |      19.20 |MO
MIT368|Q30|20250630|620884|C17/STER       |20250605|      27.50 |      1 |      10.68 |MO
MIT368|Q30|20250630|620884|C21/STER       |20250605|      59.50 |      2 |      24.22 |MO
MIT368|Q30|20250630|620884|C22/STER       |20250605|      28.00 |      1 |      11.08 |MO
MIT368|Q30|20250630|620884|C28/STER       |20250605|      26.50 |      1 |      10.12 |MO
MIT368|Q30|20250630|620884|C34/STER       |20250605|      32.75 |      1 |      13.98 |MO
MIT368|Q30|20250630|620884|C50/STER       |20250605|      40.00 |      1 |      15.38 |MO
MIT368|Q30|20250630|620884|CS12/STER      |20250605|      76.50 |      1 |      34.87 |MO
MIT368|Q30|20250630|620884|CS3/STER       |20250605|      86.00 |      1 |      40.63 |MO
MIT368|Q30|20250630|620884|CS6/STER       |20250605|      96.25 |      1 |      47.04 |MO
MIT368|Q30|20250630|620887|C126/STER      |20250605|      26.75 |      1 |      10.26 |MO
MIT368|Q30|20250831|621131|C19A/STER      |20250814|      41.00 |      1 |      16.01 |MO
MIT368|Q30|20250831|621131|C21/STER       |20250814|      29.75 |      1 |      12.11 |MO
MIT368|Q30|20250831|621131|C213/STER      |20250814|      34.25 |      1 |      14.82 |MO
MIT368|Q30|20250831|621131|C23/STER       |20250814|      30.00 |      1 |      12.30 |MO
MIT368|Q30|20250831|621131|C37/STER       |20250814|      66.50 |      2 |      28.60 |MO
MIT368|Q30|20250831|621131|CM13/STER      |20250814|      34.00 |      1 |      14.77 |MO
MIT368|R10|20251231|621527|REPAIRS        |20251215|      82.00 |      1 |       0.00 |RP
MIT368|R10|20260228|621691|REPAIRS        |20260225|      98.00 |      1 |       0.00 |PH
MIT368|S01|20250831|621131|C71/10K        |20250814|      50.00 |      1 |      44.77 |MO
MIT368|S01|20250831|621132|C71/10K        |20250814|     550.00 |     11 |     492.47 |MO
MIT368|S50|20260228|621670|1108MA/10K     |20260219|    1177.00 |      1 |     774.50 |MO
MUR155|C80|20250531|620819|CJ-P/STER      |20250522|     192.00 |      3 |      39.60 |MO
MUR155|D60|20250531|620820|DIE-CHARGE     |20250522|     285.00 |      1 |       0.00 |MO
MUR155|W70|20250731|621074|D6T01M/10KTT   |20250724|     980.00 |      1 |     222.11 |MO
MUR170|E40|20250831|621125|ENGRAVING      |20250814|      20.00 |      1 |       0.00 |PH
MUR170|E40|20250831|621125|ENGRAVING      |20250814|       3.50 |      1 |       0.00 |PH
MUR170|Q01|20250331|620566|C126/10K       |20250331|     138.00 |      1 |      35.64 |PH
MUR170|Q01|20250531|620844|2537NS/10K     |20250529|     130.00 |      2 |     172.96 |PH
MUR170|Q20|20250831|621125|CS6/ST10K      |20250814|     160.50 |      1 |      63.25 |PH
MUR170|W60|20250831|621125|4913M/10KY     |20250814|     926.75 |      1 |     215.18 |PH
MUR170|W80|20250531|620844|5626L/10K      |20250529|     658.00 |      1 |     167.29 |PH
MUR170|W80|20250630|621007|5416M/10KTT    |20250626|    1107.50 |      1 |     260.60 |PH
NAD366|Z30|20250331|620567|CLAS.LG/STER   |20250331|     136.00 |      1 |      65.40 |MO
NAD366|Z30|20250630|620902|CLAS.LG/STER   |20250611|     272.00 |      2 |     130.80 |MO
NAS370|C01|20250430|620601|S7L/10K        |20250409|     921.75 |      1 |     221.89 |MO
NAS370|C01|20250430|620620|S7L/10K        |20250414|     229.00-|      1 |     221.89 |MO
NAS370|C60|20250430|620683|CJ-P/10K       |20250428|    2616.00 |      8 |       0.00 |MO
NAS370|C80|20251031|621323|CJ-P/STER      |20251030|    1440.00 |     42 |     554.40 |MO
NAS370|C90|20250531|620793|CJ-P/ALLOY     |20250521|     130.00 |      2 |      12.30 |MO
NAS370|C90|20250531|620818|CJ-P/ALLOY     |20250522|     200.00 |      5 |      30.75 |MO
NAS370|S50|20250228|620408|1231MA/10K     |20250207|     602.25 |      1 |     187.79 |MO
NOR400|E40|20250531|620783|ENGRAVING      |20250515|       7.00 |      2 |       0.00 |PH
NOR400|F01|20250430|620676|F2524/10K      |20250424|     319.50 |      1 |      85.08 |PH
NOR400|F01|20251231|621445|F2538/10K      |20251203|     430.50 |      1 |     226.17 |PH
NOR400|M10|20250531|620732|MISC-SALES     |20250506|       0.00 |      2 |       0.00 |PH
NOR400|M10|20250731|621089|MISC-SALES     |20250731|       0.00 |      1 |       0.00 |PH
NOR400|M11|20250531|620783|SCHPO1         |20250515|       0.00 |      2 |      24.50 |PH
NOR400|S20|20251031|621254|FAM.RING/STER  |20251008|      70.75 |      1 |      61.76 |PH
NOR400|W01|20251231|621445|600M/10KY      |20251203|     747.50 |      1 |     455.20 |PH
NOR400|W80|20250531|620783|5384M/10K      |20250515|    1174.00 |      1 |     302.60 |PH
NOR400|W80|20250531|620783|5385L/10K      |20250515|     872.00 |      1 |     223.94 |PH
NOR408|C01|20250331|620553|S17RDB/10K     |20250327|     723.00 |      1 |     191.86 |MO
NOR408|C01|20250430|620616|S17RDB/10K     |20250410|    1446.00 |      2 |     383.72 |MO
NOR408|C01|20250430|620616|S19RDB/10K     |20250410|     949.00 |      2 |     263.98 |MO
NOR408|C01|20250430|620652|S17RDB/10K     |20250417|    1446.00 |      2 |     383.72 |MO
NOR408|C01|20250430|620652|S19RDB/10K     |20250417|    1980.00 |      4 |     527.96 |MO
NOR408|C01|20250531|620698|S14RDM/10K     |20250501|    1320.00 |      1 |     334.00 |MO
NOR408|C01|20250531|620698|S19RDB/10K     |20250501|    1509.00 |      3 |     395.97 |MO
NOR408|C01|20250531|620792|S15RDM/10K     |20250515|    2316.00 |      2 |     593.52 |MO
NOR408|C01|20250531|620792|S17RDB/10K     |20250515|     771.00 |      1 |     191.86 |MO
NOR408|C01|20250531|620822|S15RDL/10K     |20250522|     924.00 |      1 |     240.47 |MO
NOR408|C01|20250531|620822|S17RDB/10K     |20250522|     723.00 |      1 |     191.86 |MO
NOR408|C01|20250531|620822|S19RDB/10K     |20250522|     495.00 |      1 |     131.99 |MO
NOR408|C01|20250630|620880|S17RDB/10K     |20250605|     723.00 |      1 |     191.86 |MO
NOR408|C01|20250630|620880|S19RDB/10K     |20250605|     495.00 |      1 |     131.99 |MO
NOR408|C01|20250630|620943|S19RDB/10K     |20250618|     990.00 |      2 |     263.98 |MO
NOR408|C01|20250731|621064|S15RDL/10K     |20250723|     924.00 |      1 |     240.47 |MO
NOR408|C01|20250731|621064|S19RDB/10K     |20250723|     495.00 |      1 |     131.99 |MO
NOR408|C01|20250831|621129|S19RDB/10K     |20250814|     495.00 |      1 |     131.99 |MO
NOR408|C01|20250831|621138|S15RDM/10K     |20250819|    1158.00 |      1 |     296.76 |MO
NOR408|C01|20250831|621175|S15RDM/10K     |20250828|    1158.00-|      1-|     296.76-|PH
NOR408|C01|20251031|621320|S19RDB/10K     |20251030|     555.00 |      1 |     131.99 |MO
NOR408|C01|20251231|621492|S17RDB/10K     |20251210|     990.00 |      1 |     605.08 |MO
NOR408|C20|20250331|620553|S14RDM/STER    |20250327|     150.00 |      1 |      77.55 |MO
NOR408|C20|20250331|620553|S15RDM/STER    |20250327|     145.00 |      1 |      76.84 |MO
NOR408|C20|20250331|620553|S17RDB/STER    |20250327|     144.00 |      1 |      61.41 |MO
NOR408|C20|20250430|620616|S19RDB/STER    |20250410|     206.00 |      2 |     101.86 |MO
NOR408|C20|20250430|620652|S17RDB/STER    |20250417|     240.00 |      2 |     122.82 |MO
NOR408|C20|20250531|620698|S15RDL/STER    |20250501|     177.00 |      1 |      70.93 |MO
NOR408|C20|20250531|620698|S17RDB/STER    |20250501|     360.00 |      3 |     184.23 |MO
NOR408|C20|20250531|620698|S19RDB/STER    |20250501|     103.00 |      1 |      50.93 |MO
NOR408|C20|20250531|620755|S15RDM/STER    |20250508|     145.00 |      1 |      76.84 |MO
NOR408|C20|20250531|620755|S17RDB/STER    |20250508|     501.00 |      4 |     245.64 |MO
NOR408|C20|20250531|620755|S19RDB/STER    |20250508|     309.00 |      3 |     152.79 |MO
NOR408|C20|20250531|620792|S14RDM/STER    |20250515|     150.00 |      1 |      77.55 |MO
NOR408|C20|20250531|620792|S15RDM/STER    |20250515|     145.00 |      1 |      76.84 |MO
NOR408|C20|20250531|620792|S19RDB/STER    |20250515|     103.00 |      1 |      50.93 |MO
NOR408|C20|20250531|620822|S15RDM/STER    |20250522|     290.00 |      2 |     153.68 |MO
NOR408|C20|20250630|620880|S15RDL/STER    |20250605|     135.00 |      1 |      70.93 |MO
NOR408|C20|20250630|620880|S15RDM/STER    |20250605|     145.00 |      1 |      76.84 |MO
NOR408|C20|20250630|620880|S19RDB/STER    |20250605|     324.00 |      3 |     152.79 |MO
NOR408|C20|20250630|620943|S17RDB/STER    |20250618|     120.00 |      1 |      61.41 |MO
NOR408|C20|20250630|620943|S19RDB/STER    |20250618|     103.00 |      1 |      50.93 |MO
NOR408|C20|20250630|621005|S17RDB/STER    |20250626|     240.00 |      2 |     122.82 |MO
NOR408|C20|20250831|621105|S19RDB/STER    |20250806|     118.00 |      1 |      50.93 |MO
NOR408|C20|20250831|621175|S15RDM/STER    |20250828|     145.00-|      1-|      76.84-|PH
NOR408|C20|20250831|621175|S19RDB/STER    |20250828|     118.00-|      1-|      50.93-|PH
NOR408|C20|20250930|621223|S15RDM/STER    |20250918|     145.00 |      1 |      76.84 |MO
NOR408|C20|20251031|621320|S15RDM/STER    |20251030|     145.00 |      1 |      76.84 |MO
NOR408|C20|20251031|621320|S17RDB/STER    |20251030|     119.50 |      1 |      61.41 |MO
NOR408|C20|20260131|621592|S15RDL/STER    |20260115|     135.00 |      1 |      75.59 |MO
NOR408|C20|20260228|621676|N-S16RDM/STER  |20260223|     237.00 |      1 |     115.28 |MO
NOR408|C20|20260228|621676|S19RDB/STER    |20260223|     110.00 |      1 |      57.45 |MO
NOR408|C80|20250630|621005|CJ-P/STER      |20250626|     832.00 |     26 |     343.20 |MO
NOR408|C80|20250831|621129|CJ-P/STER      |20250814|     246.00 |      3 |      39.60 |MO
NOR408|E40|20250331|620553|ENGRAVING      |20250327|      10.50 |      3 |       0.00 |MO
NOR408|E40|20250430|620616|ENGRAVING      |20250410|      21.00 |      6 |       0.00 |MO
NOR408|E40|20250430|620652|ENGRAVING      |20250417|      28.00 |      8 |       0.00 |MO
NOR408|E40|20250531|620698|ENGRAVING      |20250501|      31.50 |      9 |       0.00 |MO
NOR408|E40|20250531|620755|ENGRAVING      |20250508|      28.00 |      8 |       0.00 |MO
NOR408|E40|20250531|620792|ENGRAVING      |20250515|      21.00 |      6 |       0.00 |MO
NOR408|E40|20250531|620822|ENGRAVING      |20250522|      17.50 |      5 |       0.00 |MO
NOR408|E40|20250630|620880|ENGRAVING      |20250605|      24.50 |      7 |       0.00 |MO
NOR408|E40|20250630|620943|ENGRAVING      |20250618|      14.00 |      4 |       0.00 |MO
NOR408|E40|20250630|621005|ENGRAVING      |20250626|       7.00 |      2 |       0.00 |MO
NOR408|E40|20250630|621005|ENGRAVING      |20250626|     130.00 |     26 |       0.00 |MO
NOR408|E40|20250731|621064|ENGRAVING      |20250723|       7.00 |      2 |       0.00 |MO
NOR408|E40|20250831|621105|ENGRAVING      |20250806|       3.50 |      1 |       0.00 |MO
NOR408|E40|20250831|621129|ENGRAVING      |20250814|       3.50 |      1 |       0.00 |MO
NOR408|E40|20250831|621129|ENGRAVING      |20250814|      30.00 |      3 |       0.00 |MO
NOR408|E40|20250831|621138|ENGRAVING      |20250819|       3.50 |      1 |       0.00 |MO
NOR408|E40|20250831|621175|ENGRAVING      |20250828|      10.50-|      3-|       0.00 |PH
NOR408|E40|20250930|621223|ENGRAVING      |20250918|       3.50 |      1 |       0.00 |MO
NOR408|E40|20251031|621320|ENGRAVING      |20251030|      10.50 |      3 |       0.00 |MO
NOR408|E40|20251231|621492|ENGRAVING      |20251210|       3.50 |      1 |       0.00 |MO
NOR408|E40|20260131|621592|ENGRAVING      |20260115|       3.50 |      1 |       0.00 |MO
NOR408|E40|20260228|621676|ENGRAVING      |20260223|       3.50 |      1 |       0.00 |MO
NOR408|E40|20260228|621680|ENGRAVING      |20260223|       3.50 |      1 |       0.00 |MO
NOR408|F01|20250930|621208|F134/14K       |20250911|     536.00 |      1 |     132.25 |MO
NOR408|R10|20250131|620357|REPAIRS        |20250121|      45.00 |      1 |       0.00 |RP
NOR408|R10|20250331|620554|REPAIRS        |20250327|      35.00 |      1 |       0.00 |RP
NOR408|R10|20250430|620653|REPAIRS        |20250417|      75.00 |      2 |       0.00 |RP
NOR408|R10|20250531|620699|REPAIRS        |20250501|     100.00 |      3 |       0.00 |RP
NOR408|R10|20250630|620944|REPAIRS        |20250618|      74.00 |      2 |       0.00 |RP
NOR408|R10|20250731|621064|REPAIRS        |20250723|       0.00 |      1 |       0.00 |MO
NOR408|R10|20250731|621065|REPAIRS        |20250723|      45.00 |      1 |       0.00 |RP
NOR408|R10|20250831|621174|REPAIRS        |20250828|      15.00 |      1 |       0.00 |RP
NOR408|R10|20250930|621209|REPAIRS        |20250911|      25.00 |      1 |       0.00 |RP
NOR408|R10|20250930|621224|REPAIRS        |20250918|      63.00 |      1 |       0.00 |RP
NOR408|R10|20251231|621491|REPAIRS        |20251210|      40.00 |      1 |       0.00 |RP
NOR408|Z10|20250630|621005|CLAS.MD.L/STER |20250626|     119.75 |      1 |      55.34 |MO
OLD382|F01|20251130|621378|F2520/10K      |20251117|     316.75 |      1 |      69.60 |PH
OLD382|F01|20251231|621547|F2579/10KTT    |20251217|     572.75 |      1 |     295.14 |PH
OLD382|F05|20250430|620663|1987/10K       |20250424|     247.25 |      1 |      67.58 |PH
OLD382|F05|20251231|621494|1879/10K       |20251210|     320.50 |      1 |     191.59 |PH
OLD382|F30|20251130|621415|FPR/10K        |20251126|      84.00 |      1 |     256.42 |PH
OLD382|J40|20251130|621378|BR4/GFB        |20251117|      53.00 |      1 |      23.34 |PH
OLD382|J40|20260131|621582|BR22/GF        |20260112|      79.00 |      1 |      36.56 |PH
OLD382|M11|20250531|620744|FAMBRO1        |20250508|       0.00 |      1 |       0.00 |PH
OLD382|S20|20251031|621307|STONE.SET/STER |20251023|     103.00 |      1 |      61.76 |PH
OLD382|S20|20251231|621547|FAM.RING/STER  |20251217|      81.75 |      1 |      61.76 |PH
OLD382|S20|20251231|621547|STONE.SET/STER |20251217|     103.00 |      1 |      61.76 |PH
OLD382|W60|20250430|620583|6T60M/10K      |20250403|     780.75 |      1 |     213.50 |PH
OLD382|W60|20250731|621095|1T46M/10K      |20250731|     819.00 |      1 |     127.68 |PH
OLD382|W60|20250831|621159|1T46M/10K      |20250827|       0.00 |      1 |     127.68 |PH
ONE390|C01|20250228|620463|SA12CM/10K     |20250227|    1600.00 |      1 |     449.72 |MO
ONE390|D60|20250228|620462|DIE-CHARGE     |20250227|     285.00 |      1 |       0.00 |MO
ONE390|N60|20250131|620363|1/GF           |20250122|      17.75 |      1 |      43.90 |PH
ONE390|R10|20250430|620675|REPAIRS        |20250424|      70.00 |      1 |       0.00 |RP
ONE390|R10|20250430|620675|REPAIRS        |20250424|       0.00 |      1 |       0.00 |RP
ONE390|R10|20250531|620782|REPAIRS        |20250515|     108.00 |      1 |       0.00 |RP
ONE390|R10|20250731|621100|REPAIRS        |20250731|       0.00 |      1 |       0.00 |RP
ONE390|W60|20250228|620460|4913M/10KY     |20250227|     798.00 |      1 |     215.18 |MO
PAR400|W80|20250228|620424|5458M/10K      |20250218|     826.50 |      1 |     234.32 |PH
PAR400|W80|20250228|620424|5616L/10K      |20250218|     560.75 |      1 |     167.29 |PH
PEN100|R10|20250228|620446|REPAIRS        |20250226|      45.00 |      1 |       0.00 |RP
PEN100|Z99|20250228|620446|               |20250226|       7.82-|      0 |       0.00 |PH
PEN412|F01|20250430|620646|F2552/10K      |20250417|     476.75 |      1 |     122.52 |PH
PEN430|F05|20250331|620487|1930/10K       |20250311|     216.75 |      1 |      62.19 |PH
PEN430|R10|20250831|621136|REPAIRS        |20250818|       0.00 |      1 |       0.00 |RP
PIR400|F01|20260228|621625|F2575/STER     |20260204|     118.00 |      1 |      86.23 |PH
PIR400|F05|20260131|621587|1987/10K       |20260115|     343.75 |      1 |     189.70 |PH
PIR400|M11|20250430|620586|EMRBRO1        |20250407|       0.00 |      1 |       0.00 |PH
PIR400|M11|20250430|620586|FAMBRO1        |20250407|       0.00 |      1 |       0.00 |PH
PIR400|M11|20250430|620586|SCHBRO1        |20250407|       0.00 |      1 |       0.00 |PH
PIR400|R10|20250831|621162|REPAIRS        |20250827|       0.00 |      1 |       0.00 |RP
PIR400|S20|20250430|620586|FAM.RING/STER  |20250407|      72.50 |      1 |      61.76 |PH
PIR400|S20|20251231|621507|FAM.RING/STER  |20251211|     128.00 |      1 |      61.76 |PH
PIR400|S20|20260228|621682|DAUGHTERS/STER |20260225|     130.00 |      1 |      34.54 |PH
PIR400|S60|20250630|620859|C415.ON-I/STER |20250602|     122.75 |      1 |      38.72 |PH
PIR400|Z10|20250630|620859|CLAS.SM/STER   |20250602|     103.00 |      1 |      45.03 |PH
PIR400|Z10|20250630|620979|CLAS.SM/STER   |20250624|     113.00 |      1 |      45.03 |PH
PIR400|Z10|20250731|621051|CLAS.SM/STER   |20250717|     113.00 |      1 |      45.03 |PH
PIR400|Z10|20250831|621165|CLAS.SM/STER   |20250827|     216.00-|      2-|      90.06-|PH
POA409|C01|20250331|620497|S180M/10K      |20250312|    1023.25 |      1 |     275.85 |MO
POA409|C20|20250228|620416|S74M/STER      |20250211|     151.00 |      1 |      74.57 |MO
POA409|C20|20250630|620908|S33L/STER      |20250612|     366.00 |      3 |     122.31 |MO
POA409|C80|20251031|621322|CJ-P/STER      |20251030|     116.00 |      2 |      26.40 |MO
POA409|C90|20250531|620726|CJ-P/ALLOY     |20250506|     114.00 |      6 |      36.90 |MO
POA409|C90|20251031|621322|CJ-P/ALLOY     |20251030|     162.00 |      6 |      36.90 |MO
POA409|E40|20250831|621115|ENGRAVING      |20250812|       3.50 |      1 |       0.00 |MO
POA409|I40|20251231|621541|2BMLL/10K      |20251216|     646.00 |      1 |     212.08 |MO
POA409|Q01|20250430|620666|CS3/10K        |20250424|     961.50 |      1 |     233.44 |MO
POA409|Q01|20251130|621400|C29D1X02/10K   |20251124|     720.00 |      1 |     451.60 |MO
POA409|Q01|20260331|621722|C29/10K        |20260310|    1180.00 |      1 |     461.20 |MO
POA409|Q30|20250531|620811|C46/STER       |20250522|      69.00 |      1 |      30.19 |MO
POA409|R10|20250228|620416|REPAIRS        |20250211|       0.00 |      1 |       0.00 |MO
POA409|R10|20250831|621115|REPAIRS        |20250812|      25.00 |      1 |       0.00 |MO
POA409|R10|20251031|621322|REPAIRS        |20251030|      70.00 |      2 |       0.00 |MO
POA409|R10|20251130|621400|REPAIRS        |20251124|      30.00 |      1 |       0.00 |MO
POA409|S20|20250430|620590|FAM.RING/STER  |20250408|      93.00 |      1 |      61.76 |MO
POA409|T01|20250228|620459|231TB/10K      |20250227|     550.00 |      1 |     117.03 |MO
POA409|T40|20251231|621541|230-440TB/GP   |20251216|      21.00 |      1 |       6.78 |MO
POA409|W60|20250531|620726|5T06DL/10K     |20250506|    1359.25 |      1 |     517.37 |MO
POA409|W80|20250630|621011|5464M/10KTT    |20250626|     855.00 |      1 |     234.32 |MO
POA409|W95|20260331|621722|5430L/STER     |20260310|     145.25 |      1 |      68.53 |MO
POA409|Z30|20250831|621115|CLAS.MD.M/STER |20250812|     124.00 |      1 |      57.89 |MO
POM410|D60|20250630|620951|DIE-CHARGE     |20250623|      50.00 |      1 |       0.00 |PH
POM410|E40|20250331|620507|ENGRAVING      |20250318|       3.50 |      1 |       0.00 |MO
POM410|E40|20250531|620701|ENGRAVING      |20250501|       3.50 |      1 |       0.00 |PH
POM410|E40|20250531|620817|ENGRAVING      |20250522|       3.50 |      1 |       0.00 |MO
POM410|E40|20250630|620889|ENGRAVING      |20250605|       3.50 |      1 |       0.00 |PH
POM410|E40|20250630|620950|ENGRAVING      |20250623|       3.50 |      1 |       0.00 |PH
POM410|E40|20250731|621054|ENGRAVING      |20250717|       3.50 |      1 |       0.00 |MO
POM410|E40|20250731|621054|ENGRAVING      |20250717|       3.50 |      1 |       0.00 |MO
POM410|M11|20250531|620727|EMRBRO1        |20250506|       0.00 |      1 |       0.00 |PH
POM410|M11|20250531|620727|FAMBRO1        |20250506|       0.00 |      1 |       0.00 |PH
POM410|M11|20250531|620727|SCHBRO1        |20250506|       0.00 |      1 |       0.00 |PH
POM410|N50|20251231|621467|8/STER         |20251208|      80.50 |      1 |      36.23 |PH
POM410|Q30|20251231|621552|CS10/STER      |20251217|      82.50 |      2 |      32.32 |PH
POM410|U01|20250430|620579|RN301B/10K     |20250403|     476.00 |      1 |     130.23 |PH
POM410|U01|20250531|620817|BSN3/10K       |20250522|     341.00 |      1 |      89.86 |MO
POM410|U01|20250731|621054|RN1/10K        |20250717|     407.25 |      1 |      93.49 |MO
POM410|U20|20250531|620701|RN301B/STER    |20250501|      86.00 |      1 |      39.39 |PH
POM410|U20|20250531|620701|RN1/STER       |20250501|      81.50 |      1 |      36.69 |PH
POM410|U20|20250731|621054|RN301B/STER    |20250717|      86.00 |      1 |      39.39 |MO
POM410|U20|20250731|621054|P-PCW301B/STER |20250717|      35.50 |      1 |      11.71 |MO
POM410|U20|20250831|621114|RN301B/STER    |20250812|      86.00 |      1 |      39.39 |PH
POM410|X01|20250131|620352|TL/10K         |20250117|     195.00 |      1 |      73.52 |MO
POM410|Z10|20250331|620507|CLAS.PET/STER  |20250318|     105.00 |      1 |      44.40 |MO
POM410|Z10|20250630|620889|CLAS.SM/STER   |20250605|     131.00 |      1 |      45.03 |PH
POM410|Z10|20250630|620950|CLAS.SM/STER   |20250623|     103.00 |      1 |      45.03 |PH
POM410|Z30|20251031|621317|CLAS.LG/STER   |20251029|     136.00 |      1 |      65.40 |MO
POR411|C20|20260228|621643|S6M/STER       |20260211|     477.75 |      3 |     246.72 |MO
POR411|F01|20250930|621193|F2538/10K      |20250910|     312.75 |      1 |      78.55 |MO
POR411|F01|20251231|621522|F2523/10K      |20251215|     420.00 |      1 |     260.52 |MO
POR411|F05|20250930|621216|1879/14K       |20250917|     480.50 |      1 |      98.69 |MO
POR411|I30|20251130|621350|15LL/GF        |20251106|     192.00 |      2 |      71.42 |PH
POR411|I60|20251130|621406|15M-60C/GF     |20251125|     192.00 |      2 |      93.86 |MO
POR411|M10|20251231|621480|MISC-SALES     |20251210|     710.00 |      2 |       0.00 |MO
POR411|R10|20250831|621117|REPAIRS        |20250812|       0.00 |      1 |       0.00 |RP
POR411|S20|20250430|620587|FAM.RING/STER  |20250407|      70.75 |      1 |      61.76 |MO
POR411|W60|20250228|620430|5T57L/10KTT    |20250221|     743.50 |      1 |     201.35 |MO
POR411|W60|20250930|621229|1T84M/10K      |20250922|     822.75 |      1 |     181.75 |MO
POW412|E40|20250531|620708|ENGRAVING      |20250501|       3.50 |      1 |       0.00 |MO
POW412|E40|20250831|621142|ENGRAVING      |20250819|       3.50 |      1 |       0.00 |PH
POW412|E40|20251031|621308|ENGRAVING      |20251023|       3.50 |      1 |       0.00 |PH
POW412|I50|20250531|620708|2BMLL/STER     |20250501|      50.75 |      1 |      23.38 |MO
POW412|I60|20250531|620708|1BMLL/GF       |20250501|      47.00 |      1 |      19.92 |MO
POW412|I60|20250531|620708|2BMLL/GF       |20250501|     103.00 |      2 |      46.76 |MO
POW412|R10|20250430|620628|REPAIRS        |20250416|      99.00 |      1 |       0.00 |RP
POW412|S01|20250228|620417|1985/10K       |20250212|     255.75 |      1 |      68.46 |PH
POW412|Y20|20250430|620627|J1/GF          |20250416|      12.00 |     12 |       1.20 |MO
POW412|Y20|20250430|620627|J3/GF          |20250416|      12.00 |     12 |       1.20 |MO
POW412|Y20|20250430|620627|J9/GF          |20250416|      18.00 |     12 |       1.80 |MO
POW412|Y30|20250430|620627|J1/STER        |20250416|      12.00 |     12 |       1.20 |MO
POW412|Y30|20250430|620627|J10/STER       |20250416|      18.00 |     12 |       2.40 |MO
POW412|Y30|20250430|620627|J2/STER        |20250416|      12.00 |     12 |       1.20 |MO
POW412|Y30|20250430|620627|J3/STER        |20250416|      12.00 |     12 |       1.20 |MO
POW412|Y30|20250430|620627|J5/STER        |20250416|      18.00 |     18 |       1.80 |MO
POW412|Y30|20250430|620627|J9/STER        |20250416|      27.00 |     18 |       2.70 |MO
POW412|Z30|20250531|620708|CLAS.MD.M/STER |20250501|     124.00 |      1 |      57.89 |MO
POW412|Z30|20250831|621142|CLAS.MD.M/STER |20250819|     124.00 |      1 |      57.89 |PH
POW412|Z30|20251031|621308|CLAS.LG/STER   |20251023|     136.00 |      1 |      65.40 |PH
PRA510|C60|20260228|621679|CJ-P/10K       |20260223|     500.00 |      2 |       0.00 |MO
PRA510|E40|20260228|621679|ENGRAVING      |20260223|       9.00 |      2 |       0.00 |MO
PRA510|F01|20250131|620356|F2537/10K      |20250121|     379.00 |      1 |      99.38 |MO
PRA510|F01|20251231|621525|F2579/10KTT    |20251215|     628.25 |      1 |     295.14 |PH
PRA510|F05|20250731|621038|1869/10K       |20250716|     205.25 |      1 |      55.90 |MO
PRA510|F30|20260228|621678|FPR/10K        |20260223|     512.00 |      1 |     274.50 |MO
PRA510|Q04|20251231|621525|CC80/10K       |20251215|     628.00 |      1 |     368.96 |PH
PRE435|F05|20260131|621602|1869/10K       |20260121|     291.00 |      1 |     160.09 |PH
PUR415|F30|20251130|621427|H87-1/10K      |20251127|     771.00 |      5 |     216.75 |MO
PUR415|F30|20251231|621495|FPR/10K        |20251210|     591.00 |      1 |     313.44 |PH
PUR415|F30|20251231|621500|FPR/10K        |20251210|     591.00-|      1-|     313.44-|PH
RAB417|U01|20250930|621225|RN1/10K        |20250918|     359.25 |      1 |      93.49 |MO
RAB417|U01|20251031|621278|RN1/10K        |20251016|     359.25-|      1-|      93.49-|PH
RAB417|U01|20251031|621284|RN1/10K        |20251020|     359.25 |      1 |      93.49 |MO
RAB417|W70|20250731|621032|DF4T01L/10KTT  |20250710|     575.75 |      1 |     140.70 |MO
RAN185|D60|20250331|620527|DIE-CHARGE     |20250320|     100.00 |      1 |       0.00 |MO
RAN185|Z30|20250331|620526|CLAS.LG/STER   |20250320|     136.00 |      1 |      65.40 |PH
RAN185|Z30|20250630|620861|CLAS.LG/STER   |20250602|     102.00-|      1-|      65.40-|MO
RAN420|N40|20250531|620780|B7GA/10K       |20250515|     467.50 |      1 |     129.99 |MO
RAN420|Q01|20251031|621296|C29/10K        |20251023|    1144.00 |      2 |     250.20 |PH
RCG103|N50|20250228|620420|29E/STERB      |20250213|      56.00 |      1 |      24.32 |PH
RCG103|N50|20250228|620420|S13COL/STERB   |20250213|      51.00 |      1 |      21.49 |PH
RCG103|N50|20251130|621347|S10COL/STER    |20251106|      43.00 |      1 |      23.02 |PH
RCM110|C60|20250630|620939|CJ2134/10K     |20250618|     862.00 |      2 |     227.96 |MO
RCM110|C60|20250930|621182|CJ2134/10K     |20250908|    2586.00 |      6 |     683.88 |MO
RCM110|C60|20260228|621622|CJ2134/10K     |20260203|    2355.00 |      4 |    1397.00 |MO
RCM110|C80|20250630|620939|CJ2134/STER    |20250618|     303.75 |      5 |     140.40 |MO
RCM110|C80|20260228|621622|CJ2134/STER    |20260203|     412.50 |      6 |     198.36 |MO
REE182|G20|20251130|621412|230-440CL/STER |20251126|     148.50 |      1 |      38.57 |MO
REE182|T60|20250930|621213|S52DT/10K      |20250917|     136.00 |      1 |      48.57 |MO
REI410|C20|20250131|620349|S14M/STER      |20250117|     121.25 |      1 |      62.50 |MO
REI410|C20|20250331|620493|S16RDM/STER    |20250312|     186.75 |      1 |      88.02 |MO
REI410|C20|20250630|620987|S14M/STER      |20250625|     121.25 |      1 |      62.50 |MO
REI410|C20|20251031|621285|S16M/STER      |20251020|     128.00 |      1 |      66.64 |MO
REI410|C20|20251231|621504|S16M/STER      |20251211|     137.00 |      1 |      66.64 |MO
REI410|M11|20251031|621285|EMRBRO1        |20251020|       0.00 |      1 |       0.00 |MO
REI410|U01|20260228|621659|LPN301B/10K    |20260217|     800.50 |      1 |     432.72 |MO
REI410|U20|20250630|620912|LPN301B/STER   |20250612|     116.00 |      1 |      39.39 |MO
REI410|U20|20250630|620987|CCA301B/STER   |20250625|      86.00 |      1 |      39.39 |MO
REI410|W40|20250531|620772|4T00RL/14K     |20250513|    1197.50 |      1 |     161.19 |MO
REI410|W95|20250831|621119|WEDD/STER      |20250812|     107.75 |      1 |      21.50 |MO
REI410|W95|20251031|621285|WEDD/STER      |20251020|     104.50 |      1 |      21.50 |MO
REI410|Y01|20251231|621504|CL/10K         |20251211|      47.00 |      4 |      28.80 |MO
REI410|Y01|20251231|621504|LL/10K         |20251211|     129.00 |      6 |      79.02 |MO
REI410|Y20|20251231|621504|CL/GF          |20251211|      13.00 |      4 |       8.00 |MO
REI410|Y20|20251231|621504|LL/GF          |20251211|      13.50 |      3 |       8.13 |MO
REI410|Y30|20251231|621504|CL/STER        |20251211|      22.50 |      6 |      13.38 |MO
REI410|Y30|20251231|621504|LL/STER        |20251211|      28.50 |      6 |      17.46 |MO
REM150|W01|20250630|621015|3T18L/10KW     |20250626|     379.50 |      1 |      86.28 |PH
REM150|W01|20250630|621015|5T18M/10KW     |20250626|     611.50 |      1 |     138.59 |PH
REN500|W80|20250731|621045|5298M/10KTT    |20250717|    1144.00 |      1 |     260.60 |PH
RIC443|E40|20250831|621176|ENGRAVING      |20250828|      31.00 |      2 |       0.00 |PH
RIC443|E40|20251031|621244|ENGRAVING      |20251006|      12.00 |      1 |       0.00 |PH
RIC443|E40|20251231|621443|ENGRAVING      |20251203|       5.50 |      1 |       0.00 |PH
RIC443|I50|20250531|620781|7GMLL/STER     |20250515|     186.00 |      1 |     102.54 |PH
RIC443|I50|20250831|621176|15M-60C/STER   |20250828|     130.00 |      1 |      67.60 |PH
RIC443|I50|20250831|621176|2BM-20F/STER   |20250828|      59.00 |      1 |      27.10 |PH
RIC443|I50|20251031|621244|2AMLL/STER     |20251006|      65.00 |      1 |      23.38 |PH
RIC443|Q01|20251231|621443|C39/10K        |20251203|    1705.00 |      1 |     718.38 |PH
RIC443|R10|20250131|620347|REPAIRS        |20250117|       0.00 |      1 |       0.00 |RP
RIC443|R10|20250930|621197|REPAIRS        |20250911|       0.00 |      1 |       0.00 |PH
RIC443|R10|20251231|621511|REPAIRS        |20251211|       0.00 |      1 |       0.00 |RP
RIC443|S01|20250531|620848|1302HEM/10K    |20250529|     323.75 |      1 |      84.39 |PH
RIC443|S01|20250531|620848|1863HEM/10K    |20250529|     352.00 |      1 |      92.29 |PH
RIC483|E40|20250430|620585|ENGRAVING      |20250403|       3.50 |      1 |       0.00 |PH
RIC483|Z01|20250430|620582|SR51B/10K      |20250403|     357.00 |      1 |     103.73 |PH
RIC483|Z10|20250430|620678|SR81B/STER     |20250424|     135.25 |      1 |      52.52 |PH
RIC483|Z30|20250228|620413|CLAS.MD.M/STER |20250211|     124.00 |      1 |      57.89 |PH
RIC483|Z30|20250430|620582|SR122DM/STER   |20250403|     119.75 |      1 |      59.50 |PH
ROB425|W80|20250731|621028|5292M/10K      |20250710|     916.00 |      1 |     225.56 |MO
ROB425|W80|20250731|621028|5293L/10K      |20250710|     676.00 |      1 |     174.16 |MO
ROG438|C20|20250430|620589|S32M/STER      |20250408|    1632.00 |     14 |     692.02 |MO
ROG438|C20|20250531|620714|S32HM/STER     |20250502|    4746.00 |     42 |    2412.48 |MO
ROG438|C20|20260228|621693|S33HM/STER     |20260226|    3192.00 |     28 |    1627.92 |MO
ROG438|D60|20260228|621694|DIE-CHARGE     |20260226|     185.00 |      1 |       0.00 |MO
SAV464|W80|20250731|621072|5296M/10KTT    |20250724|    1144.00 |      1 |     260.60 |PH
SAV464|W80|20250731|621091|5296L/10KTT    |20250731|     912.00 |      1 |     207.10 |PH
SAV464|W80|20250731|621091|5296M/10KTT    |20250731|    1144.00-|      1-|     260.60-|PH
SAV464|Z10|20250630|620971|SR21B/STER     |20250624|      92.75 |      1 |      44.77 |PH
SAV466|E40|20250630|620896|ENGRAVING      |20250611|       3.50 |      1 |       0.00 |PH
SAV466|E40|20251031|621315|ENGRAVING      |20251029|       3.50 |      1 |       0.00 |MO
SAV466|N60|20250331|620537|44A/GFB        |20250324|     124.50 |      1 |      62.32 |PH
SAV466|W80|20250731|621060|5188M/10K      |20250723|     807.00 |      1 |     256.59 |MO
SAV466|Z10|20250630|620938|SR105DB/STER   |20250618|     110.75 |      1 |      55.96 |PH
SAV466|Z10|20250731|621020|SR91B/STER     |20250709|     115.75 |      1 |      47.93 |MO
SAV466|Z10|20251031|621315|CLAS.SM/STER   |20251029|     103.00 |      1 |      45.03 |MO
SAV466|Z30|20250630|620896|CLAS.LG/STER   |20250611|     136.00 |      1 |      65.40 |PH
SAV466|Z30|20251031|621315|CLAS.LG/STER   |20251029|     136.00 |      1 |      65.40 |MO
SCO453|U20|20250331|620504|FF4/STER       |20250317|     136.00 |      1 |      65.40 |MO
SEA456|C90|20251130|621353|CJ-P/ALLOY     |20251106|      50.00 |      2 |      12.30 |PH
SEA456|D60|20251130|621354|DIE-CHARGE     |20251106|     285.00 |      1 |       0.00 |PH
SEA456|E40|20250131|620355|ENGRAVING      |20250121|       3.50 |      1 |       0.00 |MO
SEA456|E40|20260131|621596|ENGRAVING      |20260120|       3.50 |      1 |       0.00 |PH
SEA456|F01|20250131|620355|F138/10K       |20250121|     456.00 |      1 |     127.99 |MO
SEA456|N50|20250531|620840|3NH/STERB      |20250529|     117.25 |      1 |      58.05 |PH
SEA456|Q01|20260331|621716|C26B/10K       |20260309|     339.25 |      1 |     189.66 |PH
SEA456|Q30|20250131|620355|C21A/STER      |20250121|      31.00 |      1 |      12.67 |MO
SEA456|Q30|20250131|620355|C26B/STER      |20250121|      33.25 |      1 |      14.28 |MO
SEA456|Q30|20250430|620577|C21A/STER      |20250403|      30.75 |      1 |      12.67 |PH
SEA456|Q30|20250430|620577|C29/STER       |20250403|      82.00 |      1 |      22.72 |PH
SEA456|Q30|20250430|620577|CB63/STER      |20250403|      63.25 |      1 |      26.01 |PH
SEA456|Q30|20250430|620577|CM17/STER      |20250403|      71.25 |      1 |      31.53 |PH
SEA456|Q40|20260131|621596|INIT.LG/10K    |20260120|      57.50 |      1 |      30.81 |PH
SEA456|R10|20250430|620631|REPAIRS        |20250416|       0.00 |      1 |       0.00 |RP
SEA456|S50|20250430|620672|1059.ON-I/10K  |20250424|     378.00 |      1 |      99.13 |PH
SEA456|U20|20260131|621596|FF4/STER       |20260120|     153.25 |      1 |      82.24 |PH
SEA456|W01|20250228|620443|3T18L/10KW     |20250226|     342.50 |      1 |      86.28 |PH
SEA456|W01|20250531|620840|5001M/10KW     |20250529|     317.75 |      1 |      73.12 |PH
SEA456|W01|20250531|620840|S200RL/10KW    |20250529|     158.50 |      1 |      37.43 |PH
SEA456|W01|20250531|620840|S200RL/10KY    |20250529|     158.50 |      1 |      37.43 |PH
SEA456|W01|20251031|621289|400TM/10KW     |20251021|     672.50 |      1 |     133.93 |PH
SEA456|W01|20251031|621289|500TM/10KY     |20251021|     852.00 |      1 |     168.59 |PH
SEA456|W01|20251031|621289|S400RM/10KY    |20251021|     359.00 |      1 |      73.46 |PH
SEA456|W01|20251031|621289|S500RM/10KY    |20251021|     434.00 |      1 |      87.88 |PH
SEA456|W20|20250228|620443|600M/10KW      |20250226|     527.50 |      1 |     133.34 |PH
SEA456|W60|20250131|620355|1T84M/10K      |20250121|     666.00 |      1 |     181.75 |MO
SEA456|W60|20250131|620355|5T10M/10K      |20250121|     669.75 |      1 |     184.25 |MO
SEA456|W60|20250228|620443|1T70M/10K      |20250226|     713.00 |      1 |     181.75 |PH
SEA456|W60|20250228|620443|5T10M/10K      |20250226|    1434.00 |      2 |     368.50 |PH
SEA456|W95|20251231|621469|WEDD/STER      |20251208|     156.25 |      2 |      43.00 |PH
SEC400|F01|20250228|620440|F2547/10K      |20250225|     435.75 |      1 |     117.17 |MO
SEC400|F01|20250331|620512|F2538/10K      |20250318|     280.75 |      1 |      81.70 |MO
SEC400|F01|20250430|620647|F2530/10K      |20250417|     259.50 |      1 |      74.84 |PH
SEC400|F01|20250430|620647|F2538/10K      |20250417|     280.75 |      1 |      81.70 |PH
SEC400|F01|20250430|620649|F2538/10K      |20250417|     280.75-|      1-|      81.70-|MO
SEC400|F01|20250430|620667|F2578/10KTT    |20250424|     799.00 |      1 |     152.25 |MO
SEC400|F01|20251130|621352|F2579/10KTT    |20251106|     588.50 |      1 |     104.56 |MO
SEC400|F05|20251130|621352|1879/10K       |20251106|     312.00 |      1 |      71.80 |MO
SEC400|R10|20250531|620734|REPAIRS        |20250507|       0.00 |      1 |       0.00 |RP
SEC400|S20|20250228|620393|DAUGHTERS/STER |20250204|      77.00 |      1 |      30.61 |MO
SEC400|S20|20250331|620512|DAUGHTERS/STER |20250318|      66.75 |      1 |      30.61 |MO
SEC400|S20|20250430|620647|DAUGHTERS/STER |20250417|      66.75 |      1 |      30.61 |PH
SEC400|S20|20250430|620649|DAUGHTERS/STER |20250417|      66.75-|      1-|      30.61-|MO
SEC400|S20|20250630|620931|DAUGHTERS/STER |20250617|      60.00 |      1 |      30.61 |MO
SEC400|S20|20250630|620931|FAM.RING/STER  |20250617|      86.25 |      1 |      61.76 |MO
SEC400|S20|20251031|621263|DAUGHTERS/STER |20251009|     144.25 |      2 |      61.22 |MO
SEC400|S20|20251130|621352|FAM.RING/STER  |20251106|     175.00 |      1 |      61.76 |MO
SEC400|S20|20251231|621571|FAM.RING/STER  |20251218|     157.25 |      2 |     123.52 |MO
SHE476|E40|20250630|620875|ENGRAVING      |20250605|      45.50 |     13 |       0.00 |MO
SHE476|E40|20250630|620976|ENGRAVING      |20250624|       3.50 |      1 |       0.00 |MO
SHE476|F01|20251231|621559|F138/10K       |20251218|     693.00 |      1 |     390.56 |MO
SHE476|Q01|20250430|620671|SL3/10K        |20250424|     219.00 |      1 |      51.83 |MO
SHE476|Q01|20250430|620671|SL8/10K        |20250424|     311.75 |      1 |      73.69 |MO
SHE476|Z10|20250630|620875|CLAS.MD.L/STER |20250605|     359.25 |      3 |     166.02 |MO
SHE476|Z10|20250630|620875|CLAS.SM/STER   |20250605|     103.00 |      1 |      45.03 |MO
SHE476|Z10|20250630|620875|SR105DB/STER   |20250605|     110.75 |      1 |      55.96 |MO
SHE476|Z10|20250630|620875|SR21B/STER     |20250605|     185.50 |      2 |      89.54 |MO
SHE476|Z10|20250630|620875|SR23B/STER     |20250605|      86.00 |      1 |      40.67 |MO
SHE476|Z10|20250630|620875|SR53B/STER     |20250605|      92.75 |      1 |      44.77 |MO
SHE476|Z10|20250630|620875|SR61L/STER     |20250605|     112.50 |      1 |      49.59 |MO
SHE476|Z10|20250630|620875|SR91B/STER     |20250605|     195.50 |      2 |      95.86 |MO
SHE476|Z10|20250630|620875|SR99B/STER     |20250605|      99.50 |      1 |      48.96 |MO
SHE476|Z10|20250630|620976|CLAS.PET/STER  |20250624|      92.00 |      1 |      44.40 |MO
SHE476|Z30|20250630|620875|CLAS.LG/STER   |20250605|     272.00 |      2 |     130.80 |MO
SHE476|Z30|20250630|620976|SR122DM/STER   |20250624|     119.75 |      1 |      59.50 |MO
SIL410|C20|20260228|621674|S301B/STER     |20260223|     177.76 |      2 |      98.36 |MO
SIL410|E40|20250630|620933|ENGRAVING      |20250617|       6.00 |      1 |       0.00 |MO
SIL410|Q30|20250630|620933|C19B/STER      |20250617|      64.50 |      1 |      18.17 |MO
SIL410|Q30|20250630|620933|CM16/STER      |20250617|      95.50 |      1 |      46.53 |MO
SIL410|R10|20250131|620382|REPAIRS        |20250129|      45.00 |      1 |       0.00 |RP
SIL410|R10|20250531|620721|REPAIRS        |20250505|      45.00 |      1 |       0.00 |RP
SIM458|W60|20250731|621046|3T52M/10K      |20250717|     755.50 |      1 |     173.84 |MO
SMI510|C60|20250831|621116|S14LP/10K      |20250812|     190.00 |      1 |      45.81 |MO
SMI510|J30|20250531|620722|BR5/STERB      |20250505|     318.00 |      6 |     140.04 |PH
SMI510|N80|20250531|620722|30/STER        |20250505|     102.75 |      3 |      35.40 |PH
SMI510|N80|20250531|620722|32/STER        |20250505|      99.75 |      3 |      33.45 |PH
SMI510|U20|20251031|621294|RN1/STER       |20251023|      81.50 |      1 |      36.69 |MO
SMI510|W60|20250131|620386|1T080M/10K     |20250131|     673.50 |      1 |     186.60 |PH
SMI510|W60|20250930|621236|5T01BM/10KTT   |20250930|     655.00 |      1 |     155.84 |MO
SPI190|Z10|20250831|621104|SR125DB/STER   |20250806|      98.00 |      1 |      48.00 |MO
STA490|C80|20250228|620435|CJ-P/STER      |20250225|     210.00 |      5 |      66.00 |MO
STA490|C80|20250531|620797|CJ-P/STER      |20250521|     168.00 |      4 |      52.80 |MO
STA490|C80|20260228|621628|CJ-P/STER      |20260204|    2365.00 |     55 |     899.25 |MO
STA490|C90|20251130|621388|CJ-P/ALLOY     |20251119|     138.00 |      6 |      36.90 |MO
STA490|E40|20250228|620407|ENGRAVING      |20250207|       3.50 |      1 |       0.00 |MO
STA490|W80|20250228|620407|5608L/10K      |20250207|     560.75 |      1 |     167.29 |MO
STE475|F01|20260228|621685|F2586/10K      |20260225|     655.00 |      1 |     362.28 |PH
STE475|Q30|20251130|621401|C42/STER       |20251124|      88.00 |      1 |      41.72 |PH
STE475|W60|20250228|620465|4913M/10KY     |20250227|    1250.00 |      1 |     215.18 |PH
STE487|D60|20250531|620707|DIE-CHARGE     |20250501|     100.00 |      1 |       0.00 |PH
STE487|S01|20250228|620451|2003/10K       |20250227|     273.00 |      1 |      90.21 |PH
STE487|W01|20250930|621231|6T18M/10KY     |20250924|     778.25 |      1 |     169.39 |MO
STE487|W01|20251231|621488|6T18BM/10K     |20251210|     978.00 |      1 |     589.68 |PH
STE487|W60|20250131|620387|4T15L/10KTT    |20250131|     553.75 |      1 |     163.09 |PH
STE487|Z10|20250531|620706|CLAS.SM/STER   |20250501|     103.00 |      1 |      45.03 |PH
SUG050|E40|20250331|620508|ENGRAVING      |20250318|      38.50 |     11 |       0.00 |MO
SUG050|E40|20260228|621688|ENGRAVING      |20260225|      21.00 |      6 |       0.00 |MO
SUG050|M10|20250331|620515|MISC-SALES     |20250318|      65.00 |      1 |       0.00 |PH
SUG050|Z30|20250331|620508|CLAS.LG/STER   |20250318|    1496.00 |     11 |     719.40 |MO
SUG050|Z30|20260228|621688|CLAS.LG/STER   |20260225|     978.00 |      6 |     493.44 |MO
SWA494|C90|20251130|621391|CJ-P/ALLOY     |20251120|     175.00 |      5 |      30.75 |MO
SWA494|F01|20250228|620452|F140/10K       |20250227|     408.50 |      1 |     120.43 |PH
SWA494|Q01|20250531|620770|C17/10K        |20250513|     186.50 |      1 |      39.36 |PH
SWA494|W80|20260131|621603|5530M/10K      |20260126|     896.25 |      1 |     529.28 |PH
TAY475|S20|20250430|620681|FAM.RING/STER  |20250424|     144.75 |      1 |      61.76 |MO
TAY490|C01|20250331|620568|S15L/10K       |20250401|     618.00 |      1 |     180.80 |MO
TAY490|C01|20250930|621238|SA16M/10K      |20250930|    4963.50 |      2 |    1084.50 |MO
TAY490|C01|20251031|621301|S46M/10K       |20251023|    4168.00 |      2 |     790.80 |MO
TAY490|C01|20251130|621387|S17B/10K       |20251119|     707.00 |      1 |     141.19 |MO
TAY490|C01|20251130|621389|S33HL/10K      |20251119|    1853.50 |      2 |     380.26 |MO
TAY490|C01|20251130|621422|S180M/10K      |20251127|   15477.75 |      9 |    7927.65 |MO
TAY490|C01|20251130|621426|S18L/10K       |20251127|    1226.50 |      1 |     750.90 |MO
TAY490|C01|20251130|621429|S18L/10K       |20251127|    1226.50-|      1-|     750.90-|MO
TAY490|C01|20251231|621439|S18L/10K       |20251203|    1226.50 |      1 |     750.90 |MO
TAY490|C01|20251231|621573|S17B/10K       |20251218|     707.00-|      1-|     443.69-|MO
TAY490|C20|20250331|620568|S15L/STER      |20250401|     336.00 |      3 |     164.79 |MO
TAY490|C60|20251130|621422|CJ-P/10K       |20251127|    8220.00 |     20 |       0.00 |MO
TAY490|C80|20250430|620696|CJ-P/STER      |20250430|    1575.00 |     50 |     660.00 |MO
TAY490|C80|20250531|620751|CJ-P/STER      |20250508|     432.00 |     18 |     237.60 |MO
TAY490|C80|20250630|620915|CJ-P/STER      |20250612|     275.00 |     10 |     132.00 |MO
TAY490|C80|20251130|621387|CJ-P/STER      |20251119|      53.00 |      1 |      13.20 |MO
TAY490|C90|20250131|620339|CJ-P/ALLOY     |20250114|      36.00 |      2 |      12.30 |MO
TAY490|C90|20250430|620696|CJ-P/ALLOY     |20250430|     120.00 |      6 |      36.90 |MO
TAY490|C90|20251231|621489|CJ-P/ALLOY     |20251210|     280.00 |     14 |      86.10 |MO
TAY490|C90|20260228|621684|CJ-P/ALLOY     |20260225|      76.00 |      4 |      24.60 |MO
TAY490|D60|20250331|620569|DIE-CHARGE     |20250401|     185.00 |      1 |       0.00 |MO
TAY490|E40|20250331|620568|ENGRAVING      |20250401|       7.00 |      2 |       0.00 |MO
TAY490|E40|20250630|620915|ENGRAVING      |20250612|      50.00 |     10 |       0.00 |MO
TAY490|E40|20251031|621301|ENGRAVING      |20251023|       7.00 |      2 |       0.00 |MO
TAY490|E40|20251130|621387|ENGRAVING      |20251119|       3.50 |      1 |       0.00 |MO
TAY490|E40|20251130|621387|ENGRAVING      |20251119|       5.50 |      1 |       0.00 |MO
TAY490|E40|20251130|621422|ENGRAVING      |20251127|      31.50 |      9 |       0.00 |MO
TAY490|E40|20251130|621426|ENGRAVING      |20251127|       3.50 |      1 |       0.00 |MO
TAY490|E40|20251130|621429|ENGRAVING      |20251127|       3.50-|      1-|       0.00 |MO
TAY490|E40|20251231|621439|ENGRAVING      |20251203|       3.50 |      1 |       0.00 |MO
TAY490|E40|20251231|621573|ENGRAVING      |20251218|       3.50-|      1-|       0.00 |MO
TAY490|E40|20260131|621609|ENGRAVING      |20260128|       3.50 |      1 |       0.00 |MO
TAY490|E40|20260228|621683|ENGRAVING      |20260225|       3.50 |      1 |       0.00 |MO
TAY490|F01|20250131|620346|F400T/10K      |20250116|     478.50 |      1 |     134.55 |MO
TAY490|F01|20250228|620453|F2513/10K      |20250227|     297.75 |      1 |      88.91 |MO
TAY490|F01|20250331|620535|F2552/14K      |20250324|     863.00 |      1 |     178.71 |MO
TAY490|F01|20250831|621156|F400T/10K      |20250827|     580.00 |      1 |     134.55 |MO
TAY490|F01|20250930|621215|F2538/10K      |20250917|     239.00 |      1 |      78.55 |MO
TAY490|F01|20251031|621290|F2520/10K      |20251022|     312.00 |      1 |      69.60 |MO
TAY490|F01|20251130|621375|F140/14K       |20251117|     995.00 |      1 |     175.46 |MO
TAY490|F01|20251231|621490|F2584/10K      |20251210|     712.00 |      1 |     404.56 |MO
TAY490|F01|20251231|621521|F2596/14K      |20251215|     925.00 |      1 |     546.16 |MO
TAY490|F01|20260228|621683|F134/10K       |20260225|     627.00 |      1 |     287.19 |MO
TAY490|F30|20260131|621609|FP93/10K       |20260128|     841.00 |      1 |     325.78 |MO
TAY490|M11|20250331|620474|FAMBRO1        |20250306|       0.00 |      1 |       0.00 |MO
TAY490|M11|20250331|620474|SCHBRO1        |20250306|       0.00 |      1 |       0.00 |MO
TAY490|M11|20250831|621156|EMRBRO1        |20250827|       0.00 |      1 |       0.00 |MO
TAY490|Q01|20250831|621143|C21/10K        |20250819|     294.50 |      2 |      69.42 |MO
TAY490|Q07|20250531|620846|CC73/14K       |20250529|     455.50 |      1 |     100.95 |MO
TAY490|Q20|20250430|620603|C33/ST10K      |20250410|     112.00 |      2 |      36.42 |MO
TAY490|Q20|20250930|621230|C19/ST10K      |20250924|      78.50 |      1 |      24.49 |MO
TAY490|Q20|20250930|621230|C20/ST10K      |20250924|      76.75 |      1 |      23.37 |MO
TAY490|Q20|20251130|621375|CS12/ST10K     |20251117|     158.50 |      1 |      47.45 |MO
TAY490|Q30|20250430|620603|C29/STER       |20250410|      76.00 |      1 |      22.72 |MO
TAY490|Q30|20251130|621375|C29/STER       |20251117|      80.00 |      1 |      22.72 |MO
TAY490|S20|20250430|620572|FAM.RING/STER  |20250402|     144.75 |      1 |      61.76 |MO
TAY490|S20|20250430|620635|FAM.RING/STER  |20250416|     144.75-|      1-|      61.76-|MO
TAY490|W95|20250430|620603|4T18L/STER     |20250410|     126.00 |      2 |      49.60 |MO
TAY490|W95|20250430|620603|6T18M/STER     |20250410|      75.25 |      1 |      31.89 |MO
TAY490|W95|20250930|621230|4T18L/STER     |20250924|     126.00 |      2 |      49.60 |MO
TAY490|W95|20250930|621230|6T18M/STER     |20250924|     150.50 |      2 |      63.78 |MO
TAY490|W95|20251130|621375|4T18L/STER     |20251117|      63.00 |      1 |      24.80 |MO
TAY490|W95|20251130|621375|6T18M/STER     |20251117|      75.25 |      1 |      31.89 |MO
TAY490|W95|20251130|621382|6T18M/STER     |20251117|      75.25 |      1 |      31.89 |MO
TAY490|X01|20250430|620695|PS11L/10K      |20250430|     119.00 |      1 |      34.78 |MO
TAY490|Z10|20250228|620454|SR17HB/STER    |20250227|      79.00-|      1-|      44.77-|MO
TAY490|Z10|20250430|620572|SR17B/STER     |20250402|      92.75 |      1 |      44.77 |MO
TAY490|Z10|20250430|620695|SR27B/STER     |20250430|     112.75 |      1 |      46.01 |MO
TAY490|Z10|20250531|620846|CLAS.MD.L/STER |20250529|     119.75 |      1 |      55.34 |MO
TAY490|Z10|20250630|620916|SR81B/STER     |20250612|     105.00 |      1 |      52.52 |MO
TAY490|Z10|20260228|621683|CLAS.PET/STER  |20260225|     125.25 |      1 |      51.03 |MO
TAY490|Z10|20260228|621683|CLAS.SM/STER   |20260225|     114.50 |      1 |      52.12 |MO
TAY490|Z30|20250331|620501|CLAS.LG/STER   |20250317|     136.00 |      1 |      65.40 |MO
TAY490|Z30|20250331|620535|CLAS.MD.M/STER |20250324|     134.00 |      1 |      57.89 |MO
TAY490|Z30|20260131|621609|CLAS.MD.M/STER |20260128|     124.00 |      1 |      70.80 |MO
TAY496|S20|20250430|620638|FAM.RING/STER  |20250416|     144.75 |      1 |      61.76 |MO
TAY496|S20|20250430|620682|FAM.RING/STER  |20250424|     144.75-|      1-|      61.76-|MO
THO502|C01|20250131|620337|S36HM/10K      |20250114|    1147.00 |      1 |     344.35 |MO
THO502|C20|20251231|621473|S36HM/STER     |20251208|     117.50 |      1 |      60.09 |MO
THO502|C20|20251231|621572|S36HM/STER     |20251218|     117.50 |      1 |      60.09 |PH
THO502|C20|20260131|621605|S36HM/STER     |20260126|     117.50-|      1-|      78.97-|PH
TOT110|E40|20250331|620547|ENGRAVING      |20250327|       3.50 |      1 |       0.00 |PH
TOT110|E40|20251231|621538|ENGRAVING      |20251216|       5.50 |      1 |       0.00 |PH
TOT110|F01|20250630|621000|F134/10K       |20250626|     355.00 |      1 |      92.25 |PH
TOT110|F01|20260331|621700|F1377/10K      |20260302|     983.50 |      1 |     505.92 |PH
TOT110|F05|20250630|620865|1925/10K       |20250604|     256.25 |      1 |      64.55 |PH
TOT110|M10|20250131|620361|MISC-SALES     |20250122|      50.00 |      2 |       0.00 |PH
TOT110|M10|20250331|620549|MISC-SALES     |20250327|      50.00-|      2-|       0.00 |PH
TOT110|Q30|20251231|621538|C21/STER       |20251216|      29.75 |      1 |      12.11 |PH
TOT110|R10|20250131|620338|REPAIRS        |20250114|      70.50 |      1 |       0.00 |RP
TOT110|R10|20250331|620548|REPAIRS        |20250327|      25.00 |      1 |       0.00 |RP
TOT110|R10|20250930|621234|REPAIRS        |20250930|       0.00 |      1 |       0.00 |PH
TOT110|R10|20260131|621588|REPAIRS        |20260115|     130.50 |      2 |       0.00 |RP
TOT110|W40|20250930|621234|S300RL/14K     |20250930|     336.25 |      1 |      73.95 |PH
TOT110|W60|20250331|620547|6T58M/10K      |20250327|     854.50 |      1 |     224.11 |PH
TOT110|W95|20250531|620763|WEDD/STER      |20250512|     138.00 |      1 |      21.50 |PH
TOT110|W95|20250630|620865|WEDD/STER      |20250604|     138.00 |      1 |      21.50 |PH
TOT110|W95|20250630|620986|WEDD/STER      |20250624|     138.00-|      1-|      21.50-|PH
TOU499|E40|20250430|620602|ENGRAVING      |20250409|      10.50 |      3 |       0.00 |PH
TOU499|E40|20250430|620689|ENGRAVING      |20250430|       3.50 |      1 |       0.00 |MO
TOU499|E40|20250731|621056|ENGRAVING      |20250721|       3.50 |      1 |       0.00 |PH
TOU499|F01|20250630|620868|F2584/10K      |20250604|     641.00 |      1 |     156.51 |PH
TOU499|J30|20250930|621192|BR5/STERB      |20250910|      53.00 |      1 |      23.34 |MO
TOU499|J40|20250930|621192|BR4/GFB        |20250910|      53.00 |      1 |      23.34 |MO
TOU499|N30|20250930|621192|20F---50/GF    |20250910|      23.75 |      1 |       8.40 |MO
TOU499|N50|20250930|621192|21/STER        |20250910|      55.75 |      1 |      24.36 |MO
TOU499|N50|20250930|621192|D1/STER        |20250910|      34.00 |      1 |      14.71 |MO
TOU499|N50|20251031|621252|29A/STER       |20251008|      59.25 |      1 |      26.55 |MO
TOU499|N50|20251031|621252|70C/STER       |20251008|      85.00 |      1 |      38.90 |MO
TOU499|N50|20251031|621252|S11/STER       |20251008|      59.25 |      1 |      26.55 |MO
TOU499|N50|20251031|621252|S13A/STER      |20251008|      59.25 |      1 |      26.55 |MO
TOU499|N60|20250930|621192|D3/GF          |20250910|      33.25 |      1 |      13.11 |MO
TOU499|N60|20251031|621252|S13/GF         |20251008|      59.25 |      1 |      26.55 |MO
TOU499|N60|20251031|621252|SM3/GF         |20251008|      59.25 |      1 |      26.50 |MO
TOU499|N60|20251031|621252|T70A/GF        |20251008|      85.75 |      1 |      39.46 |MO
TOU499|N80|20250430|620602|100/STER       |20250409|      45.50 |      1 |      18.66 |PH
TOU499|N80|20250430|620602|102/STER       |20250409|      47.00 |      1 |      19.61 |PH
TOU499|N80|20250430|620602|105A/STER      |20250409|      55.75 |      1 |      24.92 |PH
TOU499|N80|20250430|620602|27/STER        |20250409|      33.00 |      1 |      13.98 |PH
TOU499|N80|20250430|620602|98/STER        |20250409|      35.00 |      1 |      15.18 |PH
TOU499|N90|20250430|620602|103S/GF        |20250409|      47.00 |      1 |      19.61 |PH
TOU499|N90|20250430|620602|106N/GF        |20250409|      58.00 |      1 |      26.37 |PH
TOU499|N90|20250430|620602|107C/GF        |20250409|      63.75 |      1 |      30.00 |PH
TOU499|R10|20250430|620602|REPAIRS        |20250409|       0.00 |      2 |       0.00 |PH
TOU499|R10|20250930|621192|REPAIRS        |20250910|       0.00 |      1 |       0.00 |MO
TOU499|S50|20250731|621056|C553MA/14K     |20250721|    1412.00 |      1 |     320.15 |PH
TOU499|U01|20250430|620689|RN301B/10K     |20250430|     525.00 |      1 |     130.23 |MO
TOU499|W01|20250430|620602|4T18L/10KY     |20250409|     435.75 |      1 |     105.32 |PH
TOU499|W01|20250430|620602|6T18M/10KY     |20250409|     693.75 |      1 |     169.39 |PH
TOU499|W01|20250430|620611|3T00RL/10KY    |20250410|     411.00-|      1-|      93.26-|RP
TOU499|W40|20250430|620612|3T00RL/14KW    |20250410|     637.50 |      1 |     143.31 |PH
TOU499|W60|20250430|620602|5T10M/14K      |20250409|    1111.75 |      1 |     281.61 |PH
TOW350|B70|20250630|620882|CHS13B/10K     |20250605|      84.25 |      1 |      22.89 |PH
TOW350|B80|20250331|620544|CHS13B/STER    |20250326|     120.00 |      4 |      49.04 |PH
TOW350|B80|20250630|620882|CHS13B/STER    |20250605|      30.00 |      1 |      12.26 |PH
TOW350|M11|20250430|620598|SCHBRO1        |20250409|       0.00 |      1 |       0.00 |PH
TOW350|S01|20250731|621040|1302HEM/10K    |20250716|     323.75 |      1 |      84.39 |PH
TOW350|S50|20250630|620882|1066.ON-I/10K  |20250605|      72.00 |      1 |     127.74 |PH
TOW350|S50|20250630|620882|C528SILV/10K   |20250605|     116.00 |      1 |     182.72 |PH
TOW350|W95|20250630|620882|WEDD/STER      |20250605|     120.00 |      1 |      21.50 |PH
TOW350|X20|20250630|620882|DT100/STER     |20250605|      90.00 |      1 |      27.72 |PH
TOW497|D60|20250731|621069|DIE-CHARGE     |20250724|     200.00 |      1 |       0.00 |PH
TOW497|Z10|20250731|621068|CLAS.MD.L/STER |20250724|     119.75 |      1 |      55.34 |PH
TOW497|Z10|20250731|621068|SR51B/STER     |20250724|      92.75 |      1 |      44.77 |PH
TOW497|Z30|20250731|621068|CLAS.LG/STER   |20250724|     272.00 |      2 |     130.80 |PH
TOW497|Z30|20251231|621483|CLAS.LG/STER   |20251210|     136.00 |      1 |      65.40 |PH
TRO524|W80|20260228|621656|5642L/10K      |20260212|    1098.00 |      1 |     691.21 |MO
VAI495|E40|20251130|621357|ENGRAVING      |20251110|       5.00 |      1 |       0.00 |MO
VAI495|N30|20250228|620425|13R---60/GF    |20250219|      24.00 |      1 |      11.60 |MO
VAI495|N30|20250228|620425|13R---65/GF    |20250219|      25.75 |      1 |      12.70 |MO
VAI495|N30|20250228|620425|F60-30B/GF     |20250219|      70.00 |      2 |      18.00 |MO
VAI495|N80|20250430|620639|33C/STERB      |20250417|      39.75 |      1 |      18.12 |MO
VAI495|N80|20250430|620639|93C/STERB      |20250417|      36.25 |      1 |      15.88 |MO
VAI495|Q01|20251130|621357|C21/10K        |20251110|     165.75 |      1 |      34.71 |MO
VAI495|R10|20250531|620743|REPAIRS        |20250508|       0.00 |      1 |       0.00 |RP
VAI495|W01|20250430|620639|6T18M/10KY     |20250417|     703.50 |      1 |     169.39 |MO
VAN201|C20|20250630|620923|S185M/STER     |20250617|     126.75 |      1 |      58.42 |MO
VAN201|C20|20250630|620923|S31HM/STER     |20250617|     111.25 |      1 |      46.33 |MO
VAN201|C60|20250131|620390|CJ-P/10K       |20250131|     846.00 |      6 |       0.00 |MO
VAN201|C80|20250131|620390|CJ-P/STER      |20250131|     159.00 |      6 |      79.20 |MO
VAN201|C90|20250131|620390|CJ-P/ALLOY     |20250131|     420.00 |     20 |     123.00 |MO
VAN201|E40|20250131|620389|ENGRAVING      |20250131|       3.50 |      1 |       0.00 |MO
VAN201|E40|20250430|620604|ENGRAVING      |20250410|       3.50 |      1 |       0.00 |MO
VAN201|E40|20250630|620892|ENGRAVING      |20250609|       6.50 |      1 |       0.00 |MO
VAN201|E40|20250630|620923|ENGRAVING      |20250617|       3.50 |      1 |       0.00 |MO
VAN201|E40|20250630|620923|ENGRAVING      |20250617|       7.00 |      2 |       0.00 |MO
VAN201|E40|20250630|620949|ENGRAVING      |20250623|       3.50 |      1 |       0.00 |MO
VAN201|E40|20250731|621022|ENGRAVING      |20250709|       3.50 |      1 |       0.00 |MO
VAN201|E40|20250831|621144|ENGRAVING      |20250819|       3.50 |      1 |       0.00 |MO
VAN201|E40|20251031|621310|ENGRAVING      |20251023|       3.50 |      1 |       0.00 |MO
VAN201|E40|20260228|621657|ENGRAVING      |20260217|       3.50 |      1 |       0.00 |MO
VAN201|F01|20251231|621482|F2578/10KTT    |20251210|     851.75 |      1 |     466.85 |MO
VAN201|F01|20260131|621590|F2530/10K      |20260115|     351.00 |      1 |     216.00 |MO
VAN201|F01|20260228|621686|F2520/10K      |20260225|     366.50 |      1 |     198.67 |MO
VAN201|Q01|20250630|620892|12NS/10K       |20250609|     342.75 |      1 |      68.57 |MO
VAN201|S01|20250731|621073|1981/10K       |20250724|     337.50 |      1 |      72.06 |MO
VAN201|S20|20250131|620389|DAUGHTERS/STER |20250131|      78.00 |      1 |      30.61 |MO
VAN201|S20|20250731|621073|DAUGHTERS/STER |20250724|      74.00 |      1 |      30.61 |MO
VAN201|S20|20250731|621073|FAM.RING/STER  |20250724|     143.75 |      1 |      61.76 |MO
VAN201|W80|20250331|620565|5037L/10K      |20250331|     345.75 |      1 |     114.90 |MO
VAN201|X01|20251130|621341|DT98SM/10K     |20251105|     543.50 |      1 |      98.39 |MO
VAN201|Z01|20250731|621022|SR13B/10K      |20250709|     305.25 |      1 |      83.43 |MO
VAN201|Z10|20250131|620389|SR27DB/STER    |20250131|      94.75 |      1 |      46.01 |MO
VAN201|Z10|20250430|620604|CLAS.PET/STER  |20250410|      92.00 |      1 |      44.40 |MO
VAN201|Z10|20250831|621144|CLAS.PET/STER  |20250819|      92.00 |      1 |      44.40 |MO
VAN201|Z10|20251031|621310|SR109D/STER    |20251023|     129.00 |      1 |      64.99 |MO
VAN201|Z30|20250630|620923|CLAS.LG/STER   |20250617|     144.00 |      1 |      65.40 |MO
VAN201|Z30|20250630|620926|CLAS.MD.M/STER |20250617|     124.00 |      1 |      57.89 |MO
VAN201|Z30|20250630|620949|CLAS.MD.M/STER |20250623|     124.00 |      1 |      57.89 |MO
VAN201|Z30|20260228|621657|CLAS.MD.M/STER |20260217|     144.75 |      1 |      70.80 |MO
VAN519|C01|20250531|620814|CJ-R/10K       |20250522|    1400.00 |      1 |     216.08 |MO
VAN519|C01|20251031|621325|CJ-R/10K       |20251030|     627.00 |      1 |     216.08 |MO
VAN519|C01|20251031|621325|S32HM/10K      |20251030|    1293.00 |      1 |     255.97 |MO
VAN519|C20|20250531|620746|SM52M/STER     |20250508|     121.00 |      1 |      62.38 |MO
VAN519|C20|20250531|620748|S17B/STER      |20250508|     102.00 |      1 |      50.52 |MO
VAN519|C20|20250531|620814|S17B/STER      |20250522|     102.00 |      1 |      50.52 |MO
VAN519|C20|20250930|621218|S17B/STER      |20250917|     102.00-|      1-|      50.52-|PH
VAN519|C60|20251031|621325|CJ-P/10K       |20251030|    5225.00 |     25 |       0.00 |MO
VAN519|C80|20250131|620362|CJ-P/STER      |20250122|      30.00 |      1 |      13.20 |MO
VAN519|C80|20250131|620377|CJ-P/STER      |20250128|      30.00 |      1 |      13.20 |PH
VAN519|C80|20250531|620749|CJ-P/STER      |20250508|      30.00-|      1-|      13.20-|PH
VAN519|C80|20250630|620953|CJ-P/STER      |20250623|     117.00 |      3 |      39.60 |MO
VAN519|C80|20251130|621356|CJ-P/STER      |20251106|      76.00 |      2 |      26.40 |MO
VAN519|C80|20260228|621633|CJ-P/STER      |20260205|      30.00 |      1 |      16.35 |MO
VAN519|C90|20251130|621356|CJ-P/ALLOY     |20251106|      20.00 |      1 |       6.15 |MO
VAN519|D60|20250531|620747|DIE-CHARGE     |20250508|     285.00 |      1 |       0.00 |MO
VAN519|D60|20250531|620815|DIE-CHARGE     |20250522|     625.00 |      3 |       0.00 |MO
VAN519|E40|20250131|620362|ENGRAVING      |20250122|       7.00 |      1 |       0.00 |MO
VAN519|E40|20250131|620377|ENGRAVING      |20250128|       7.00 |      1 |       0.00 |PH
VAN519|E40|20250531|620746|ENGRAVING      |20250508|       3.50 |      1 |       0.00 |MO
VAN519|E40|20250531|620749|ENGRAVING      |20250508|       7.00-|      1-|       0.00 |PH
VAN519|E40|20251031|621325|ENGRAVING      |20251030|       3.50 |      1 |       0.00 |MO
VAN519|E40|20260228|621633|ENGRAVING      |20260205|       3.50 |      1 |       0.00 |MO
VAN519|M10|20250531|620749|MISC-SALES     |20250508|      80.00-|      2-|       0.00 |PH
VAN519|N40|20250630|620952|29TGA/10KB     |20250623|     164.00 |      1 |      51.57 |PH
VAN519|R10|20250331|620494|REPAIRS        |20250312|      99.00 |      1 |       0.00 |MO
VAN519|R10|20250531|620816|REPAIRS        |20250522|      25.00 |      1 |       0.00 |RP
VAN519|R10|20250531|620816|REPAIRS        |20250522|      45.00 |      1 |       0.00 |RP
VAN519|R10|20251031|621326|REPAIRS        |20251030|     375.00 |      9 |       0.00 |RP
VAN519|R10|20251130|621414|REPAIRS        |20251126|     272.00 |      4 |       0.00 |PH
VAN519|S01|20250831|621128|1302HEM/10K    |20250814|     323.75 |      1 |      84.39 |PH
VAN519|U20|20250630|620952|FFCWM/STER     |20250623|      94.00 |      1 |      58.04 |PH
VAN528|E40|20250930|621217|ENGRAVING      |20250917|       3.50 |      1 |       0.00 |MO
VAN528|E40|20251031|621261|ENGRAVING      |20251009|       0.00 |      1 |       0.00 |MO
VAN528|R10|20250930|621217|REPAIRS        |20250917|       0.00 |      1 |       0.00 |MO
VAN528|R10|20251231|621466|REPAIRS        |20251204|       0.00 |      1 |       0.00 |RP
VAN528|U01|20250930|621217|RN301B/10K     |20250917|     735.00 |      1 |     130.23 |MO
VAN528|U01|20251031|621261|RN301B/10K     |20251009|       0.00 |      1 |     130.23 |MO
VAN528|W60|20251031|621327|2T83L/10K      |20251030|    1594.50 |      3 |     329.31 |MO
VAN537|E40|20250131|620336|ENGRAVING      |20250114|       3.50 |      1 |       0.00 |MO
VAN537|M11|20260228|621639|EMRBRO1        |20260205|       0.00 |      1 |       0.00 |MO
VAN537|W01|20250131|620336|5T18M/10KY     |20250114|     514.25 |      1 |     138.59 |MO
VAN537|W60|20260228|621639|5T10M/10K      |20260205|    1134.50 |      1 |     668.91 |MO
VAN538|F01|20260131|621598|F2591/10KTT    |20260121|     865.50 |      1 |     456.55 |PH
VAN538|F05|20250731|621019|1879/10K       |20250709|     260.25 |      1 |      71.80 |MO
VAN538|G30|20250831|621121|230-440CL/GF   |20250813|      40.00 |      1 |      33.80 |PH
VAN538|Q30|20250731|621102|C29/STER       |20250731|      52.00 |      1 |      22.72 |MO
VAN538|Q30|20250731|621102|CS3/STER       |20250731|      86.00 |      1 |      40.63 |MO
VAN538|R10|20250430|620592|REPAIRS        |20250408|     130.00 |      3 |       0.00 |RP
VAN538|R10|20250531|620791|REPAIRS        |20250515|     249.00 |      2 |       0.00 |RP
VAN538|R10|20251031|621242|REPAIRS        |20251002|       0.00 |      1 |       0.00 |MO
VAN538|R10|20251031|621243|REPAIRS        |20251006|       0.00 |      1 |       0.00 |RP
VAN538|R10|20251031|621313|REPAIRS        |20251027|       0.00 |      1 |       0.00 |RP
VAN538|R10|20260331|621721|REPAIRS        |20260310|     147.50 |      2 |       0.00 |MO
VAN538|T20|20250831|621145|230-440TB/STER |20250820|      70.00 |      1 |      24.55 |MO
VAN538|W01|20251130|621430|800RM/10KY     |20251127|    1437.00 |      1 |     732.84 |PH
VAN538|W95|20250531|620790|3T18L/STER     |20250515|     189.00 |      3 |      68.55 |PH
VAN538|Z01|20250731|621084|SR21B/10K      |20250730|     394.50 |      1 |     106.04 |MO
VIN334|E40|20250331|620511|ENGRAVING      |20250318|       3.50 |      1 |       0.00 |PH
VIN334|E40|20250930|621203|ENGRAVING      |20250911|       3.50 |      1 |       0.00 |PH
VIN334|F01|20250531|620729|F2537/10K      |20250506|     448.00 |      1 |      99.38 |PH
VIN334|N80|20250731|621029|30/STER        |20250710|      34.25 |      1 |      11.80 |PH
VIN334|N80|20250731|621029|32/STER        |20250710|      33.25 |      1 |      11.15 |PH
VIN334|N90|20250731|621029|30/GF          |20250710|      30.75 |      1 |       9.55 |PH
VIN334|N90|20250731|621029|32/GF          |20250710|      30.75 |      1 |       9.55 |PH
VIN334|W01|20250630|621006|S400RL/10KY    |20250626|     284.75 |      1 |      64.15 |PH
VIN334|W01|20250731|621029|S500RM/10KY    |20250710|     382.00 |      1 |      87.88 |PH
VIN334|Z30|20250331|620511|CLAS.MD.M/STER |20250318|     174.00 |      1 |      57.89 |PH
VIN334|Z30|20250930|621203|CLAS.MD.M/STER |20250911|     124.00 |      1 |      57.89 |PH
WAI517|C80|20250630|620877|P-FF5/STER     |20250605|      42.00 |      1 |      16.09 |MO
WAI517|N50|20251130|621374|7E/STER        |20251113|      80.50 |      1 |      36.23 |MO
WAI517|Q01|20250831|621163|C21/10K        |20250827|     147.00 |      1 |      34.71 |PH
WAI517|Q01|20250930|621194|C21/10K        |20250910|     147.00-|      1-|      34.71-|PH
WAI517|Q01|20251031|621239|C21A/10K       |20251001|     387.00 |      1 |      56.11 |MO
WAL530|M11|20251031|621267|SCHBRO1        |20251014|       0.00 |      1 |       0.00 |PH
WAL548|B80|20251231|621567|CHS13B/STER    |20251218|      30.00 |      1 |      12.26 |PH
WAL548|E40|20250731|621067|ENGRAVING      |20250723|       3.50 |      1 |       0.00 |PH
WAL548|M11|20250331|620495|FAMBRO1        |20250312|       0.00 |      1 |       0.00 |PH
WAL548|M11|20250331|620495|SCHBRO1        |20250312|       0.00 |      1 |       0.00 |PH
WAL548|Q01|20250731|621067|CB63/10K       |20250723|     477.00 |      1 |     107.84 |PH
WAL548|Q40|20251231|621567|INIT.SM/10K    |20251218|      41.25 |      1 |      19.21 |PH
WAL548|S01|20251031|621286|C72/10K        |20251020|     372.50 |      1 |      70.05 |PH
WAL548|W80|20250131|620372|5097L/14K      |20250127|     671.50-|      1 |     195.41 |PH
WAL548|W80|20250731|621063|5296L/10KTT    |20250723|     894.00 |      1 |     207.10 |PH
WAL548|W95|20250430|620629|3T18L/STER     |20250416|      59.50 |      1 |      22.85 |PH
WAL548|W95|20250731|621042|WEDD/STER      |20250716|     238.00 |      2 |      43.00 |PH
WAL548|W95|20251031|621240|WEDD/STER      |20251002|     113.50 |      1 |      21.50 |PH
WAL548|Z10|20250430|620629|SR21B/STER     |20250416|      92.75 |      1 |      44.77 |PH
WAL548|Z10|20251231|621505|CLAS.PET/STER  |20251211|      92.00 |      1 |      44.40 |PH
WAL548|Z30|20250731|621067|CLAS.MD.M/STER |20250723|     114.00 |      1 |      57.89 |PH
WEN531|F01|20250131|620381|F140/10K       |20250129|     408.50 |      1 |     120.43 |MO
WEN531|F05|20250531|620764|1925/10K       |20250512|     321.50 |      1 |      64.55 |MO
WEN531|F05|20250630|620858|1925/10K       |20250602|     292.00 |      1 |      64.55 |MO
WEN531|I20|20250131|620341|1BH/STER       |20250115|      16.75 |      1 |       7.16 |PH
WEN531|I20|20250430|620684|1BH/STER       |20250428|      41.75 |      1 |      11.41 |MO
WEN531|Z10|20250630|620858|SR27DB/STER    |20250602|      94.75 |      1 |      46.01 |MO
WIL446|Q30|20250131|620367|CS3/STER       |20250123|      86.00 |      1 |      40.63 |PH
WIL446|Q30|20251130|621413|CT7/STER       |20251126|      59.00 |      1 |      27.04 |MO
WIL446|R10|20250731|621078|REPAIRS        |20250728|      90.00 |      1 |       0.00 |RP
WIL446|U20|20250228|620410|FF2/STER       |20250207|     126.00 |      1 |      75.40 |MO
WIL446|W01|20250131|620367|700TM/10KY     |20250123|     728.25 |      1 |     223.82 |PH
WIL446|W60|20250731|621061|3T61L/10KTT    |20250723|     575.75 |      1 |     147.90 |MO
WIL540|C20|20251130|621404|S39HB/STER     |20251125|     141.50 |      1 |      43.48 |PH
WIL540|C90|20251130|621404|CJ-P/ALLOY     |20251125|     620.00 |     20 |     123.00 |PH
WIL540|E40|20250331|620479|ENGRAVING      |20250306|       7.50 |      1 |       0.00 |PH
WIL540|E40|20251231|621544|ENGRAVING      |20251217|      11.00 |      2 |       0.00 |PH
WIL540|F01|20250531|620812|F2552/14K      |20250522|     936.50 |      1 |     178.71 |PH
WIL540|I30|20250331|620479|5B-20F/GF      |20250306|      41.75 |      1 |      16.44 |PH
WIL540|Q01|20250430|620670|C29/10K        |20250424|     550.50 |      1 |     125.10 |PH
WIL540|Q30|20251130|621404|C40/STER       |20251125|     143.75 |      1 |      44.80 |PH
WIL540|Q30|20251231|621544|C156/STER      |20251217|      46.25 |      1 |      19.20 |PH
WIL540|Q30|20251231|621544|C20/STER       |20251217|      40.00 |      1 |      15.27 |PH
WIL540|W40|20260228|621635|3T18L/14K      |20260205|     665.75 |      1 |     436.61 |PH
WIL540|W70|20260228|621635|DF7T01L/10KTT  |20260205|    1767.00 |      1 |     748.24 |PH
WIL567|F01|20251130|621393|F2594/10KTT    |20251120|     658.00 |      1 |     359.63 |MO
WIL567|F05|20250331|620477|C297/10K       |20250306|     315.00 |      1 |      75.93 |MO
WIL567|Q01|20250731|621103|C23/10K        |20250731|     209.75 |      1 |      53.32 |PH
WIL567|Q01|20250731|621103|C26/10K        |20250731|     231.50 |      1 |      53.32 |PH
WIL567|R10|20250228|620401|REPAIRS        |20250205|      30.00 |      1 |       0.00 |RP
WIL567|R10|20250228|620401|REPAIRS        |20250205|       0.00 |      1 |       0.00 |RP
WOO551|M10|20250630|620969|MISC-SALES     |20250623|      25.00 |      1 |       0.00 |MO
WOO551|N60|20251231|621553|42A/GF         |20251217|     144.50 |      1 |      74.61 |PH
WOO551|Q01|20251031|621283|CS10/10K       |20251016|     388.00 |      1 |      84.72 |MO
WOO551|Z10|20250630|620901|SR27DB/STER    |20250611|      94.75 |      1 |      46.01 |MO
WOO551|Z10|20250731|621062|CLAS.MD.L/STER |20250723|     119.75 |      1 |      55.34 |MO
WOO551|Z30|20250630|620901|CLAS.MD.M/STER |20250611|     124.00 |      1 |      57.89 |MO
WRI281|C01|20250630|620881|S6M/10K        |20250605|    8995.00 |      7 |    2154.25 |MO
WRI281|C01|20250630|620881|S7L/10K        |20250605|     910.00 |      1 |     221.89 |MO
YOR205|F01|20251031|621276|F2552/10K      |20251016|     675.00 |      1 |     122.52 |MO
YOR205|Q30|20250131|620370|C26B/STER      |20250123|      78.25 |      1 |      14.28 |MO
YOR205|Q30|20251231|621438|CS10/STER      |20251203|      55.25 |      1 |      16.16 |MO
YOR205|S20|20250131|620370|FAM.RING/STER  |20250123|      81.75 |      1 |      61.76 |MO
YOR205|S20|20250430|620632|FAM.RING/STER  |20250416|     143.75 |      1 |      61.76 |MO
YOR205|S20|20251130|621348|C95/STER       |20251106|    1080.00 |     12 |     513.24 |PH
YOR205|S20|20251231|621463|DAUGHTERS/STER |20251204|      91.25 |      1 |      30.61 |MO
YOR205|S20|20251231|621463|FAM.RING/STER  |20251204|     126.00 |      1 |      61.76 |MO
YOR205|S20|20260131|621606|C95/STER       |20260126|      98.00 |      1 |      47.99 |PH
YOR205|Z01|20250430|620632|SR61DL/10K     |20250416|     725.00 |      1 |     163.94 |MO
YOR205|Z10|20260331|621719|CLAS.SM/STER   |20260309|     134.50 |      1 |      52.12 |MO
YOR205|Z30|20260331|621717|CLAS.LG/STER   |20260309|     163.25 |      1 |      82.24 |PH
YOU544|C20|20250930|621201|S6M/STER       |20250911|     126.00 |      1 |      65.40 |PH
YOU544|C20|20250930|621201|S7L/STER       |20250911|     548.75 |      5 |     276.70 |PH
YOU544|C20|20251031|621255|S7L/STER       |20251009|     109.75 |      1 |      55.34 |MO
YOU544|E40|20250630|620959|ENGRAVING      |20250623|       3.50 |      1 |       0.00 |MO
YOU544|N70|20260228|621673|59/10K         |20260219|      43.00 |      1 |     143.55 |MO
YOU544|Z10|20250630|620959|SR81B/STER     |20250623|     105.25 |      1 |      52.52 |MO
